file,bytes,sha256
.gitattributes,147,3ec682fcdea8bae0be80fc12d49d772440fb64633193a41d1498eda4e011b14a
.gitignore,70,8b002503972901877c3578a473e327249ff041e1c4cb670b0a789f66e2d03452
README.md,9028,fdfe8af28c32ebd96805478f6448021fd928c74a31a2156574c683ce7488b35f
RELAUNCH.md,8342,e291a7d8ccb4c7cffa0cfee51d622a964567845722cf42a642e160c9fa3fe964
airdrop_batches.json,70068,9c31cb10b799b9a52b2639df466ad1aba7841593e6d940eafd2df3484be12a98
collection_summary.json,829,5c9086c0c185d4367a5824f2b4b41bfc3f7d0456bfcd3807d6be5dc6c508774d
contracts/NiulaiV2.sol,4880,ae02353eb05272288a7c8111a11b483ac24f2ffc1c4a11977879e972507b1c38
holders_airdrop.json,33494,1e27e3498e21117c560804bcd9834078815cb33e68224994528b7e634baf8c13
holders_snapshot.csv,47860,118e22446c89fe979b94f0209c919b9ce6e4656c74ebe5f4d8cf9a0fb6088c9b
images_webp/0001.webp,56132,6871c49f8cd9f488b2f871745c5147ef47d77549d2e4eb5eace7993c730a0e94
images_webp/0002.webp,58826,d9f7407fc3a6bb91a02c021e245515c2093dce18c8a36a5d98c2fb97c9f497a6
images_webp/0003.webp,68792,23d58c95a55d78a0d0cfb8d6c12f91c35f8fbb61d7fdc7cd8ea40a07861f93e9
images_webp/0004.webp,63340,b67b9e85ae2325d6761c9f508a395700a08aaed7739dbb96be4f3dded445923d
images_webp/0005.webp,60896,ff2effdf0e32c6e4c90e22b4954339aafb145d61afd6c9261e0f120c11c1571d
images_webp/0006.webp,87940,aba7f7727df7443f9d38f0f9eacaadda5b6c005eb534d86eb5d44409c844ea9e
images_webp/0007.webp,97324,81494b30de6ca0318d409ee6a1c78fd884259d10aac4ba84b7125306af317db4
images_webp/0008.webp,61624,8ba2856defb7f8e4e83324c6562cc670e8b5178aa7959f2247b5dc72a4e790a0
images_webp/0009.webp,69706,73fa00a3dfbbc7ef8c47af102679ac28cbc99ab581f3cccff7af0a7c99433ff0
images_webp/0010.webp,61824,8b2ad2afe170456d891fa97d2d6fab653154c8e4468bedf7a8ca792338dc6b5f
images_webp/0011.webp,65132,de62e2e78d5ac11b49a81920b65b5feb1c67802d4087bf5b8ee5e6d2578e28a4
images_webp/0012.webp,80360,14515a0068816ca2f933665259827272d5db9abe65b6752310057f2120f27768
images_webp/0013.webp,92080,6f10000b0ccf1bb6fca79a8c1abb07dfbfd1bd65b9957d92d3b28704f8550c8e
images_webp/0014.webp,55874,7f7964a5ce3b32c5b13146c8a26e1328359f86b25f828399974dd10cdeaa0eb0
images_webp/0015.webp,61788,8453b4c6d26df2bd8158a231518cc2b312bbaa544891b93fd85215866b3004f9
images_webp/0016.webp,103978,82c75a7fea523306b21cd1fd75aa364d3bbadcb802b9c856da8538abd367f442
images_webp/0017.webp,90302,98c606862e964e2a61178bb5fd54f92dcb232eb9536f398a8eabab2a8d7a979a
images_webp/0018.webp,111902,4986dfa84e7c79728218549a09e70b6b571a1352b2bf577b58b9059abe73535c
images_webp/0019.webp,71358,0066ddcd18f4edb31467bcf07012017dc75ae222d6b610fa5449239846754ccc
images_webp/0020.webp,101732,6e7e775b38762712cbf696adc39b23064d9faa5e525b5037f6a7570341e3ffef
images_webp/0021.webp,128058,a6d65225a0a6faee81c4d9781780d10bd364877c9d2f7c31d75db1e2b3f04727
images_webp/0022.webp,75134,ee2f7e05c97e0c27dbc2a58f65367fd2724d8def4e10458bb7e547cd3f7ad40b
images_webp/0023.webp,58690,b653433cb5d1c5d8f10af593241b4cbe9482702c93e2f1579faefb349399de57
images_webp/0024.webp,83598,7e28aea0a3ebedb4ad077fcb5d22537da1b4d5d3f217a4e976e0e8a383bf3a23
images_webp/0025.webp,59584,918ddf991ff8eb41e47eb54e3cf43cff3b1cc65cf683b1bbffaf4c7f0156b496
images_webp/0026.webp,97340,4a08e8e353acc89c1419aa12ce9907c82ab4052a0fa67496714d80b09f5d36ed
images_webp/0027.webp,52028,9f9fdb4f5d7faae2e0cf6c3c9c2b230f9d5a0b547bf5e27665cb4783c264546f
images_webp/0028.webp,75220,8aee42563d826a6eacdfd7ad8307820c975843b9c46aa30025de917061e178bd
images_webp/0029.webp,57924,8dbfe26cb613582ce974df5e51f0be13f144ac9a30bf1669584732c35493c20b
images_webp/0030.webp,67982,b780bef9b897b495cd2f7e4e8df6af97f93c1d62c55e26d2a26df59ba49eb94c
images_webp/0031.webp,95018,aef1c0ad4973ee854414ea60389cf4b214e8ad3e9925a71771a2536bc8e0b340
images_webp/0032.webp,63486,2c65f5a640126c0daf999994f8fe6d14d8d76e12089f7e774cbf69c58607d173
images_webp/0033.webp,74604,bc95be7a2b18965292b7a77e5362e38f9ac3ff53af5e628a3e23fc44f1b8af3f
images_webp/0034.webp,127530,05755f501836078b435881575e916667427460f990f8ab0e1d8ee908578630ec
images_webp/0035.webp,103210,2128ffa7b538a60f23e1df2d20bd10cf58d73e90022cb9958f0c37a5e7594e77
images_webp/0036.webp,66190,b156e21cefe6761c16309d3614ef5929e2b0469e3c482c77394e8aa4db2393a5
images_webp/0037.webp,73724,8c590656707c17928d9b9e1c93e632138797ab67deeddd1969deebdf6cd41e62
images_webp/0038.webp,66450,cefecd80d389866c9062e727aad6a5b4290f4744dea0aafed96985ad3e48c6e5
images_webp/0039.webp,65348,236abdf232ac01d9f5e4180e2ee82a26b287ca50930a4df4227c87638230e494
images_webp/0040.webp,65328,1ecd2a1aa2db89b181ac33e3af25061ae8c274456f1a7e413d95ed91aae217c8
images_webp/0041.webp,73178,9de337b57145693add1577d87f90ca316849d356d231695a3aef6019f14df39f
images_webp/0042.webp,122608,329d43df2c441b1a0d64a605f50c3c63743a0acdaa5938b291d82c96349c8964
images_webp/0043.webp,59550,6b3297e6c351df36440b54ab0d59328c355c046fbd58863ce860d024081be8b5
images_webp/0044.webp,88008,4abaf0663590465b1338f54a75b27a90e7ab77da3dc7d05bd6e566f93f7ae9ba
images_webp/0045.webp,80214,d933c38f5b50f81d940de4c321f75a512a8e1fbe0d0363ef85bfe37d4e33fd75
images_webp/0046.webp,106864,2a0456c172d9b552255dfef32199fc89c71223f69f0de3ff9a3c5602266e717f
images_webp/0047.webp,93422,0de32df5e74b062941ddc9cf8a681f0a68fe8b5076861a59835a85d0ee7a5ce7
images_webp/0048.webp,70812,4409b84f1ecf29e8d6b1d8a9bfdc7dc90f4709e1f6db29ae8b9e23c64b2e3e17
images_webp/0049.webp,154400,1f25369abe0ebbabc66fbc0303c9be70dfc629926b719fd6724a8401c08ae417
images_webp/0050.webp,85652,7c4184b7f06243af2a3ff922f7f0b4863ff93125a412fae94fd92801676fad48
images_webp/0051.webp,82988,f56306a6d0a92fa7392e77f98cbbe1027ec961dd66e02220b444ff355ffe3e32
images_webp/0052.webp,81836,b8f4e19d0a26fef48ef2a62fd6b653ca19baa095185eb957b7236ade5f55d2da
images_webp/0053.webp,94410,7a182f38288a97f6440b210bf1724674b44c97ebd8d73de9569426866fe99ef0
images_webp/0054.webp,123178,1972b43c0d27b6e69ddd91fc0a1770edf2ba549d31f75b035d1e1c0b4f2e6f56
images_webp/0055.webp,76524,0bc1488b9256248305b61aeb137896d736b661b4be20b211de4b75a4a511c3ee
images_webp/0056.webp,77010,e7e18f2fc1d775decdf4b163291fe760a8e06701f1ee3d8dd62aec49a8cfee49
images_webp/0057.webp,58216,62082bb4aff7c0e4e933541855021190040636d7fe7c45f797cf8ba878702c8d
images_webp/0058.webp,90620,139a1cf993a3bdc9e0816d8a7922708c9f0f87bde189958e3e72e82ee50ea1b6
images_webp/0059.webp,84234,ed879149a50e400c398088df53654447cb23bff51dd64717b31188715c2e9610
images_webp/0060.webp,66672,1baf0aeb08480294fe99a9e9d56f75d52d4237a9001fe985bd61d574760b7a4d
images_webp/0061.webp,135500,757d89f75fba441b784b0849380038bc7a45fd896946e04882b39b5ce445960d
images_webp/0062.webp,91718,b4172b30dc498d86f87c196decc3fb0a0437455c2f479a637e9b6daf4da18110
images_webp/0063.webp,92012,7f550763065245b8070dbdf47240e477ceee8b7b061c642fb55224d1e61caf01
images_webp/0064.webp,133342,0342efe77158ace441103df496a2fbe4be5a4ac9110c22becc43c59dfffc58f0
images_webp/0065.webp,88798,17445c56a560de4a7b6328515cc5369767e7cf29b65331474e63f95581226ba5
images_webp/0066.webp,63214,030839dc8545f810774f8e7e1431b0e9117e2630da9923ef59c24cc312dcca4b
images_webp/0067.webp,134816,e5f2eaefc5038a6d80a74f3733280166296e9fd86e6c4f5984883a41d79122fb
images_webp/0068.webp,111714,071181acbffc90971afd31083dc6dd9e4717036ee346a57128bf4ef996555ff7
images_webp/0069.webp,141468,4f285151b2fb1575de66f30efbf72e9579594fd00dfcf9d835c5f43520c30b9b
images_webp/0070.webp,67772,f393585b32f9e04072a00da6d7a7ad0c448a162d81711b4bc8b49aab85797e9e
images_webp/0071.webp,80126,69e54bb46a7226c3f61762adc343727d8818b81368aa1f75fc243b7274f1c81e
images_webp/0072.webp,79872,027485125d28a62d8220fbf02e7658b6bb1492dd62dcb594f282aefa9e9f7b47
images_webp/0073.webp,81706,99d6949c2f5ad48a24ee3a6ca67762325ed787cd1f53e1af64294e70d3674ec3
images_webp/0074.webp,53008,dd3b9bb843b318f63b2bceb96bab5f3ba1724a9e8a6b3cb9cfb539a60e602cbc
images_webp/0075.webp,70816,68b234d4205b09a737834e30b46ab32ac57cd8ecbf7e6e75048bb4ef6c2e4f41
images_webp/0076.webp,74582,61a1cc9007c2a68b5f35382b685c99ec2f33090d5a3304e9bfbd56e843b9dd00
images_webp/0077.webp,126632,ac8d022e6328824907c61ad0b404a30fbbd62ca42ebf3cbd34d403694008e92b
images_webp/0078.webp,78850,743bd340f12ceefe73e0a7f639618f1db165f826f007bb7143dd2e976d8d81a1
images_webp/0079.webp,62700,16573359ccce6863d6456b60c4e21e6d656f26a057dbbdadb302640d523fb944
images_webp/0080.webp,51896,3ec7f0f13e2720a20536b72b162dbc33e320f07cd6c63ba881fa34ec25e748a9
images_webp/0081.webp,63686,f8ec8da7495b81d955aeade8302d01fe35fabc5b6fba4a8f42d1de3ffa424997
images_webp/0082.webp,147848,1bf0c61fae2a52e855a62eb9c6255ea60f34fe0bea5f652137247c35308a49ea
images_webp/0083.webp,67742,785bf9496666154d893095bdca8f0b9ddc0d630b8b6bec0b755e6ab2f161fcce
images_webp/0084.webp,86966,adf744f8bdcbe4ef109247a0d70a87118671e46a81331e71eb3d628590b4aae8
images_webp/0085.webp,129134,4dd1d8084acfc7878d00213a3c2c002338b4c5dd3c6de582c5299bd3cf957fa3
images_webp/0086.webp,72826,7f2cbf8a162ddaddfa66f4ed72ac739493362e99edb4025acb657601d98fdc62
images_webp/0087.webp,89398,ed8eeacb27dc440c70dc1aaec00daf951b62285ea07480ad49bd2da122ef8a96
images_webp/0088.webp,84454,c1f782e9d8007841df137781bc1d0f8be6ba629a44083df42dd6eba0fb94aa21
images_webp/0089.webp,64608,e2583bc897f68a3599f07118c5762683c8d419a024f514ef74bdc916b99fd053
images_webp/0090.webp,82684,a4e62e94204f9e5a91afe2185b663f47878450b0b10c96a29524ddaa4ad1eafe
images_webp/0091.webp,65428,06c24d14209cc2bd61c63f056a22b9cdd685be996becdb9160c1faabd7600578
images_webp/0092.webp,73354,9c47f83a55c3b9ab60f425cbbcf67fbd5db1d30e3620dd033201cd1b9aa4d595
images_webp/0093.webp,52278,dcee81f34067b06d14166c4f074d46135cf3060d43723b4dc8ebfde6073f0317
images_webp/0094.webp,72002,888b7104325d3796873ff717f75b1720fbd620e1f4cb109bf6a21aeab0697fdb
images_webp/0095.webp,77280,efa0f1795e386ae906125c86ab2ab8cdfa75a47d3237a68fbd59377b81b6a41e
images_webp/0096.webp,67290,e8d216008f636eab56d752f7dee73c09819646796c76d5b85179bcc066f3c1c5
images_webp/0097.webp,66486,b2409b253cfdf502e15e700d8dbcddb138fd73565803b23e4360e29d0a09702e
images_webp/0098.webp,85734,4a9d48ef7296fee08c00277c8d7fad0f69e92cb9dcbb6efe0823ae37d7efd3f2
images_webp/0099.webp,81116,3cc55cfa074772957c0fb2f360fd95f20f3673c2a8e7c0bb4ccd52861024f91d
images_webp/0100.webp,82432,12b8d22a7ea149e8144cc9eea03b4c3a3e3d746bbc6c31fb5fcb189be5521181
images_webp/0101.webp,79352,8b375432c5d83486695ae96ff0cc1fd1cd765f7778269ca85ef8dfb0b5775094
images_webp/0102.webp,56900,46ffa44369199fc52aea8ce31bf52d92527749f49bbe577ced5f75cd048139a6
images_webp/0103.webp,61642,116ba68f5088031c5e748e6bbde6464fdc60f287b4c183cc0421360d7d9eaf92
images_webp/0104.webp,49106,25dd99aa1fbb75a339d938c4b7c8d34040269bb630ac0a51f95acdf3abb7de68
images_webp/0105.webp,103450,34e6bad4a4b6f1342b2c8d95a27ba6f645dff7a2991b8abf220c9905acd810f0
images_webp/0106.webp,60750,f6e06d05cc076bfa0d8e6563d9d8028e416b7099a1246abda56d15548cba1f14
images_webp/0107.webp,87980,7fb5256456c42a18798f00ef00d7774393eb2711d653f6cf86212b0f2fb78d0f
images_webp/0108.webp,50168,378f87c64a836641656bc4d0d8aae76d228a340577603300378122223bd7d42d
images_webp/0109.webp,64832,17d186ffdc79aaafb02afaf2dc4b2725e0b46687b5814da36f745a5df13c93b7
images_webp/0110.webp,69706,aca934618287bebc72a15723750b9c177a689a87fab80ac1fec15a6a0be278e3
images_webp/0111.webp,101338,b724de3877cbfd00928170a79cc614914eb606ae126225188fbfd40195c2c40c
images_webp/0112.webp,69392,a42d1e12a8861a1d7f21b287081ca8efde2db150b736ba5e1f860132438a4c38
images_webp/0113.webp,64300,b7a6cf7f28bdfa8e0d170fd0d22356607d9cee01432c508167e784616f9e1cae
images_webp/0114.webp,72622,ff0f95575527e9f515bbc98b3c903ef4131948146baf7cf4a4753f2c5930aaea
images_webp/0115.webp,109688,30fa17b372a6c50b208e850d9fe9b7a301926afba0c3e33c876dcd17948d7ccb
images_webp/0116.webp,91194,1d386eae533b7ce3b35ec0c055bc59af9f143458b4fd738273809f0b1a41efaa
images_webp/0117.webp,135034,e02ad94cfec540f5d0111bf87c96b6716729152d73cfa97d26cb30a3ed937fe2
images_webp/0118.webp,91180,a64023e87c3ee3902ed6f5b941cfe1f1d3fe2cfeb9e1563b0893dcf4d1133312
images_webp/0119.webp,80470,adf134d7a291852974fb6de5e0d067cb82e8d3cad726aff2cac5ad960b42f528
images_webp/0120.webp,116008,984f7112fff5e446a8f668a4190bf210a2ae4e9cfa1762437fe8db93bdbdcf68
images_webp/0121.webp,77662,827d20d1671f104cfb1bfc490ce6ba8c19b2358a01f5fcb864f4b8df35f2a94f
images_webp/0122.webp,102742,f3a3b0ef37b6793930e3006f7afe7527b5e31d62e472f22216cd2929f1e82a04
images_webp/0123.webp,93908,9b9277498b17cc2e2658753ac7a4d7c540787affb69f186deac0bd9164f61572
images_webp/0124.webp,56592,33435008481d0ce9006ce4019002c728c787541ef31a0b540dda9025c1a61956
images_webp/0125.webp,83292,d707b1885e4aaec0e910c5e31fe37c29be3d55ab4536440c5585500cc4b7bc51
images_webp/0126.webp,58836,f58481e4ec0975e2bbc05c8e89dcd6d78f31c0114ee89df8c21b94f640ea32d7
images_webp/0127.webp,65948,eb94649c5f829692317cab55ddc341d545e6eed2a7efc7d656320cf778b35e60
images_webp/0128.webp,81526,753bc7e91db0600249f4878cc52c590c9353be8e50c2378b06ea75a531f7f3f7
images_webp/0129.webp,129552,92a97a9a40634612727e2a08e69b42028dc0659de10cf554a2416df50f94a6cd
images_webp/0130.webp,60040,17f297ff07a62ecef110ac77f78213b4ea50113efa64d498508d4b5132421380
images_webp/0131.webp,140940,d924f31cbfaff99fda30efab00ed9b71d4206386fd350edbe4184ce833f281df
images_webp/0132.webp,73662,c9c809a53f3c8f0fc3e83dad497f8ff59c6d17e6c4edc77e8e95e495b175018b
images_webp/0133.webp,61880,2e7dc1519ae7a06e532bf883698779695775e8a173f0b3cb10c2244fa680c37c
images_webp/0134.webp,73578,88f65556302f52ce98121dc7c450ef21d54a6740a599e76044de9e7192642768
images_webp/0135.webp,84840,ca10ce44414f1a4463ef642eb95a695ac33bbda7e639dcfc058aaca7140af9e6
images_webp/0136.webp,73942,04e9aa8af82067695a0e70e71ce7885838a379a2d9dfa08815500b75f0a20fe0
images_webp/0137.webp,102710,1a0f91cf2bf389ac3f884585f63d423aa7eb7468d01992b001d8bfb23f63b6ca
images_webp/0138.webp,61346,33f258296678db4583263caae1f7c8eae6d7a12f5dd3c9babb69c316e2e9be46
images_webp/0139.webp,92896,69089777bd855cadb01008a88f44c253bffef131d9fd21f66fed267234739bf4
images_webp/0140.webp,87188,dd7ac1e7b9f65db80f5327ab8d4ccb17fd76628ebef62503321db3d04c9586cb
images_webp/0141.webp,53880,957c01216600ae2c138456fe937a3a20c10419a69074443c7386fe63499d1c0e
images_webp/0142.webp,76002,0eb2d68de4ec8634ee7c23e41359ab515eb4dfc9ca9f791fda697227f7451235
images_webp/0143.webp,111820,90b438f7b555071c78cec3ae9114675f18491d9716b3330cf76f9a7e637a227e
images_webp/0144.webp,63584,0fa2aeb682093b1aadeb9960e5d2cac18c287791e902458d99a1be269076d1f1
images_webp/0145.webp,132506,e3bfc4c0802e169f09ff0cd047e10c8e2fab75a99f5baf1923e1d32776aa677f
images_webp/0146.webp,67310,9709ce5c90c88e8988c36bbf5bb09c35ae8663b2fde60889888521bee5c270ee
images_webp/0147.webp,70572,9886ff703d21efa49af96f9ef8f7aaa40411d860e427e718bbc05d6c3284e1bd
images_webp/0148.webp,65480,36b5e2c4ac3dd007e22a0294dfb7d16e8a8c4b2f09e32ea73b4e78109f40088b
images_webp/0149.webp,75968,6c0e5021877341a36e591f523da86e0810e02b7821b55790641643c0caffaa3b
images_webp/0150.webp,126104,a7e2bb9a0093de08d46e897278868887da426621812b060b98d1bfce86a3c9f0
images_webp/0151.webp,68380,dba1eb852153ad146af9205f78544600203d0cb85668aeec9d4d50c1e2fa646f
images_webp/0152.webp,74374,f7613dea4b55dab8dab1de8d3cd766dbac7411c06e427917e9ef59354df12586
images_webp/0153.webp,101724,9e2419f0e2637d35097b61dacbe422f4b058dc8ab2f09a66dc438a341e5dad01
images_webp/0154.webp,74180,f24a4424216e64b83acab331791c0799f02524216dbf101fdc2bf7db87388336
images_webp/0155.webp,71494,e18eb282cff9003419fa454806561c7b472eb6f734bb533565665aad06d68335
images_webp/0156.webp,58530,eb162b7df21407614eca92174bade18d4325ad2134c291d6b89d96fe86cba889
images_webp/0157.webp,111408,0ffe19c3547850ae5a7df9c87bc81ae77f29f031fa5ed32bb2397f1c05c67921
images_webp/0158.webp,57742,74d8945a930637c01a7227461b03cda3cbed1fe800b722005e46792523add8fa
images_webp/0159.webp,88590,2bfe061427c80fd64ae94f0e280c10a6430204d42b12b50fa5933b2fe06779f9
images_webp/0160.webp,143728,de3e75cd7aaf46442c948ca38d9372b6a64bf841aa4d61dc6e94f791ff42336d
images_webp/0161.webp,62028,c3a5e48974b33115b77e7b0e8aa0c59277263f100332c487d497b606fae7a226
images_webp/0162.webp,54260,a163f24cee2915cc994f9b277d5f518895fcea130499ee343672242094cadca2
images_webp/0163.webp,55564,43247bc3c5c69e8bb5bb2ca5f7e51cb47cbcec5904b4f202adafcab5dd4c2684
images_webp/0164.webp,46116,743def74971858eca11a2a39a287b1ef00b27092952273976a326e290c7a48af
images_webp/0165.webp,100978,1e9ca411183c882f0477abfc55b3dcdb8f3543a013c4f5ae646bc7aec7d4a3a6
images_webp/0166.webp,83524,75c6f43d687be8b341dd9d367a6a897b4d8ad1573b9093d99f162fa641314d6b
images_webp/0167.webp,89270,86b50638219b602f75f6ee584c3e4e8b3efccbd13d9e97f21aec3f93dc6c3524
images_webp/0168.webp,63800,3ba488788a70a8a281ab075c32c9090aca8b786ae4265963bdb141c21b818dac
images_webp/0169.webp,63182,f1dee8ca1b62b448e964998f017a4c914458151a7355cc38653ea52d5f159193
images_webp/0170.webp,84404,7214505344ff6754aca4710632839c458afb66449bd1a10bde930b7856b6031e
images_webp/0171.webp,58910,d55bf6b93d06dfda63fe784b9bad364eaf3891b63d83173fabc17893152e666b
images_webp/0172.webp,107524,c32db2767d906611bb25e1b23585b04995565ff399fff98bb7b23a050f98c1d7
images_webp/0173.webp,75958,df700dd2768f6743808c380c2b387905270ef745837724c1e50910418d1b1ad6
images_webp/0174.webp,85110,6716309d8651f648e3c4156c85fa9e316abbd1d43f3306886b357b2cf78cd5d0
images_webp/0175.webp,73460,7ccf495f09cbe74a9ea7a0bb99a003bac0898cb109958051519260575430dd3d
images_webp/0176.webp,93008,6c6ae445ad0aba0a9d5fecf7f5e0b0972bbc35108d31ab210375122b83b7246f
images_webp/0177.webp,58954,510d7ecd44c4c04ab7fdccc3d706a57c8e6d41d5886041be5b73dd6931826a57
images_webp/0178.webp,64904,20b584008de945222af95b29b36e81ba551ba013b83d7419eb189c6c7cd31a9e
images_webp/0179.webp,124122,d01895293e85ccdf6f167d706ea25d6deec62e8d93b1dba8644ea5d4e3295240
images_webp/0180.webp,60878,50ec57eb4899e3fd9780eeb524c4ae4ba88698b4e86b334d9d82046319e94f1b
images_webp/0181.webp,123750,70990f2df09d5239f46ff889b8361c8967832208213dbc0fe853b98bf15096b7
images_webp/0182.webp,81728,dcc7351df2cef29d2fc37d6af27d93070f9b308716efe60d99e512734d503831
images_webp/0183.webp,57494,189a7420dfe8c3645febe4526b0ce36551d3a7386e8b7a36fb9e6d96d7d26bf0
images_webp/0184.webp,87094,d2367fd79ffffb1bf7894e7c54d477a650ebc0af9b90080ba6ebc6cf4e67d7b9
images_webp/0185.webp,70958,78a2e001d58c16650eebab55f56158d9df97954df77b40de8502ea236b7936c0
images_webp/0186.webp,61034,7b8ed2dda76ca9108e1372bb7f916dcb6c57c3b5f9f2f0e4ffac3cb3eed57776
images_webp/0187.webp,61984,5090167c80ba49561140566fab34978e818e4893103c74d079ede991c3516dfe
images_webp/0188.webp,99842,bcd94b3eecec68b3e1af5bbfad150008271169f3e1511eb225ff5e9501da239c
images_webp/0189.webp,125936,80ef01abe8f270989839f2c36783aa5d1eba8bb76ee5c2f4c98276e33ce3d51c
images_webp/0190.webp,75148,e126f6f82580acd5ec9b74a2a965985ffb72ebe59ec6f5a93cdeb12f605c7a22
images_webp/0191.webp,124176,503d4710448465b207287d4d8b50310aefc0cde21ae8d1aa30f23412a8be715a
images_webp/0192.webp,92936,42a686650883430d2c723b74c716ebea6ca8992cb1f16f347e8ae619d205424c
images_webp/0193.webp,99860,bf93216438a4169f64e30848b3d65fe5cc57c64305ffb7f004376f212e2cbb21
images_webp/0194.webp,91672,7707979999dd479874d4357de2169fc40253cbc47785137ef5b25959c7263be5
images_webp/0195.webp,128774,2362653412506d6e558a5dcc87fc6276962aba33899e7e0ac9f24f32ca16ca81
images_webp/0196.webp,78128,ed8a461408bd56f1667bfcf85fe7b9210d9abf609484440f9d3d579a25a245c6
images_webp/0197.webp,131522,d6523102f4008df7d6ef7da6bdd5b5c4c129375bfb8239365d020f4d9280e3c0
images_webp/0198.webp,93972,020eb88ac3a9fabe7453542375d73dfb487124a2551bc710245d8c7b2deb0ccb
images_webp/0199.webp,71606,0c94de561d2f08b1ea841d19a791d32c59cbec8eb2f01cb7eacc3af783750143
images_webp/0200.webp,75148,c9d7739c5bd0ab0493d8794c97f456d8566e2d93b160b2bb8643ceec2cde8650
images_webp/0201.webp,113778,25f73cfc7043aa9c7496424f692b5b17e773a9ab62bbc24825450201b44dcd57
images_webp/0202.webp,132156,a77667e4fcdb4f3d8ff8e172de1b3563990010d7081340228634538184664384
images_webp/0203.webp,78340,dc44a995feac905f92b7955ace6ef01d73c1fe86b56633da17a0d4bd2f9f7848
images_webp/0204.webp,61404,4e22242e658ea1e58f73fd4f650a3a12871912dcc668ce0c27da210ce3fd4543
images_webp/0205.webp,56458,0a42a42f72c7557ba019fe78db11f8fc5106662dd92ec799953ad51f2eb26ae2
images_webp/0206.webp,73750,22ebd72198aee3d5e767eafd9564ef829196d110bad0d3ae2b0c03019411a322
images_webp/0207.webp,62302,a78b82f010e1b18bb7024317f03f0e1d06ee403b70133bd1c505b5f56c74de3a
images_webp/0208.webp,75192,d81268e5f8125b4a0c5556f8386d599c35928384d32f3af5d3d79cb1cbace601
images_webp/0209.webp,81210,4b906fd69b1321f8bcde490a2ed8c4425c14560eb4975f3e4e6ddbf01d4d5885
images_webp/0210.webp,82270,e303b4d7c88a0ee6c4db2507e7377c398b14ffe7ef60ddd406119723970a6021
images_webp/0211.webp,161668,252d0d7a8ddf71fe18a7085469b2378840093298e9f4c1f56c61af0f01655efb
images_webp/0212.webp,80666,05d67d081424363c9c46314c0ce105c4af4d1545e1bd3ca9c1d89ae5dda74c7c
images_webp/0213.webp,110244,04760987ad91e593a29ebd97be47cfbed0bc277daef8eed93c300312a7e76be2
images_webp/0214.webp,52774,918fb545d5fa8a37ca6e4e5b723e097a112459dbb4a3dc763c123f35bc267e32
images_webp/0215.webp,64742,1ef75b76cd6f96660917f001569aa75a34ea6d8cb385eb2c29eca9ae7fc548cd
images_webp/0216.webp,80234,852e8311363180fe699d137f0e36bbd61dd15fe982f21647ba8cd04419396a23
images_webp/0217.webp,74924,47476ebb22a8e5e2e1468bd53505b25b8e40f6115a5fbdfbef6275223085f2ad
images_webp/0218.webp,67970,3d20ea31cc62934b9f090c219a9d8d138d2bc6b05784875bf6388fea95649832
images_webp/0219.webp,74392,5c463f19a5c242f9c5c27c7bfa66f64288d55e12f0b32019a894ed011f385938
images_webp/0220.webp,94140,a11ed9d8a301969b2b3a0ef77df13e6d25cabe40227ca57f4607e6977871e508
images_webp/0221.webp,116662,73c434dd88868f53b353f4b948882c42110df3372c8baeedadf68213c0b714c4
images_webp/0222.webp,102830,b2ac28c0bc996db2697ec8008440540646ff3bf6af30067baa4cd8bde7aaa747
images_webp/0223.webp,77404,909b9c6657f64f0c976f1190c1ab620355bad03a01e8e2bdd0a2cd31d2ea2773
images_webp/0224.webp,65452,f884d000224fcb6d7b610b8c40990554299013444f8109389e5853920a69a6a3
images_webp/0225.webp,76930,43fd4f8fe219a3ac86246012d0fd110f5db51d2351b3e68ee9391bd89419e16c
images_webp/0226.webp,73720,8c88aba44d70004019d7f2c54c29e650f80dd0634f3ade30046bcfb3e418d2e2
images_webp/0227.webp,61158,b408ed76b60a32caefbe6944a73c5b594b0716439f54ae9788adf52e5566c75b
images_webp/0228.webp,157006,4592bfea3ac0024d857f6393277a1286d18d7135031e02be823b266b64fe4aa4
images_webp/0229.webp,128936,48c7924033228d9bddea92b1d5cdc240d5a7ba882c31aa741a59b6a090725d65
images_webp/0230.webp,174534,f6422c68a9e4ac9b14f764ab99cc0f4851bf2221e57e94d07282180a01dfe3cd
images_webp/0231.webp,86210,c17883ac417e8821b7b7f3d72b809ce5fc53a4648369b67edf56bb0b3842fa58
images_webp/0232.webp,59050,ee2b12a62fed48604336e9b7d6e87bdde5e32a5d7c2d70a1339c4404f6d54802
images_webp/0233.webp,130188,266003585421369bfd810541250f06896b4695f47fb9f402c6f1a34e2237f525
images_webp/0234.webp,103916,2086ce8bc86cb0a1c239be3cb5b2dc6099b3bd29abcb82878a01641a29405aad
images_webp/0235.webp,49660,167ee8344108cf92813c5efa7b33d671251c14ba40057df99a3e74d5ba4a06c3
images_webp/0236.webp,77756,90a0956ee4e8b430547e6ddb9ea19662d347afea5ed01da37951fe678d0b2163
images_webp/0237.webp,116554,f2595aee97f4e0a6931292ada72a87a99d6af98339107088a7a649c600274898
images_webp/0238.webp,58646,f2c5d29c6663e86d45cf44638417643839e99bd21c5c14f617ee116c7f91be63
images_webp/0239.webp,57118,804d00fb747bdc2c97ffe19b3a13b299efd4acbf431730d8f9b69d6dba23c804
images_webp/0240.webp,70406,7a6f8af43fd98b74aed82c57f39a438d0b3ce9bf6a1884da7f7562bb407cc99f
images_webp/0241.webp,50698,fa2ed470e2b5fe3aeed3249239f2a2392eaa60fe1e8ae1b33ee797d51514b8ef
images_webp/0242.webp,106194,84ae4c4fe7c78941b433d0da7262bb7b6bb5d88dcc0a182cb733b80a4c77ed82
images_webp/0243.webp,93514,748c49c2cddd02c0c4bbfb25a19275f88ae53866b76e22c2d0d028911f39835e
images_webp/0244.webp,61636,4bdb4d37ff611dd3da31dc086c5ca474d81b25322f93d4494c51b1a0f94b3549
images_webp/0245.webp,79794,df9fe303fd742e6a13a68655c047b4e1d0e71ccf635bdd3660b3bc3f94d6e2d8
images_webp/0246.webp,76490,6b997598d53e5f0f1a668cf43bd49d7314ad471ec8e430db0f9d596e160d8296
images_webp/0247.webp,131366,c95465d2e627bbee0a2e3cc3c2674ac6e5944a4ff3d5cb04a5e83233729a03cc
images_webp/0248.webp,108636,84ea2801a6c9183aea25d3f31cb1293f7750e949017916c1801cc9bd91a12cf7
images_webp/0249.webp,64890,49223258a305fa7b8e8963f97c68689a73140378a183b596dc1dafeb9a65b1f0
images_webp/0250.webp,92690,c4f057da6128eae189b97d8b544b405c5024394d200558d69a5a9ceffff155a1
images_webp/0251.webp,103412,51ba050aa3c40ac96d65477f65975b0c59af4c89bce2ee97a763cfc96590c5d6
images_webp/0252.webp,53234,15b3067898328247af9193e5bdc3b8bd3dc57e445662447653ff3f57f9680ad7
images_webp/0253.webp,85552,3c2c77950e854a5153ef0b9bd8a169a6f1c8b7fa2a425a427136eefe0d255864
images_webp/0254.webp,75406,2de0387872f4a05e0ec3084a097876f0c0fccd7647e6a01fb7629280f36f784a
images_webp/0255.webp,110872,67544677f4d327bf7e7746ad04d1725dfc1e33dc9eabc65a9d4af57c1cbcf936
images_webp/0256.webp,104402,daae201f58a4aeaa21d32637f23ed5342e33c5c5acf81f33191681a23abf5d22
images_webp/0257.webp,65598,4c6e37e858a5bc4f3d7910be000e69fe2217f9c3f18262bf0b2dd6f45af98a6e
images_webp/0258.webp,133874,04201e565b2332ba129c427f23f46c3aeee117b247da1cebab60814a0c84e43b
images_webp/0259.webp,85538,67502b146ac0fb182b8913510f68b2980ec2f64a31a69478b5c209596db81df6
images_webp/0260.webp,136252,c18c53ae212e43a9e595a05028d619163ef8a331483e6d9c43b48eb55853ed18
images_webp/0261.webp,69408,80d021ea09ecccca389a1b9325d435a63dbe69eaec7dd4a7200f30fd2f17fae6
images_webp/0262.webp,79702,ea4380ccc55c163cb5767587ba4c99572a5a04d73817053640a53ef5f1d5afa8
images_webp/0263.webp,89866,63025f4997deddd4e190908fa6c3e9c6f2d6a0967b93261a1c9b9072b74e2371
images_webp/0264.webp,58462,65c69d6fe72bc1c5293b8afd8009075b0722ce112d066be319990c762b8d71f2
images_webp/0265.webp,76848,b862ceab19911797e469ededa41b54f7359d3bdadceff5116a00dbbcc2d4ce47
images_webp/0266.webp,108086,e4e4b195445cdaef4d8d16bd5733f8d525df62e0e8221fea556f339ff151a72e
images_webp/0267.webp,105268,233552f02d683f5e7d2c34fe71ce3d40b905634f8f8c3c0353e38eeddc18278a
images_webp/0268.webp,131524,0bc9d2051f537ec05d74c9a203783ffc37f36ced283a5f80ba51f53abbcae7c4
images_webp/0269.webp,90152,db989361903535f8b84b64cd8e23ac70c50189b461e2b3d00eca787e007539a3
images_webp/0270.webp,126546,bf06f277e5faed50f7e2fbafdaf361607d17e63678b170fa39424f30a2b523f8
images_webp/0271.webp,103370,be2d5f41f7e5416e046f6b0e8e6c16aeacd4d0a8e031ebb07250d58e5aab4ba6
images_webp/0272.webp,66714,34bb18f149f3ae6c1b18ecab78f23218bc0456924e4c7f4c8b73ce3a585616d6
images_webp/0273.webp,156654,53e5706edd4d6474d30f4e57d41d3a124fc339da86ef7643b4add3af1f5fc2bd
images_webp/0274.webp,86504,84e879f03f15eca71333b7dbbc3581857f886fac4b3a9ebe23c750df71663b05
images_webp/0275.webp,114426,1e9452eceee7e9efb8a95388c0f20c6241b9e2644b4a12bdbb7f10d05c51cd5e
images_webp/0276.webp,66334,9d2cfd4155bb9fbae1320b326f94c8f0fd740c8c6048bc0acb120fb0ed821b09
images_webp/0277.webp,71670,04ee8d4896f919efd9675c79c4e998a777b62636418dffbe1736a5ab30853b03
images_webp/0278.webp,59140,722adc9cf8bb7ff3d3e65d59ea43033095bdffe87f8fc35b5c398d71f4a3f7ea
images_webp/0279.webp,105854,e49223dec417b943e3af8ccfb9e0e01417ab3516a02e192023bebf1134ed556b
images_webp/0280.webp,79368,0df5a73450f2bef65326746a73e453cf839d73e03ad8a8ae1110588a524736bf
images_webp/0281.webp,103756,78993440f53bb27d4bce5c09786bd9cb3787004c35fc5c9d6270484e3d39f717
images_webp/0282.webp,76198,0a14f273b87d171c75acfac8d7641edf14d3bdff5adfe466fe83aad41fc55342
images_webp/0283.webp,69706,ba446241b37161232d34c1ec958672a3164ac9b1154b4cdb1b0acb812bc1cf9f
images_webp/0284.webp,134786,8dc2ba9bfedf192910528d9b6988d9aa2f9ccb68635178c1df7ef76fee4e0815
images_webp/0285.webp,114398,8c9e666d447989c3dfbd86dd50aff4a240b86751e003d4ffa6038cd5ef213cad
images_webp/0286.webp,77266,73d700cbf67da1dba8aa2e4f974367c202da5a636dab82fb94c83b139ca5ce10
images_webp/0287.webp,87098,6317c44c0cdfb428b89094837905f6dcbebe2ca325f9ea9b07eb087bac9a66bf
images_webp/0288.webp,91436,8cdff7b10eb613441aac23fd24e824297bfc6163417ab86183fdcf863ad044b3
images_webp/0289.webp,85582,2d6a10f8bb8b3036a417cbf70476174a2a48d3bcd45d481277426061a5e34142
images_webp/0290.webp,100796,1917a095996ad5fbabffaa425f09489e84764603210c30c7ccf3c815949acdbc
images_webp/0291.webp,64746,5486047bc2ffd41702988abc890ad766990633b5f2c6fbdfdf4debdf7994289d
images_webp/0292.webp,80884,29101a81f1ac8cd24fc6a11a3547c5d94379ed497ed63a68c92e5a91e9cec697
images_webp/0293.webp,85828,66056ad40d788864fa16c82592196be92d94707ad5619b19b5622a2850119f5e
images_webp/0294.webp,59302,ce75c54d71218561f9c528149a6ef34085945ef39584eb53952ca3afa6207e4b
images_webp/0295.webp,101992,b0ed2fb19be198a59a884d3f0a227fb253211d8f20ffb93d629226ed0df8f24f
images_webp/0296.webp,92624,c795cb69eba857a41f744e66cf37d3e99b606f1e6c480d6250c54cd013ac63a0
images_webp/0297.webp,67742,1e44404c6fb388ce178a4762b7d521eefe8eb94b3b2a37aee17bfb58a87d587a
images_webp/0298.webp,70426,05f7677c9988eecc646a3e108638cc135d42b6546b0ada27dc12e4651133de0e
images_webp/0299.webp,62134,0155945320bdf3cf9781c7c386801af16cc5b6e6b4c25e63037eaf6e22f3b65d
images_webp/0300.webp,85638,1463e43eda993daba938ffdf5e68ae343f0c689884e891d2828f00290c897f79
images_webp/0301.webp,92642,13a5973fd2c5448d5ee662f84a8793682b95413123deaa596f09e2791023af57
images_webp/0302.webp,89472,6980287c2019224df58d59ba76df721178ae8920d37bc07004dc05ea7bfff14c
images_webp/0303.webp,58880,5f3ca341e5488384a0cba97d7d507d6ef9bd63c9894eddeb7e5f90564653c2dc
images_webp/0304.webp,69722,b53f3cadd3b1d7517dd65cecc04477051bcc28a62a619720795226877828062a
images_webp/0305.webp,90902,164ce217653f8ca43fa84414b6216533a15410a3edf1c3a63a3ce0091cac32cc
images_webp/0306.webp,107392,2479a09097a9c112e1177e9b14998902e7948883ffbbb9743c590fedc334fd67
images_webp/0307.webp,114850,570de3e2770d7d41e5cc569909bcaa743a7bd84778d4f23b2c1a969b79f1af0c
images_webp/0308.webp,105610,eb4abbf98e27c8b0ef118f908fc1851c1e99a474c6bec2d0e6ed0902332218c5
images_webp/0309.webp,73234,c90a3d686404a9fda022decae2fc51f4063c9bc78cf34a680a6edc6ced579bc8
images_webp/0310.webp,66656,f6fc7ab589d8b952be5ee5bc04f303f81f6ea0211d3b720a9ce60e93bfffd569
images_webp/0311.webp,65392,83ac36dbac4fa3d46b17fe79c0c15dc76a3ee759e235561ef56e76131305c045
images_webp/0312.webp,79864,b489095fa905b2d65188e5c07a8bdaadb5d2dd0a737e2df9a7f072f677337060
images_webp/0313.webp,91874,1d5c6e41a7e43a5e4091ca1927f4835a746d848bcaa453aac7f9b0a69fd94083
images_webp/0314.webp,87880,da679041ef90541686d29fb27b4714d818ab6d4f0e6cf12be3693e5653317687
images_webp/0315.webp,61916,48e1680ee436fb8ff814330164cf73447fbfc0b6d41930baa738e7f804ef28c5
images_webp/0316.webp,85382,b23dd0c7857e9b6bbf30b46cb577d7947f4ca1d71a31ce3e3dae4dd2753c4703
images_webp/0317.webp,97064,a43db56e779b968ce3ea4205574f6df7f7daeed02d87beb54cb632e7d3736c7b
images_webp/0318.webp,67104,bb0acab4bcb4ffc001aad5811a0742084a64ec932507a938fd9a6860e2dfd66c
images_webp/0319.webp,82224,15eca864915c35328f2e609f72ea8e2f12422931a7631acde966897a0d257f24
images_webp/0320.webp,79930,eb331fde663f01018ee69f8ba016ab6f717dcc4bed5743ab5e43937529c68b8d
images_webp/0321.webp,76584,a9094b0040cb82f970f1e0acefd4f0d3bb64524aa539e164b7a6c3b7c20b0b04
images_webp/0322.webp,104174,28c405bccd0e59e9308b234254806e6d6835cdf04d0a3fd7f8e5bc9179a97193
images_webp/0323.webp,64780,634b0400b395e690288d5804659297c7351334c250a201351d33b87b6094fea1
images_webp/0324.webp,88656,c8c81d1e3e365c2b773ff53ea502052a5ddda12fe6f0ffac3a6d2a143bbe8c46
images_webp/0325.webp,74566,ed998dfb8e97bb05f6c33e5007cf214f492e389475e87bedc9bb37220dc2a1bd
images_webp/0326.webp,65444,07a0dff0b0c96a442fd547c348a07b7f6f1b5d1eed28a38d8d7e0f1e2404a3ad
images_webp/0327.webp,82834,e96df470375718ed26d3cb32293cc7599a702099e10705621bc8a1031d44547c
images_webp/0328.webp,98502,32e7fc5c18547ec9a092d4fbe249de8d4a2e8374f94d5838e6ce0565bcbea243
images_webp/0329.webp,122460,a2f0b945ca45d11d47cffa265b1a65dfccb1c4de1b9fdd1355a39f1e7da920ff
images_webp/0330.webp,124894,d2d184af1b3969130c9b0812f20d9c432617d15e2832dce1b796329e227ef081
images_webp/0331.webp,53710,a2999f875391f2abc501322f922941e00ffa4ea22855f697d1f0dba24ee75c70
images_webp/0332.webp,75526,a4ed51b09e824b10d373c75ba1584ef302c99c7658cf165c58f9926f6771af9f
images_webp/0333.webp,97188,d42c8adab807ad2ef384aa7358daabf77cf3bc77262938a4d45a424102d17f71
images_webp/0334.webp,88156,06cf47fd69fc8ca3da2645fe8684337dc82056a55012bcdd4b47e56ca300770c
images_webp/0335.webp,56288,4ec75d564266d56a44cb8af2cf5d67a7e652ff757c6b8e862e33c66ad86822bb
images_webp/0336.webp,106896,fec2cf133dcb1c934f07c7a0f754539aa4a45c2f9179a15dc9d7b089e295a953
images_webp/0337.webp,59924,a5d85229441a89d81354d83ef7d1b413184e3eac4bb752abd04e6b37b12e5807
images_webp/0338.webp,59784,13105b7f2ca5de13abd942aba95387a965ac87ba9cb3fafbeefd50874aa81834
images_webp/0339.webp,151448,5a887a90917a392fdbd9150a39a167cd91a0e63a4b0e330458117eb9351bad5f
images_webp/0340.webp,54778,99f6e5c9e20f661442843d6339b9375640aa4d5c8a275a2ba9225861a5469a49
images_webp/0341.webp,79680,8f7f85dfb8bc0c1693251a8c22e7d2ced6e8c9f794076c667e2d1dae5a831249
images_webp/0342.webp,58176,e6b5b26a21e8b4077145f4a24c668caf3e27277cb8f23b8a46c56096c376976e
images_webp/0343.webp,70352,44b78e02ca1abe9c505bd9a9e4d304422950e06a6eb76cdbbafe85d006d3b0a1
images_webp/0344.webp,56130,35e0c775a8d61bbf8d6a98ca75209dd2c40ede1a4a80ae1280590cffa0a179d3
images_webp/0345.webp,69074,0992798ae5f97273aec5120b958267a9f4bc4a3da364a0732c66e860d3d09f8a
images_webp/0346.webp,72562,781e4264c7560d0267e394633b3c0694c5cf26760bb4f8b270d238f7920b8cc7
images_webp/0347.webp,63702,59606d72337e3b5ad556e98a30da977b50815372b212f1f86e4dbe72f99269a7
images_webp/0348.webp,74690,534205f7aac5c0ee256a2a8ae4384004ffdaec28cb37f600cc6a2c526e5d4b50
images_webp/0349.webp,72408,e26523563132f24abe8fcaadca82f6f37a57fdb7bbf3ce8720dd866447831f23
images_webp/0350.webp,135690,48d979f555f62312e8f83443b1f69be0cba6a48c34e24b193e0a79a446054f12
images_webp/0351.webp,63728,86199edce30432b1336a3cd09d0274dd03c431614cb067ba6bcb4454d4a619c1
images_webp/0352.webp,56480,47ceeb64d164d0671e832875ff4104ea06eaaddf17ff031f26b30747975aca6e
images_webp/0353.webp,82292,3744d88d31743ab56ccdf5e0126fbf2677872de2d7daca853d8dda732f0e8bea
images_webp/0354.webp,90578,bb1690955da7bfaad91801adabc0d1855ff8d420833776f82ca030edcc6b821d
images_webp/0355.webp,53996,c0895c5661b976d0c43c6f6765a1f01f5de75d15431c9d09246ee00ff1731a64
images_webp/0356.webp,122074,90a466954713c45e0ada857c6cd18a7c216e837744ee0dfd16278fc61ec101ed
images_webp/0357.webp,141914,2b0a806c46e26f08da8f711d77e93460ff3bd84cfd5311290a77bbede9a4a560
images_webp/0358.webp,84504,660bc6c40f27096f9829f3957ffd151bfb97cab62231208360adec42c83b830b
images_webp/0359.webp,57502,ab1da16ecc16b3da9c7bf091076884ac9946cf2bccd5f3e9f51ccb589009c82e
images_webp/0360.webp,60882,b01f8c5373d1c61c1157a8527ee361ddeeaba36e0682e00909ab864d45134f9c
images_webp/0361.webp,85122,f2d5ffee1a73dacf9afbc5e19bffe33c71136fd01eb8873431461dbbb68d18b2
images_webp/0362.webp,128224,bb1c45e1e124a7ff2bdc0233fa2956debfe41c1a0169a799564b8301588be7f7
images_webp/0363.webp,98000,48a7ac8d79abbde6446bbc3c9f7e9b0c332800ff1c96d6e2171ca9f42ba32bf4
images_webp/0364.webp,58820,55ba9fb258a73a7028ec11d0d8285c048d28893a8ad2c7a9d098f0fa2ce1dc83
images_webp/0365.webp,107340,fc99833a5c16bb779f28fa6f654fa5e59f4b694358f380ea9113a23c3577a9fe
images_webp/0366.webp,64726,e95c18ed3a00cfe4c1904a25e43a971c136472f61510e8a3308245afbe70fbff
images_webp/0367.webp,59036,76cdc1e0bc85f1bb29ce00152e8f3fbc28e336132516d6f573fe63fc0cdd9f9f
images_webp/0368.webp,64112,0a1a1fb9e1cba7a1438177e851151d273d9fbe9a659d49742edd168483a6dc2b
images_webp/0369.webp,56574,9406f58e76295950d20130efa3113d36fa8ff448af1da8bfdb8d0368dfc203f7
images_webp/0370.webp,54458,1ea651836c0af3da3e1fef432b2d54cde4c9f9232ac8abc36aeb5568b01a5dca
images_webp/0371.webp,89436,cdce56936aa16132dc1891eef5250b626aa0231dca05aef070582b72cad90f20
images_webp/0372.webp,73752,7e0471488098ad0b78b8d602313682acd3f99b730b500f67d4157d0254c179ed
images_webp/0373.webp,80580,611b6c4afaff455a4edeca622550875e0f9e01925772a7e37976e2a234bb980e
images_webp/0374.webp,57444,e7877be8f48e8bdbe4b4e41d52616ed8ff8945546d8fafcf8abc55eb4bab6146
images_webp/0375.webp,104862,b9ce937da007357d8d4534d302cf649da3e56c39c75c8448947ccf88e3dbeb0f
images_webp/0376.webp,88788,c86b7287250e176ff03696959528f07f64a51688be6e281801881fd80ab1afff
images_webp/0377.webp,60020,836c6dae0885b36edaa73bd145f72180b5e23b101625758c9d96ebe6f866a1ca
images_webp/0378.webp,69674,7b525ad873cc53e0c032ea6b3e75d0640f322b2a2e498c9fb2008a09d53a8c3c
images_webp/0379.webp,91332,a7269ea008ab5f8caa98f196544a3868fc55f3a8199e7d03358114c1feaf9f22
images_webp/0380.webp,73384,53089f5fb60fcdf46c1288d5aa16a871f0eccaead7486afe8fc2599829472ec8
images_webp/0381.webp,89206,83b0127a363c3ac4126d95867c24ff1dbe7848b3018d2a55392e3f2014485cd1
images_webp/0382.webp,67816,9c638759dba625868e337b36fa06dc22f9fbe90c300a662f35afd400763faef8
images_webp/0383.webp,55244,35f113198dc1a88071d36002e7d521e0c50d55323e3d97a17d54116f691f7bed
images_webp/0384.webp,64012,4bac7d3e07b70f537f573ae4e3c1f3e8a4f0bcd345d221d5d699303d1e8b6d41
images_webp/0385.webp,112330,ca0e77a6a974fde538b4c755fbeee99336fdbccea84e9fa678f7bba46e95d8de
images_webp/0386.webp,104390,2d3f7b6169a4fd6c2f30deb41034755f659fdca0f2dc866d7cfba4323b4ab679
images_webp/0387.webp,103512,a36f90d0ceb3ddbad58fcc1f075b2c676d6d387d185c83b9b9a45045ccbff10c
images_webp/0388.webp,67714,f6f20cc3bcb7b3e17d4fca36fc76210ae8c769d1be2223ec034996ca50036288
images_webp/0389.webp,81406,706261774e1eda6aa9a8bb88fb996968692a600f68be0e2a5353cc089e864096
images_webp/0390.webp,69480,434c90a1ceace6cc643154b9d56f0ff53a2a4cba79d269138816c5713106408d
images_webp/0391.webp,93798,591d8ccc577cf3e56c43bf8e04bf2d877cfc0a02ae2d297a755ee1328db6710f
images_webp/0392.webp,59188,25d354bf179883fa3e4f3cd0068ec6e6318ccda58460cbad59082da939cd1d23
images_webp/0393.webp,92548,902133facb205c4c4489a9ae25a8d5fa9047274b4637f7e39abca4b53368051f
images_webp/0394.webp,75630,6ca79e848f49b508904c87d3aa178323105abe139b9abded8784373c13b3ab15
images_webp/0395.webp,97086,f78f50f09deb4148d549a232458a8459f187ba9e97b8ec5a2fc969abcc30bcdf
images_webp/0396.webp,81274,cbba54daa73ec1960eba5632791c3a993dea614518bd1339dd40ad179f3f4c3f
images_webp/0397.webp,53610,a2c05ee4d82a1215d1633524984f9cf62344716d4d9f0d29f5d7207a456cc6d6
images_webp/0398.webp,71068,9b4f5e579d124b060eaa8698bc5d9d140698265baa55775d0fb5cc8f74e85380
images_webp/0399.webp,141216,8e5831cd4bd3e67726b9e0672db33b79990b1f6dc1e9b659b8539cc99a94726b
images_webp/0400.webp,77958,c28e0e8bbc3ed0e67f0fef203376beefdb5663061e858e553af4f8ee962404c1
images_webp/0401.webp,65810,b2a25e5fa03ffb1247c4260fd06669f3c793d3ab2f8ee7e28d5d7444952fdbad
images_webp/0402.webp,69554,0db0cbedf7c58f3aad5b5457beaf65f776b888bef093b290a95e0513c3b01614
images_webp/0403.webp,76900,a8cf13ab840b4685f0646f09456435cd17a03c02fd2ca99743ac137c5fb3023a
images_webp/0404.webp,79954,195e49e83cacd6d76b075aabdb69997cb54000ef45c6d7298f3c4623cec1db48
images_webp/0405.webp,67412,1b615c2c08d1d31ddae3bf26b90b6b5610d936b56a27bb0f3670435674e5f87b
images_webp/0406.webp,91744,979e4519ef25c6d25febd2e108d77edfcdb64e5511d5b46919e4b4c8e95637c0
images_webp/0407.webp,67856,415ed2ef03f3b75bb65bbbec046e6732ad34864a9a989adb1f736a060c6407c3
images_webp/0408.webp,59762,2139262da27eab47b547c55adbf0642414915249be97da5f4ccfc5cb36eb76e1
images_webp/0409.webp,142244,35c22bd1d80f505c4cbc82ac1ebd388f16b67981ce7444ba317620fb0d99005e
images_webp/0410.webp,142020,f88ea78fa21578edb933ed685f37380690e372298677d7ddacff0f6cb8744b2d
images_webp/0411.webp,109324,fe6dfbc03d66fc61deee6ca63862a72d464db183c0014b1e5a09bcee064d2a3f
images_webp/0412.webp,73914,2abdf826e773cdcace665f10115888d1cad2643b28d51e015320db5908660e53
images_webp/0413.webp,100848,af89d3c1b02ed25db1f59392e89bd1128687254504df0cb44d6451342980dd32
images_webp/0414.webp,110092,65ef63f612a0c63c1b03bf6b48aaa22c5b07f91318105d6b675fac5617a9c625
images_webp/0415.webp,69520,653c5038a9269ab590a13709e869cd08dd4acd3f45dc0d63085b426b1a259a78
images_webp/0416.webp,127144,31e4c7aedb8f93801362c13584c85d69e363c4e0030dddb5460ca9c559e5d451
images_webp/0417.webp,62270,b2313946f5efc504329f80f8abdcf6a393aa0769df30294a0d0bf4a056642ded
images_webp/0418.webp,110108,72b76be3fbc93bfa67818be033ed608102fa86c9c114c5087c8f74468bd4f2e7
images_webp/0419.webp,137430,f6b7d142aabb6d49c35c0686dfad1908e48ea83f8b22ab2295a53f2ed13a0c89
images_webp/0420.webp,143890,b05e7c86c8b4a25124e2bd079d108465baf6397c14203995d8444dfb593fc9fd
images_webp/0421.webp,98044,83bb850f42e946a06c2c2e9f93f64703d6fd4ccea3204cf3989d0d296339f6fb
images_webp/0422.webp,88940,3719db798897b6efeb4a37807326d2f3aae4ad274ad0e23bfa6814b41ca54435
images_webp/0423.webp,60014,fc3b12acfb59c677932a938635e6a7d85a89013002f67b58b7be8d2f0e9812ca
images_webp/0424.webp,60520,c4dbc318e6adae3fed6e694bd91d506f8d533282ee09094408c018831718c3e2
images_webp/0425.webp,98918,c22276c375cb687a9799e1411363bb29b4fd9b457cd27c3331f626d8d1762128
images_webp/0426.webp,64168,309ca4ca0b6b1d53b109b924cf36fb0c8bdd1254f30a73998ab5ca9a756cc11a
images_webp/0427.webp,76394,09fe5c6c9aaa6010a17cef75ec90ee3d4a51064f6388d24abd2d8aa10c8fff22
images_webp/0428.webp,93624,b03cf23bfea9f5e6368b077285b1cc8b28d8ce58cad9b0b8efa9985c7d83fc01
images_webp/0429.webp,114276,c21b6ee528e5a460c2b7160274d64e82f45da4395b4d07780c5e19f7a00f2fa7
images_webp/0430.webp,58842,edec6f8ca13c5d3b57ae76632f86fd704450b61d14ee3504ef52d3479d61faea
images_webp/0431.webp,69408,0067b0750791c1bebd7e54969cdbd312e9ad91ed4155d60bb626f341eb22783f
images_webp/0432.webp,74868,e2027c88db127cd4f1a83cebe384fdd49f1ab8bf9b6efe4a3afc4d0e637a5a61
images_webp/0433.webp,96546,eeafecc91b501af2cbb6b06b478d13ec356bd7d87efd2b1d1556bd2e7dc11325
images_webp/0434.webp,120040,c1e6195c976ab83503b123613967cb1ee5a406cbf4aa4fceb03d9f9a8b513a14
images_webp/0435.webp,88484,b2f7f102356547a2ceb4df1992ae43a9079c3dc356cd8008d0842eee795bd3c5
images_webp/0436.webp,130828,166df028c81d9609dd718920796f1f4d9d28ca8b11c6487f29f86edec616d75e
images_webp/0437.webp,129054,5b8e01c6223ed17ab3d6e5b81bf7e1b539781cbd7d1a505e3ad27ea5fd8c634a
images_webp/0438.webp,91410,1adf2bb30aa0efc8f9e4c3c8bfc92a1f0bceca4b0901681b53682b8b98021431
images_webp/0439.webp,68754,7a995bc35da1326aba4accb38a24783d52e881444325331a9b7aa3e44c7f6633
images_webp/0440.webp,58176,463174ccc072b622174cd7379ae300ecd6e2eca71681917a104cdb6e48b21e8d
images_webp/0441.webp,99310,4cbaa529c6c9267dd3064e79d0b14f3e32a0ad9455d9b994091128f30ddd944d
images_webp/0442.webp,68564,0db7de862f494e8bce89ba2c79925a22ef326d8f47f8ae1b8d3559a3cee1afc5
images_webp/0443.webp,112548,4c1d0f804b871fadf446c4fc734075077b1c8172f086e78502c22276d5e50926
images_webp/0444.webp,112914,85332d681c59b3ae525ae57470310116c1656c3e7f0b49e1f736ed84a37cec6a
images_webp/0445.webp,69050,ad218fd292a45b3d6ce1c76a298cbc6a5d5e7b621f12bcbaef493b36b1b9ff73
images_webp/0446.webp,70722,c7dfc3b8ffc8158072ef3c7160ae5c72332040f100364a3f2f39ab3c89fc00d2
images_webp/0447.webp,125454,de410097b4d8b730055bdf85792e40f8183c2b1dec8335689d36beac72f66412
images_webp/0448.webp,88900,a007fe594720f75e085d4f1611f9bd2f928b88c0e830b9c825c6525a13a7b0c0
images_webp/0449.webp,50916,8c085645e592d3352e924824be14f37380f2f07ed95700e1411c67ba6bcee2c6
images_webp/0450.webp,100840,63e3b4969135f27e5e8bbda2560cf45b2e566f4d2d4aac9b6baabc72a5662399
images_webp/0451.webp,117600,de124cb60cb17de97b2e1e619e39d19b51f95579ad978d33ea5514abf69f9bae
images_webp/0452.webp,63674,6dd0463ba5f0f75a0c508c834923eae23a0038b26f4b1532a88b8c5e07afa63e
images_webp/0453.webp,60362,d2e48676b02ad5cd75a6dba6146b3ee93997dc8c601012edc90f8e003925a8bc
images_webp/0454.webp,149808,31b0c95728f2363949af3e8eb54da0877e35d0d4e30881d4cdfbd9dbae989d18
images_webp/0455.webp,59168,147d33312e634b60931ac2fe48fa81d3449519062daea2d0e7b07c89a363d5a0
images_webp/0456.webp,51966,86c26a778a359ff35f998e0c5d92f8023b74826d290165fbedae467b04284408
images_webp/0457.webp,69594,83786737e61eb4863be8c25a47169804c79f606a9c2a1950bb79480cc3ab0d68
images_webp/0458.webp,49644,7f0f622fd82fc16822cf201b163d434667d7330ad410d381e3b2bd98b7a728a2
images_webp/0459.webp,62526,e7467b89486299dbd17097d45599a523edaa5dceebcdf0c073942c5e63d0034c
images_webp/0460.webp,56068,4e496c239316428772719e0bdafa4a3d927453a08c63f2697d291b9fc7159b4c
images_webp/0461.webp,54978,649841902f97d5340751e3f55e6f4eb35cdc6bd9472aa49ace007a3ac78f3319
images_webp/0462.webp,58682,6f370e80476fa84fc4ea1e8b51ab874eb1a1a8d18d09f5f07caafa396707b1cd
images_webp/0463.webp,84386,a6b071e8ee13c07c28f06f6445003e020c3148cfce4c430a75488dfdaba366cd
images_webp/0464.webp,82474,6182c1dad5ed5c753e843fb8aec28ed84c338c7eee983a595c759207f72cbde0
images_webp/0465.webp,55576,24d3a84a60473cfadcb5f98d15c81b86538c5269dfefab6a0bb298df34ee221a
images_webp/0466.webp,99584,e5a67cf7982b946001e10192fd2e9eddc93602399e732145ab1d13f54fa02dce
images_webp/0467.webp,89874,eac49a4c5885c74f529aaa285d015f159f2c7665feb4774ff2126e483a33fe9c
images_webp/0468.webp,89624,8f24eb7347667d7992936b4d97b6c6ddb52688fbcfa322d77f6c8b1fbfa04d73
images_webp/0469.webp,67848,d848ad8ebefaf776f4304e4e9522c8ba862b2fc89f7915677dfbc8cc730cda39
images_webp/0470.webp,67038,70209f1616df108cf23e28ec1e99b53dfd43994977d9d93f2d99b60f4f46dc5f
images_webp/0471.webp,145390,c07f5ff0b6cf3b5acbe9744db0d13df95e0f40215aa07af92308be70d54c2f80
images_webp/0472.webp,81342,cd5fb417624b31529024d84c18d50627439b517220e3021eb80783ad35295089
images_webp/0473.webp,69170,fab1373a1399ef71532a2672e97bda6f4b42c683fa1a4173bd31269b479bf271
images_webp/0474.webp,62332,05887be36804c8f05726951f5b4fda98a7c329cc6791ec07c82e8ce965392ccd
images_webp/0475.webp,74092,ea16c3ee7cc7abcf85179bfb7a872718f1e697ec9203710ecf1434ef6e06590e
images_webp/0476.webp,71092,364382cdd202bc6564d2d553aef18ef19a928ffff1d747e551b09c56ee4401b6
images_webp/0477.webp,146008,52ce8cc933a5ec0cfa2a465d75ac925e1e83d3bb28d5b9d25919c14d03dfce7d
images_webp/0478.webp,57084,21c2e92eadd8d5dfb71a438780d4b24e16e04f6443f888e11c1ee06775977e53
images_webp/0479.webp,52330,b97c4d2d0533b4cae09654751f7bd9e89cf74c7ae384ff484aa5aa9465f20bc0
images_webp/0480.webp,102882,bbcde3c8709229d0a00be59157ee9df839933d9c3bb07ac34e7dd65516368e26
images_webp/0481.webp,75598,6758cd6e012b2c5e51c22b5b452f1b1c0bf2b484ea42e267bfa6cfbcf2be0083
images_webp/0482.webp,55304,8e969cbb74f10258f33f1dfadce5f2121088086ac962f6bda9a2e51bdc9ada0a
images_webp/0483.webp,117914,5bb47b9c357a2ca7073f25c9b15ae6a23fbc2892df0a38d8e7a923a8a2285755
images_webp/0484.webp,84052,9d46e921a7844ff708fdfa0f1f6db91fe2f3525818a796be8564eec3e7d627b2
images_webp/0485.webp,52002,d357dd4ef7916ca39e828a9c8321fabecf4840862b19f86b566ec012d5e612b7
images_webp/0486.webp,85476,0901143c98d4cb4b6b33dc20593c2b770beffa81fd7ddfc44ecf8d42c4ec797b
images_webp/0487.webp,86456,a6b6097867e8adfc32362025fef38ed07c539983a2de8ad822a5777bbaf70e54
images_webp/0488.webp,73784,c7cb261d7d40fa460db86b96ea13337c28b67990f9dabf46df443f26c7087b67
images_webp/0489.webp,52432,69b38f9e786b1fb3b5ec2f468d8aba0c1c63a402a7a5d9c0100a3b3dd391f845
images_webp/0490.webp,93004,8421c7da1d7093a2e2409270e5e1cd86a9f4c3386d61ad770cab5e6980a6aca3
images_webp/0491.webp,59348,09b333c98f04fbd752537cf9819316aeb88989f3435e11a52319083288ec6f9f
images_webp/0492.webp,69722,97cf9a1a60fff9d8ea82031e0adc3a42e176cb8fbcfcfdfece7a985f7c68bebf
images_webp/0493.webp,133544,f5f68a16fa5a76d0e2f32f6807499fb54c5300e0a6821bd2f92d38bc4fd83793
images_webp/0494.webp,63406,a2cc7264dd2092f373a81921b36c6f67c5a4ca1295d55d195928bb86251119b5
images_webp/0495.webp,72878,415cc3d17e8711db7994b42802d82b468e1a78909910bdee09c1ccd88c145c5f
images_webp/0496.webp,76016,a04c97636ee540de9f86a631ce921e4c03ceb2e4e9e6216482bc5c84104272c3
images_webp/0497.webp,72282,2857f03fc71c2ccd248c2deac6d7c59ed9debf67b7801d26c3fdfd2f0f18daca
images_webp/0498.webp,101730,a0003e88d8eedb4db72e50168dbbc4b1b0c6d2130e86c064c5729bce1c0d10b2
images_webp/0499.webp,91750,1b44b6a0fb52d183420f6160d5946e5417117fc419f1f8a2c1a97be535c6fe2b
images_webp/0500.webp,77356,10f6c13afbc69e37d1d19ff6de0132d4ecff51507e2edb97796bf16dcbfbd74f
images_webp/0501.webp,79940,262d50dba78c1af271de682480c320cb8bac7b77c3a9a609b3abdf66d8ebafca
images_webp/0502.webp,65712,f3bce853f12360d71b10f602b54ae47bfc8ce9588f34d7281dc1d2bfd51efd37
images_webp/0503.webp,76716,073c301bc03056c64c031353b804bf7fb02022308887b490f62fc3818843496f
images_webp/0504.webp,92012,7866a0b361bab8024a4172218c6e71c54e61007c87b088ec3570e77448c3c822
images_webp/0505.webp,67584,feb0bdc6c85fee4b349c2c436a021b69a484e1b11558821dbddf66e232250339
images_webp/0506.webp,94962,49148aae6c8dd2e18d149223f4264ecfc6d00fabcb3a8fd102e123333110e3ee
images_webp/0507.webp,85782,dec43dcb6e97b295d9e3c90677876db2d19d795d3e029f3254c976d76ca47b2f
images_webp/0508.webp,52988,d612d8867f48039530303294844e2ee304f6e5e08d0f878766ba18d41c4eba11
images_webp/0509.webp,98250,51f2f4268b7b4b9a5100b995828685964b9fc1b21d20b2b6ba4afd7f8a5504eb
images_webp/0510.webp,67464,a3f66c20ad28f5a263c6a231a0d11738ddc76d6090e94f85fb9d1311dc100489
images_webp/0511.webp,50276,c8f006d3049671a07adcc7730c531a991249d1387e95152709330c1e3093fc6c
images_webp/0512.webp,73524,7f63c16d08e8f4e53958fc3b26b74d99ab3291941dbb33d520b2aeee41373b49
images_webp/0513.webp,75378,3551e650a8f56c485b3c5d58ffb7a8cd1311bb2413decc7074af3b74c1ebc4de
images_webp/0514.webp,74468,01e88ea110384c47a515addf17aebc97146674db701d198de2a314d87be5296e
images_webp/0515.webp,90714,418a80b73aa41657367940482edb321a621f98525ee21839ba1848e20e597c39
images_webp/0516.webp,93042,005ed5f8072a5795db9e462adb63835d5459303366a1e90e65d6df2c5afc6459
images_webp/0517.webp,71050,f6e44e8c40d1527f49cf59df75b798b8e180335905bf9c56cecfe25cc218f87d
images_webp/0518.webp,63238,ce42fd293f1982d214d60673cb8e0c072837540126f38d8c59357c70bfe4fd3e
images_webp/0519.webp,69494,6d1e028008d26ee4a071ab6401ccf943dbf4e8ed6ed18f521a859c6db14eba4c
images_webp/0520.webp,76842,cd7a527289687f6d300eccab8d5888aceb39e89ab3406f405d119a6cdf62f219
images_webp/0521.webp,64062,d4df60d61fcc24a4732a6dd6d9e1f115a34d451f63e298b97c243e0f1faf905b
images_webp/0522.webp,71926,c0da8a9014c6383d750b5695d71b693fb35584741cc251b033d600e24cc394c2
images_webp/0523.webp,86410,2ac6431dfafb624236e34cb020221ade8c09ba124e451d9329db709a75003037
images_webp/0524.webp,90896,feb50ea5ff533329fe93735d5a4fca4e4b7d387d92ec27fcedf5601eb37af1d9
images_webp/0525.webp,68784,b1a2700c5a9d432882e6bedd49967dab1e6259281828689c58a5cc4ff403e4a2
images_webp/0526.webp,76984,ab9efab3255ad7747d255b7723b0267cdf8e4984ab650cd30465fd56ca792ea8
images_webp/0527.webp,76084,06391d55dc227c52ac74fe7d1cc354ff767b83b553df5ab49f3c17db8a59ad44
images_webp/0528.webp,120960,ba6c0e88ea1dfffa458ef2c5d85f890c7d3f9c4a85dff5315a4cd9302db98760
images_webp/0529.webp,86222,94cfbc4332befbd490feb2dc9ec5e6c8a5f8e566dd63958b4cb0b243608be18c
images_webp/0530.webp,84846,9e16ccfacb62e9c6fcd0dcd4540139d3d924f6aa0ad23272453fe5fdac8ece85
images_webp/0531.webp,58450,edafa695761b822a0f17c4b22abee2885bc2c46ad658a760beb87bce17ac27a9
images_webp/0532.webp,68260,f84bc32896d5bfe02273245659a3f3362d142989212321dd52fdd3dfa0c600b9
images_webp/0533.webp,49070,4bc29ff173ddc9aa02e75186f051c00ea41d03e7beb4e10ed3c0376542305047
images_webp/0534.webp,102502,25e10c635b89b7dc2a89d5188e0044b2dec5c6646a73f05abb1c24ff102c057e
images_webp/0535.webp,52860,7fcd39d11a1a76fd22c7f1ab2d1631d2009cf76f1b922bdd9bc573242990f1f0
images_webp/0536.webp,59242,3c9a23762fbd5c618f87dacf4cc99029ae19be0d677f46cedf8783da7e675b8e
images_webp/0537.webp,51914,370ea19ae04b33ebe761b47dc93f3f9b04f3bf10db0f47454fac38a47282a530
images_webp/0538.webp,140114,3b0dbbdb5f20a18d45ad9972d8c43faa8f1bf6244fe6659e8b490e7e987ca182
images_webp/0539.webp,128758,7036056c992b7be0f914a0d6eabea668640a93ea179de1b8ec48a6239bc9a9d9
images_webp/0540.webp,92742,7016dd8ee4fc95ce0ee0381a4a742d307226c60f4615984893a4b9569b339433
images_webp/0541.webp,133108,4d4ecdf302547f9ef6801446aa492590374dbd15282d04b542ba8825b0099d10
images_webp/0542.webp,110090,d3080c8c35da02f2d158a601f8c3f8466becacc34d311403ee6252743c7a89ba
images_webp/0543.webp,61994,e351f09c1fa705f98122545e6ac3ec47c94c3d456fd42e59c83caa83f74207ad
images_webp/0544.webp,107202,fa2f1a599b865355be8044cb90e8fc2ed6e15b425aa180e0c55a5b51ce91e824
images_webp/0545.webp,76900,723623d9c54c5ccc6ad52da1acbae169c80fe6e5e127f665c426ce5a4891e555
images_webp/0546.webp,90010,db9d166da592ff27c652295179fe3b75f572dcb6d8b3eddfc28c16d3305d68ee
images_webp/0547.webp,118422,4400023ba06e6d39509c2328b851643daecfcf77a853dab55890534d6936061a
images_webp/0548.webp,78430,ad1d2002b1487aa88bf5f9124d574d0292f43f8a5d30c7d490881ca2b6f050e3
images_webp/0549.webp,83712,ebf7450e092e3007366622f3ac1b0cb3c3bc6be49f201d6fd24a1a660862bbea
images_webp/0550.webp,65778,2a174bfe7d6ff453bf6b72d85f244daf19af16d677db3e3d8065bb664569036e
images_webp/0551.webp,91786,d0ca659095f72b003e704ca457f2b9c19dfcc174ce0e748afbef41d20f92060a
images_webp/0552.webp,127388,ebbd312b854ce8701d2755924672358a98612d2a6a42a47cec8f4e8a6353cb70
images_webp/0553.webp,147922,203ad2a91449c28461b6a49d6feb3df96b82ea78f9ea0321c9d68db995047c89
images_webp/0554.webp,83364,14d2232a1a31053c6a399044fe39e307f870da5624bc8393d0c65b2bd2f592f7
images_webp/0555.webp,59882,0aa0ddfe736fd4284648bef40f334ced81e0704ff972421b777cc3b2a52fbdda
images_webp/0556.webp,94312,b1b9b5cbb3682c243db6e035f380b1ced704a1245b925a73a1240c481832534a
images_webp/0557.webp,76248,31c15482227551a7c15233615324b72e584835b025499e0b80b910c05f338167
images_webp/0558.webp,84938,e435aeba492d65b608224cfa0c70ad8da78a4db299477bf04f56d839741fa418
images_webp/0559.webp,54914,625ee74561e6b306ede8885ea45b4636636926f9593195d0d2ad13bcd683da2c
images_webp/0560.webp,110644,936b8a4a1b4b0947c20a215a8da21fd8c6a6e18e34ada6f4b1f3e20bea26644b
images_webp/0561.webp,88534,d272149db59a28b982c4529aa08e84e387693d1fe64474329b985f293511b08f
images_webp/0562.webp,57782,622864c25d2c2ffff02d8a616c51b21b4f588d39f5a6e8503156db092c456925
images_webp/0563.webp,69396,5fd98b6cb60e403f0aefd4a77b7067811b34b764346ed1c5d31a2cbcfd450abd
images_webp/0564.webp,56766,6f554d09256d57f4c9fd43fc468625183cd82703d9c883cfc0c404a8f89a54c5
images_webp/0565.webp,64728,0921cbc5ef62cd8a7dd64453f70d3c894b4958d470a8c733659acf3f275c7858
images_webp/0566.webp,101824,f6d4205da675a5e3f711ee1739a1a1f6922d2be9c05a2b46dc49c3f7b24c4219
images_webp/0567.webp,93024,26f04c35892136ef2205621de8a506cad9124d84bd7111c53ed6595285253996
images_webp/0568.webp,112758,d87b57a3dc0ca57d68a6d46e641b1c371cccf3d73de862d2360fd94831ce0b4a
images_webp/0569.webp,61600,abcebfa12644fa1509923b70ccfdc77cd55507292d7cc51a88f19f2e69fb734e
images_webp/0570.webp,75366,ce3c2e16eca860f20eebb8ff0b1033afbff8c6e7d55f8a94892249d4caee9cdb
images_webp/0571.webp,126728,a8fbc6334bba74920066fd7c8ce8fe52fde596cc0c9f160c707e6bbcade5af87
images_webp/0572.webp,96196,476d33b57f57667950249c3c3859e67bccc603b0eae9eb2aa97ee25b5db4f70b
images_webp/0573.webp,64782,20c05fa28e1e251b8a0db9833473af76f946a95f20897cbb62c6bbaab5732b17
images_webp/0574.webp,75676,68a4780a32c28836c3b7da2b0e2b1c0523b7fbab39da5cefd278fb12b5cd45d7
images_webp/0575.webp,47942,4838231f8d216d2eb6faaa2882af38960add04d0a8cb18532ed6d8b80c5c65cf
images_webp/0576.webp,84696,2420b6a0e28bf8a7d23d84b000243de6904d81db13f91f6526d27485c2224bcd
images_webp/0577.webp,67130,632962d30738772560f1c3143d15a2401a1e58d2a039f585fd476385e940a255
images_webp/0578.webp,84456,eaabad1967aa1d7fcd78ff91d53bbdd0556512c1cbf499f9a4787a792f4bc7a4
images_webp/0579.webp,68684,dbcee7294c711ee51ceb68853b48d804ffa61df1c65c9adea817969cc617185f
images_webp/0580.webp,112964,01fa6a94b29742ba3939fa2f37cc318e2dbe54c295298b306a1f1484c9c05257
images_webp/0581.webp,82198,14881dd254b3b14dcd90206e3e10904bae72fd7c6a3a2b2d592617e86eda12f2
images_webp/0582.webp,53090,8dd28292752f8543de1935738cbd2da2aa1f1c7421697f676878dff842932f66
images_webp/0583.webp,81388,a1b8b20c4bc5dde9edad8a7c5d5131195ceca32f2152c1226095a40a67e2ecca
images_webp/0584.webp,64270,ba625b6f58d6116806d41fd84f4f5f9ae42146e1931af37d928c1ef56c4f582f
images_webp/0585.webp,95604,e8c1505698d38bb7d817066a4318c474fab0d7a653ba0f81295318b789a8f2b1
images_webp/0586.webp,108040,17c487a0507483517973e2a71da070743abd0636413c593fbb9a53dcc06f75aa
images_webp/0587.webp,149924,905f02f8160ceb016eb3e4a99eea393a06571197dffa33566d40cf080e9cfcc7
images_webp/0588.webp,62260,3898f168b902842b750a6bd290bf315a6ac494634dad65ee5544dfe5e21a9306
images_webp/0589.webp,80880,ae2d763e7968eca6379831600aaf1214642a4873377fdc04aa9a43db261f9488
images_webp/0590.webp,89636,386a067b838f24bb1bb8e6e2eca1595b585ed9758c7ebb42bb604c8b3396fe22
images_webp/0591.webp,67030,69d606fa4c8bb869fd33d1bbb2fb0d0ce7941171f9622c604fb59c7c9621015d
images_webp/0592.webp,57476,360b1109a65652d2476c85eef37121eb721282f037a94a8472babf9de8eed16d
images_webp/0593.webp,122710,114ea18ab9c858cd7a4943883851e7557baad2625a855f5ac45adcd84aa013df
images_webp/0594.webp,67462,ec3db6cb41465b27a3190afed11bb86db0b3601ec1e2109708759be153a15466
images_webp/0595.webp,57328,ddacc8e51bce4ebc548e8031f4711d7d20fc0e28914934ce6104a471fd4ec737
images_webp/0596.webp,97310,78de37b405e2f8c90bd44f9c95196bf1851278562f449d392001e1255989bc6b
images_webp/0597.webp,61982,c2a2ec9cbf4aa0b59fe54328b06a5fde7eb007aae328651c72acf902e506de54
images_webp/0598.webp,74956,dd67279bdcd860e0e1509845af7dd0f548c970be64009d324ab5a33e9d05ee77
images_webp/0599.webp,62714,e70fe8620581a3d087372efb3d13fae3c3abc587837d67e8671688e3da87c91a
images_webp/0600.webp,93584,c062407ba44d11be657738c1dc17483f8213bb42fd6363d8f0cc812d5dc1b28b
images_webp/0601.webp,129634,be9084d5b0588667a3c75dce8abce701dd9e444e58af24fdf05074c3ce32e85c
images_webp/0602.webp,79740,322553f99dc61029d4f61d61b915a34826248c4a313f1a500b8bf1622f4495ee
images_webp/0603.webp,96962,aa80036a914aaccc73eadc7e402077abe74f0fa718590cfb5cfd1f5a828ffab4
images_webp/0604.webp,135798,95496f0f7fcaa0dda6df4a771154fbcd8f76eec1729a0efa45f0336aa91f514f
images_webp/0605.webp,65436,08d27c0b6046447138819fe33cade8662cd6593f70d1e7520f39b4220aa945c2
images_webp/0606.webp,105932,85bc600050e5972d6b018585f716dd6450777a835761dd87b752ddc48d17473c
images_webp/0607.webp,49806,ca6e25eaf092131c8c4a841f882fc1d5464379df911254ade2c1fd92bb6deade
images_webp/0608.webp,72832,6efbb920d062a85e907d613f10b2fd519ed410346fdff3780808d14dbada93e8
images_webp/0609.webp,63584,84de9b463be24a75f893ec74bd78e2df8cb6080dcccc5ed8ff74c15bf0620a77
images_webp/0610.webp,105328,9610406c0a5f5399f68d00af2ec6f63bc358944520f3082c592e0d9e0c190ccc
images_webp/0611.webp,75600,70bf9d934dada513803dcec390deb0e1dead2cf8f606174a0bdc6e46951242ac
images_webp/0612.webp,79778,00e10ac0d42bcec0b8ddc237148cc39941d094a3b3624956ebbdaa98d5ce946e
images_webp/0613.webp,111614,712a97c59713b2a5a51a635b1baf766cbc393962625c58b7501dfd31c52a9b30
images_webp/0614.webp,82998,4c61cc810c172414151f0d38009ee2905bb11ea31c34170a825ab67028c8715b
images_webp/0615.webp,133766,e6285f5f0b6232fb2146a89771b1b42ac5b6948fddf0d15859fbec88bba00255
images_webp/0616.webp,79478,1cfc10ff08d60d0b1640f427f79e4756e9020e1fb333cdbcd1db5f7c9ca76d89
images_webp/0617.webp,68924,14b3b7d283ae6c8d99ecfed01e7caa8e3e7d89970d72211cfc38ec950ece7415
images_webp/0618.webp,69946,a10edc0fb4a40a124e58cf87bbaa4687408fac7997619e598bfae162f7460ef2
images_webp/0619.webp,63240,25093ca244fd4e1bb682ec98a882e8b32ad288288459ca479a8f7c1901025093
images_webp/0620.webp,105740,51dd1a65f80cfffd8290699a19d7f3efbf9b16b4905e60efd23627051f1c7803
images_webp/0621.webp,82562,05fe92ea90afb0f27c2977da0a3b26c8c7d78b1a65a7f4462874a661b8d5c7f9
images_webp/0622.webp,109182,ac528fa146354a852f0936e747adc8df4547272dbab35a58a378c6282de40747
images_webp/0623.webp,75790,acadd1accc247f18e498bd22fb46fb1cc70d0c718a684bc32c03ae9d97a99941
images_webp/0624.webp,100220,87412adee5a452366dce3458e8fa7d1301e192ca4045c189d6e3faa4e335d391
images_webp/0625.webp,53004,11d40ff88dd9e45ef921932e6b8f61682e48c3b570e7c26e2faec70b52d0d6b4
images_webp/0626.webp,111854,6f7658be6d7fc78e09b0ae299ba8f98dc8a50effcb02439dee41f418415f8a18
images_webp/0627.webp,58034,197459f9a4afb15cf780a15dd28985802c9446ab7ea382cc261f3db2dfb79343
images_webp/0628.webp,56720,b836aa7a436f9d548fdca34e3ad2f892e0c649bd12c2f061b8adaedb3b427e1b
images_webp/0629.webp,51716,488ecc3bbbfdf90e1ecd4ebaa73e01445cc7f402d0deb19ee7ff4dfb9adb8de5
images_webp/0630.webp,77500,bcf554b99982b663e17bff75a83d6b8c081adb0ffa3d602d9ace7dcd49419b6e
images_webp/0631.webp,86362,dab200cea1b2f549b612e6f0adc2937075db49256a834f5f212cd246ee3e6216
images_webp/0632.webp,81270,fe8cf6be5f6790d02cd48b13a20bdef32ce728656e6c8ff2bcce67d3a8918310
images_webp/0633.webp,66010,e2379fd35e0a0b09f00bad4d3a14e1cb25854de936054470e058e8b0ea71edcc
images_webp/0634.webp,76384,9f3c3e20b82f6f5d81f1147f4392e5a858f9d5f4ae4839acbaab1976b5aa485a
images_webp/0635.webp,118760,ec8063576575d3dcd7fc8cb47eba4e2ed3691f6437f91c67a665c3886fd96754
images_webp/0636.webp,93992,28f92545c9678b2bed06b88429578b5a58642bae019a68a45bc334bb0acbae4c
images_webp/0637.webp,99738,180b560c98c50529f5ad7dc344e9cd74d9f3f9ea3620f367d9e0886cdc7f7da4
images_webp/0638.webp,67596,9e5947a606009c4d3abee150cfbce81645503eeb0620e03776b7052f4c37c9ce
images_webp/0639.webp,62138,921f3d3a28e0e1d37dbf0555d3501dc25ea7e3faff4c4a5a34b930f1aa6fee3b
images_webp/0640.webp,75548,c0d3a53090f568b20c87935cfcbcebe2d299864840ba70284bccee3dd45ff65e
images_webp/0641.webp,88124,dc43698669ba93b3e88aa5b1fa83dc046eb17dd54a148a451dc8950da0013fdf
images_webp/0642.webp,72984,fd12bd65606d98cd5f2b4a952538730fc24ebdf862e2f6e4246fadb5528711b2
images_webp/0643.webp,94392,c75d6fb799a708a2143567ab0bbedf2174a99d13078613a684529da293d89663
images_webp/0644.webp,111100,a25bdc33d8f187c4ec12ef8af0841e7f4f6c5175f376e203ea1c9f86fa5e069c
images_webp/0645.webp,66414,0e579ae66e78589066915c3e475dd3a66d51002c776acbb1f626015374f8af03
images_webp/0646.webp,61236,e66fa2be806a44bc73c01b4f00c4371519a3b7cf4ff77e20eabeaa8f4a387103
images_webp/0647.webp,55814,f811296e8fcbeeb32c69986947891e18cfa8686e43d12bd16251ac5e89863f35
images_webp/0648.webp,60838,af7756da8ec9f150dabdcd65f326af118242a6e5839ac6ba42e3ee27d9c4a69f
images_webp/0649.webp,107750,1cc954af4041d46cd5e86bda235b6f907ac1c168ac9881c9f092c8e912ab869f
images_webp/0650.webp,88092,c5a1f9ee0c4170f5fde1f752c6fac987337c00d1f6521c83a2396037953b9d07
images_webp/0651.webp,60060,4ae5b23514fd5433c4cdf1ca0b185d96dc9911f23fa7f105b4764a9d42b6c7f6
images_webp/0652.webp,84392,bc1cb909fd85ee0585f83ff04d5065f67f16864f67db83326a1ee73a9c1358e5
images_webp/0653.webp,97508,dbd29c096f149f4e4005f99dca1bbdb369eb223d37018c6a040dae4a50ae0e63
images_webp/0654.webp,137908,34e7c38bd100b1674bd6b2dbf3982b6f1382bc9f1cb6bca9d0bc0971e6603866
images_webp/0655.webp,112784,97cb345941d0bf5cf9149c23e2f20ddfcd03d593e00bd9991c94f43c31588a42
images_webp/0656.webp,117628,0e5e78b66da20001ce04eeafe5d0a4b5d5e943a73386d9c87a2e326592f0425f
images_webp/0657.webp,70194,75d49fbf341291d1303ef2e3bfa406a54f6ce8a098cb190275d8c1b81445b712
images_webp/0658.webp,125934,5dd21b4d4a4dea218169cf218ecf3f20f3f203a31185ea67189194c9a8071696
images_webp/0659.webp,58206,813dfd9b4ddecae499778a29bbdd83d849840dcdf6c960a4be0f6c30319c1503
images_webp/0660.webp,127556,77e922e8b54c4cd03cb55eb426b73deced1e28807cfa061b7acca90aa2aaa853
images_webp/0661.webp,71988,49d808a4ff7fcacbdf38a1aacbeb27adf669e7c0fc69e77257ffc57c3f1002f3
images_webp/0662.webp,104186,067cd6dd3a4915987766902e91f04b89e968090a6bacdf5810242699db47c889
images_webp/0663.webp,74576,4efb5144c9efa3c575511ea26c52631c6e9518b9655d86c3dba5f474d25fffed
images_webp/0664.webp,63784,0cc5e0646ab2b3a198296a2b086ec0b898f8a1dd294038119312c7ca84449f3e
images_webp/0665.webp,64732,082705cff91d547153e8c8039377268f4ff3aca1a5dc41555f2de39a1b27b3f0
images_webp/0666.webp,100276,5a3cde85de4483a94e0d5ce057cda672e1f6b8e45a7e3325c8fb693d9b1a5fdd
images_webp/0667.webp,77960,7b4c5a7ba64d0a73ed2fb80b3a67e25a2ffa245df50a9b12385337d633f4afb2
images_webp/0668.webp,86954,39bac068be3b7525b69084977b1f14bc6df97c3d7081e76c34b9199a3515d085
images_webp/0669.webp,60084,61d6990df9c6bcfc0e9798749b590278a45a9f017cb966584b21298b49e4db5b
images_webp/0670.webp,75396,40df09044d24cf29eeff5b774c8d44eff74d67fd477e661fb7f9d47772872c5e
images_webp/0671.webp,81294,ff0f64f68cee1a9eee7cfe370044e9d8c8daff05c62dad0e01beb9be7d3b647d
images_webp/0672.webp,71172,111aa86315b1f880f9e17335a04a98dcb4bd8fe907479d6de424e9e97db9b23d
images_webp/0673.webp,54070,29c00a0bfb9eef1b96918eafb7a8473ac18e908aeac09d8f35694b92b96df14b
images_webp/0674.webp,57010,74e476ceaa9e24cb24b0993b8ff6718f52c147e8ddbbc6d92f34ff468d4e2d16
images_webp/0675.webp,72196,7d79993a3fd948444f99d4024ae91cc379e2d0535b6f89cb34e138197ef4f4fe
images_webp/0676.webp,71352,14dc69b03b5e96bcaf3e817b3e6c4553626eb39c8b34de3b19d561a1a39f0673
images_webp/0677.webp,120162,405df087ac4b7ccce8315a4bdfb3b5cba5e2582f6e76ba02b9f1c047b83557e2
images_webp/0678.webp,86324,03b5bcc6b1a1f301d9ac74a927d84445e286bfa0b7973d0642700ecfea52c547
images_webp/0679.webp,65184,032c60c7f2d03ba4d2cf64444d8af54c9ccfff3c343848eb0b1f46814127a94b
images_webp/0680.webp,72486,dc32f05d3ea445444eb4a1a0f659e9568a3bb1d5cd7ba36f4e4858b64f11db06
images_webp/0681.webp,82576,3516ddd394430d12630bf3b6c76c6422745dac32705ca84e88fbe5c15ead961e
images_webp/0682.webp,80804,52c7f35c4dd10328f021b283f793003807a4143d69f7eb0d345c6443ed007312
images_webp/0683.webp,84194,be5a5015ac702553f5acb27edd3b913a0aa4ce6d34e0a65bd4f5d1d9e72f0917
images_webp/0684.webp,79204,fd580a477753925a5aaeec2a7b3e801073222655be8b4610da6fd2ca1bcebe50
images_webp/0685.webp,102014,1db3951c4cc3d120e5d646238c693b1ea588cd7d843a5b0f1b042216c2c92f93
images_webp/0686.webp,52698,15c5fed81214d1a95e46f39a3d277d8ef5a3a1bb47395f0f6750324112e0d671
images_webp/0687.webp,75916,1c84f7736331bdbaa0e0015fb561fb03837e74b9611115903e8d2e571ee5fe6b
images_webp/0688.webp,81324,b7fd2e7cdf3e38437c03a512aa658f183b1bb36c7662bcadb2b9ee13f68a3fff
images_webp/0689.webp,85690,93f2ff930c5f4afe899c7896ffb5f9eb42e6ad5e0b9c72135d064888b30075d9
images_webp/0690.webp,76128,62b885af7d372ec03d15e23ff3c607e8184ee3d5495b3b802b50c129bf885c03
images_webp/0691.webp,82032,50ba658ada74982a0ed8c398348710b726854e7b36b318904ad1c23bdad2f60f
images_webp/0692.webp,90310,e776da6138baa9028803b81f6356404e241d4f19004b90a73485c6e1bb4f0807
images_webp/0693.webp,81106,7714db2ee5d5091ac9b68e17301c2a0ffccea89eb6b3725ae0109b6fadb51cc2
images_webp/0694.webp,59292,c03599b6cd4f760bbf38b5b32139adb4f743adad0dd7375044af05343c865a0b
images_webp/0695.webp,69774,32755fd0277314604bf5d7eea4f2f97c2e8ccca8d4517cc1aba5653ae814ee62
images_webp/0696.webp,98182,d22a267bfdce0279c32b21e22e5e2c8531770573b41c4f151c711d988f5a97c3
images_webp/0697.webp,151760,543b55ce45e1a7686a0c3e325b8ceb49c8da36f9ff5d5b41ffdaf4b6d7b7c308
images_webp/0698.webp,53688,f3105728c2221dcca585eee3982758106cec7af2f333610a2cd5ed6722ef09f1
images_webp/0699.webp,52380,50c2903e149cf37d47342de6711e657dea82b6423a6ded2ea9d22174b8b0356e
images_webp/0700.webp,101374,6d58d5316f8ff6c9b37dc0265a41f92b32e0186259e2fbf5d9bbac5bfb1b5408
images_webp/0701.webp,117018,629b0e2a731c16274c29fb3361ca6370124d7dd920b533eb031a6f4804b590ae
images_webp/0702.webp,74126,6d33695b52d60d8ab2689f0c6744081a81bb3b7ea49c7676badd9ae274f63741
images_webp/0703.webp,59112,a47225c5062c639312a9d4c343923732e99bd8a49d7e1fe78499b417d3dff8a5
images_webp/0704.webp,79382,7b1efb84cda4aafb38c0d747b493c42596a8c6fadb6fed56a532ca0fd58e9ca3
images_webp/0705.webp,82504,410de0a816fdb44e6c86c80dbeac770edc790a1b699c18f1ad0a211d7d713c31
images_webp/0706.webp,82334,0b54254922880afeeca7873cb1973e104706d327b01f657fc937a48776ce0bfc
images_webp/0707.webp,91796,cddc96d76c57e640bbdae6f0d0a392039ec243dd518308118a226c1a70336277
images_webp/0708.webp,67396,e871c7bcfc8b346e3cbfe85d048c5caaab5d9a3aedf5709d84655a983cbe1ce4
images_webp/0709.webp,64732,fbb9e1ed841badb0b43853280f356c94704c2682aa131430549e84bf15a94f77
images_webp/0710.webp,65450,ae6934150c11143aba4333019409cb12207e3908711324a63c915746d1dd9b45
images_webp/0711.webp,92212,1630cff951b125fdcf5e3f3e9f0bafaef187842a0071f0b52a55d1911e2e0a9f
images_webp/0712.webp,72242,d2d3fcd55e9f4e5170a669f0d87f57ce9d3d9fcc6a6182141f88bc11c8598422
images_webp/0713.webp,57646,8a3b1ea7e8a41bf4149bead0bc1faf72ae835fa2c87d83ecd53b6a416a2dbccc
images_webp/0714.webp,60544,9f3e524336d745716ec21b9ff7b9cea85c922ee00623c388eb507d58bb61545b
images_webp/0715.webp,152298,60fb7569267b7f42e3be5edabce46c8b2915804904b83801ba6736541493a13e
images_webp/0716.webp,63162,91c36c25f1ea7d58e3008e89c2670670191f2e10cf1d24e93394e4f16d4fe850
images_webp/0717.webp,58694,2b30b97749b581764b986ca9594f45da0647eb9729e06ee69d13e488d1653df8
images_webp/0718.webp,145514,349e433d199fdb05a1877ae6138526cc3437818123a57e6d07cf5a5fe340222f
images_webp/0719.webp,91286,86b60eeb1b55e0b6a66e3af8b846bae23ebaae4b41ae84b4633c0424a1a8608c
images_webp/0720.webp,77304,a19c390bdb1045e93145dc7484c1739c93f85db83e72a8b1a9e7491f67d86b8b
images_webp/0721.webp,99972,b34e74f4bd4f30fd0145cd2f0f42619e9fdf1be9a9002cf3833d9bf4ca0cb8a3
images_webp/0722.webp,49516,6c45f71b30da4e601cb6ab1f992237b0fc5be54daf223752fbb82e82c53f1177
images_webp/0723.webp,64212,b49cbbd82cbf7bb836e5b01e42350180bfad2ed72a47116c4629a1407494c2af
images_webp/0724.webp,48948,97879bb6ab32c76f48341bac208325b76348214c0039193f64f378575739bfbf
images_webp/0725.webp,67832,e738262007a405bd0ea7a77559dc0259bf4cda9492f3827fc4e7d516a79be22f
images_webp/0726.webp,67774,7c98d61fb15b52dc567bc531fd3a75a6d0832445976537eb054ae3f0ec80fb7e
images_webp/0727.webp,59326,8ecaa1e29c3c37443aea962c74ade39637903813b8b3cd56fd838a9720872379
images_webp/0728.webp,83204,e6ec4f33ca69cc4849cc8065242ee06e2646a5874668ff11e24e3a9903fa3c0d
images_webp/0729.webp,119444,3cef2d6d2e3b0f116e999a8d57a890b2d417bf194034c8c1fb7c56aff68723ed
images_webp/0730.webp,78898,5668cee0c32f89209e9ec6b6c6432e2b78b854835d21c78468efd6afa12e5177
images_webp/0731.webp,66736,4ad6cd5b361ae38d5268e3962d9f1c14fd8a04da2a0ca33d641f8cf30108fcd3
images_webp/0732.webp,79468,822095c55cfcefd7888f860a9687f08136f3feb669ee683f93f5fd04b3ccf853
images_webp/0733.webp,82862,0927719e010cd5e5a6568c270db9e08123cef9540b3e88cb5721934cbf9fdb0c
images_webp/0734.webp,84862,71c8b7ff676937b51cc9df7e921293c79520cea2ca2a76e82e4288ff460152eb
images_webp/0735.webp,82730,5f2a0a19be69687b81a83c5f1e5d7a4ceaeba95e856df71b7fd396b368d4416f
images_webp/0736.webp,114984,88721721a8552693a556a3fc357d402cb44e70cc68951c5f081be2d180455386
images_webp/0737.webp,81402,495fc7825e41a465d7857dc316c3c70bfaf90948eba030d36d0c150d73a2974d
images_webp/0738.webp,79016,93e95cfccf6830ee2a3b8642bd4e2b7db90e64f88089ac65b45a7dcf4d70e3dd
images_webp/0739.webp,100288,027b2473d09b0c79285e9ddcd54bc81992eecc3b89a1a656b46725d888ee6b13
images_webp/0740.webp,50260,d1005b49f2fa1c5f2b03c5f424448a0661f819ec1e70737f71dd3e32869bbedc
images_webp/0741.webp,92630,63fb0806061186fdc1d0689e087476ba7536401ede8421b4e75461052a614980
images_webp/0742.webp,73054,4e868ba8b1527b87f570ed05262584f618f9df35c78cbf106b93e4f15a03bb9e
images_webp/0743.webp,82270,54b0fd75cb98da1f442c72f6f9e49d084374e5ad81f78a2e7f30e55040bd4863
images_webp/0744.webp,59872,f6a06e67bba5c1624e4da4ebedb68cf199f86682f6d726782a0ca3a2017bb284
images_webp/0745.webp,62284,6bf93048ebcb18289dafabc37dd20f6d6946133cce80f670bffa4e22d2d96579
images_webp/0746.webp,74012,995b6040ef705adc4458ac5005e040e44a50b3e3b9cadd5a79c28da0c9097d02
images_webp/0747.webp,94832,fc69e0a23d8b0222593c9457152df9e9f9ed102d81460c14201671e147ad05ad
images_webp/0748.webp,92446,e75f269bac7925b7634d96aad9e1466e63742022f8bb8a64e36d11c012a7a2f0
images_webp/0749.webp,110176,f9178bb28f57ca3c4f2c08d9deec943d74e6a0e0a678de891cdbe8e94b136922
images_webp/0750.webp,66224,19fd727b92236fbf6b09c5bbba3ca41360b2e0784b68ede0269ccf939aff0e9d
images_webp/0751.webp,90350,f7fdf25a8ec7e204bb7d5f2eb82124458c6491d2b9bd6d25da254a0debadbea8
images_webp/0752.webp,56718,bfc155246a7220fcefe6d0331b1cc6a07bb63b70d8f998067ce6db43c52ab945
images_webp/0753.webp,66456,9a72b61c294ffa88938fc41fe2d2ae2770247c10cdbca9e809f903189f5330e1
images_webp/0754.webp,121834,7039a2b83be2be93d599fe45b04b1fd2429f8363fbe57e6e4e44dcb011676469
images_webp/0755.webp,69366,445f37f8b25ccd9f64f22d4678268b98e9175817e30871934385e7fa88f55078
images_webp/0756.webp,83912,62a08cad39aa108aafea3c84dee3f20789aade6df8eed3b4588487c9f3db2ff9
images_webp/0757.webp,135336,5206a9bfcddfdc8128babae1edc35c31d5c66a967d290558bffc8a62e5f371d7
images_webp/0758.webp,55808,6143a556ede1096da0c39c8506d4d126a6a4599d25b9312998247e2bbb917645
images_webp/0759.webp,119076,b8e8bde797d4d8ad6e031749ef8712d6cf72e6c0e2f34b99e57046cf4361cac8
images_webp/0760.webp,84890,c3081fd5596a409df5010554d5557aaebd11f64bf47275d00eaf1489f94420ce
images_webp/0761.webp,126992,bb8a4c2c72b10171ae8dfd9686814117e56bc0606f5a05efa5da504abb83afa0
images_webp/0762.webp,91712,53bd657b459b82166b39afb216fce14d96ff58a06470cf43e0dd1b6912d94037
images_webp/0763.webp,95518,c87eb6bc3f4a74507c0201cbfaedefcf3b7f2b3cf6f9df8308f775ad257bef39
images_webp/0764.webp,59984,5b11175efa8eeb97981ec70ee152d8432d7cb5e8abf77a6fc91b105ad3ff52e9
images_webp/0765.webp,80772,74ff8732f66a2a34c5d25ff3ed2914768c67bbf903664d997b42a33f16fedf50
images_webp/0766.webp,59784,ea34e7d508dc146edde2d39197e4f6285cee846c3389591c664fd15c3081ab1d
images_webp/0767.webp,64132,85f7baa48848aff1f42d44453e0ad0026dd96e2ebb689432984f4f557bea6f69
images_webp/0768.webp,62738,4341e0c749e2c544082193a97368016f5f670cb073f7d98d18895f8a71b8f5c2
images_webp/0769.webp,100106,4e9f54a97f7621eb8100fea5c58aba22056a259734e23ed5c722d8be15852535
images_webp/0770.webp,84428,a567184b15a0bc9d9f00f3fa86f7198f761a69a35a459b674c6389aabc618d55
images_webp/0771.webp,121024,ad9171c29898b4361e47ae60137466fed6c706426c843d920c80d49264d59a02
images_webp/0772.webp,57300,8a7302e128a9a373c1b13e29add4c4c153d35ab923802726273aed45ffacd346
images_webp/0773.webp,79614,feba543d87124c3d689384ca38beb12233d5705d264a71ffbe069f260b152bad
images_webp/0774.webp,80852,5475ba5af12be0b4d7144b266676cf0d70b40df1d1482b7609a899d20fdfea9c
images_webp/0775.webp,77036,9ef1cc7c7632219de95891275aab85ddd6a907d0e8fc8a17badbb14a819074cf
images_webp/0776.webp,82444,edc3e5cd162651d2bd5cbd85124c3a6b772ef74065685ec7bf8a89badfb14093
images_webp/0777.webp,66530,f01832f88f064b469803b704597d6ee42efe5ed56a212330bae5da8673553eb2
images_webp/0778.webp,71270,54205a02b1551aab66b4ccbe771d8b5c2fe75dc5679ca2561df25b68a49dcf16
images_webp/0779.webp,57702,d8126279854b3673771a2f1df138858a00ad74a5a29aa1cb44de297ea1a11fcf
images_webp/0780.webp,119020,19ff3de2be8d241917468f5ec3836782d47b6ae13c4033fa76b51bfc25c2b557
images_webp/0781.webp,87726,41e33301661e5f15ab1b521fd727567a014ce6d7fe2116f9ec64c5aa0d9ea906
images_webp/0782.webp,77396,e17884810ff15257867b1a6318cbc0e32b99f90e5893c04d3fb49b94674c76b3
images_webp/0783.webp,68680,1ceb0e508a9dfee66f7964889cd570e50df9f9fca48a78e8443e2a7d2ecaef8e
images_webp/0784.webp,79092,ba6a6c711daaaaac5428e78533a33ce57427c5a70ef0bee265bc424bb68f3e94
images_webp/0785.webp,98464,e2ded3ffbfd7c25078e191256978217a966fcb91afea7bbf3067478c710b63f2
images_webp/0786.webp,127950,8b51480a87bc085fbfa00a0ffbcf57fad26674c2cf2531c03af2b67ead8989fc
images_webp/0787.webp,50834,a80920c8c5b9001d146b3245704e4b86e137842a1d48fe2cb3d76e5730b388e2
images_webp/0788.webp,84224,023de88742c16bb3a15e719f8ad41ff064d8fdbd98b29f352705c0c563976db1
images_webp/0789.webp,103842,276020472c840a9c651313371361f926d341b4596bd6e9f9794f6fad871b061c
images_webp/0790.webp,50612,099c62f41e1652702696336383e6470329d51ee660cf51eb7bdff0ded533dfb5
images_webp/0791.webp,55752,128584bc8b4d8be52c32daff68b310a18695a5dde0dc4d661c0099b2cdb8bc03
images_webp/0792.webp,79550,b924915e3921234554ca8e71c1534d975f40056699e6d280d6312da3d47b0d1b
images_webp/0793.webp,141412,8cc4b800d6f3f0725f0dfbd63b8aa43ee44c825da36a6c44aeee126b23af2610
images_webp/0794.webp,85950,615015e8458f633fb01cb79179d5d3361ffd2bf13a3cf86ea16e1278ab8852a9
images_webp/0795.webp,57312,97e93cd4e727026894a17651d566ea150671542976dfe9bee60fb454702b2eb3
images_webp/0796.webp,71954,1c0acf1d0a622f232bda72d7dba633edb959d0ac20b128d5840bd9c0da85bdf7
images_webp/0797.webp,75860,951d287e90e498e199339d2c924027cd364ed052d68734909485a2a1505b7542
images_webp/0798.webp,67830,3ffe0ec12eeafa215b84b5117e0bd6e9a97dd798526c7204fc81eb1bf52ce99a
images_webp/0799.webp,83618,4ec50d730a2aba87d1fc0f57c5e7b2cfb6730b13171ed9c1fc8cf0a15cb33e1a
images_webp/0800.webp,105390,a3f20c4d6beb51c66be1b0793bf50746e101a141e0b7833d4df08bdcbea0624d
images_webp/0801.webp,49370,5d50bed15257bd52f3689acd59a987885bf39a3e230506cc4d28cdd921d6ff5f
images_webp/0802.webp,84512,5e12ac4009443073a227549affad896075620464685e0d653fe188ff98f1e9ef
images_webp/0803.webp,57908,7fdbe7f0b9b78ae1e8f3c5e37fa847ac7a4e373de51bcbfb7dd3a2538a124fc3
images_webp/0804.webp,71610,5327653243f559c8c61e752e43912f6c7d9a1af24679377ddca18ece3ace5a57
images_webp/0805.webp,112680,0ec0a7d0a188a0100217cb1eda86867ff85c67e57cc319d9155ab1abb722c2e4
images_webp/0806.webp,104422,1b2f5088cfbc027614e5c5bd5c4e85d7efc4fadac41dc8eac16f54bb2f91518d
images_webp/0807.webp,50646,b97d38954370afbf2d0ae714a4b137799de8c4b332b4d90dad976c9e51e12326
images_webp/0808.webp,51034,d28a05353e3ffdb7faf881f36359d14c229844ede159db9b207c76bb6f2cf980
images_webp/0809.webp,45864,694e6b47d0dfd4dacb1b691066926826aacaad7c0049f1b65cd1543adba63c1b
images_webp/0810.webp,62796,0e39aeee1fe131d194c74951bcdd31a1fb2d4d193cd5fea05c7927904bead97c
images_webp/0811.webp,54678,a95b85bef8b1e583cd906f750d7e01bd307a337ea32ac40f0e21fc1b64cf8e11
images_webp/0812.webp,105222,b519c02f5d58827a4594da3476f2ed4f96e35dfbb814cc8ac5eeada1de4422e2
images_webp/0813.webp,57626,ce6ac65d374c7d9b1c02ef540f68c795bf8feae604831591477f10e2a56f2dac
images_webp/0814.webp,84930,12361101030c7ceb046f25a823c1970566d15460e4b46c5b8a676f7ee40f5fbc
images_webp/0815.webp,96064,745d913046649ce2b504b6492cfb30579b96391dcad6bc1386c486428b4cb67c
images_webp/0816.webp,102564,969bf2490362467b1606bc7c6f850c8118e0ab4b0b02ae3708337e0f2cf2b231
images_webp/0817.webp,89582,462972c49392fccb616a0878611e75897a6d50dc023d781389f5feb489b97ea0
images_webp/0818.webp,72150,96a2a9c8c9b86614d73f62e624167e36ffbe754786d4fa99d80cdbb4ddb97fd0
images_webp/0819.webp,80290,dcf64520e59662c0f64f1131799be1fda2421b4a029e8f52e9f09cd38d1c8c5d
images_webp/0820.webp,55904,efc046c983df791c7e1ef962d2f6903dbc68b7ed19a3dc91d9dbb6c2342fa95a
images_webp/0821.webp,148378,e7d345588177d93ac4c3d4eb4289862598c9d997eed35dbacbc5e7ccbde6d9ed
images_webp/0822.webp,138158,e2af4fb5e84deb9ed2d4e8791d1fa2a1552ce14245d0784c9cff427d3ce89853
images_webp/0823.webp,106350,6b6cbdb76f75d3f96a2196597fefef52eefaa7528791dbb5a5ae56542bbf85f1
images_webp/0824.webp,79910,1ada58b03ab0da567b9e806f785614a827f616ad58ffd16a86f5efe2a6da959c
images_webp/0825.webp,54140,e82f938a096e1cf19641ed560fd109e2ba200cb08860c4a9e4710d8af5b3bc44
images_webp/0826.webp,130548,9ae59d0f8dfa6588c11562816ae410a5ceb90cfaa4b34ae9b2dc594ea3a2d0de
images_webp/0827.webp,65208,def769c9f9dc5cefa345115c771b11a5894e174dd5fde384d5e8920d44179e4a
images_webp/0828.webp,73950,65077764e6e8a01c4259883325a6b96df933be1c169bd935b098e4792eaf8fb4
images_webp/0829.webp,80470,40d6347337d09b3e999facd49cc3bc3315b8ea4ff378ca8e42478b2239877432
images_webp/0830.webp,98468,bfa95d16dad52f5ec1deaa048ac7e99dd55be70b6e2f162de36b5fc1fb0a5f9c
images_webp/0831.webp,94960,d680e639a3e755b8847392f554bd30a0be7afd438559d51ced72adf63d244c9f
images_webp/0832.webp,72578,46c5dde243cbb5e0671067d2ef95c87f610c1a326e066df4f48caddb7b89ad46
images_webp/0833.webp,88470,c53ced2bdc03ba0c56fc57cafe50684bdcf2b6ef41298abb208df488c378a08e
images_webp/0834.webp,64538,8b31e8cb9ffbd706fe22e850c27d1ef98ea305ac12c78b3408bcd0897fd729c4
images_webp/0835.webp,96378,b5fe4d9fe9af9073f849ba73f3040df26b8ebb46d7d27db451796e0656ea10b5
images_webp/0836.webp,81032,3b8d01055125b7618c334738d5af4ede7f90e99cc6e032f174149b96282258e3
images_webp/0837.webp,129784,5ad8644fff05ea650fc50d6046ffbed22b3f030e8eafa94dcd160cea1fa282e1
images_webp/0838.webp,114330,29cfd07f17846de1f5074eae3ad1f7a633689d21a1feebf967922df6b346c69e
images_webp/0839.webp,61376,67b824778b8c155beb8c92573a4626485add7d926d590e41e84f9bdf0d753c73
images_webp/0840.webp,55416,c2a51bfd43988579ceaa11b54b41c31e4f70aaaf26690079890ec24a7234a245
images_webp/0841.webp,89522,04d6f6645cebba5716f2f3c013f72cc170558a69fc71462cdd303aeaee0dd7ce
images_webp/0842.webp,84442,44466ed9c3142f67dcb03f7d8b9dddab8f43809418cb13340e218a2d8e127a64
images_webp/0843.webp,51572,4328d4a2d84b2750aeb4dacda8697057bc8758ac1f927c941d1fc2f63cd32c37
images_webp/0844.webp,62546,2eff16c9a78a261479f52bd9ea2e73773b93b003494300ea79665cf6459276b1
images_webp/0845.webp,102730,831e021e3dcba2b29dfa8a6f5c506f696585e7f7f9563e0c7bf00157a6721639
images_webp/0846.webp,93830,4e215f552df80143207dce0c2c020ad0564c0fbcd3adbefb7ce65cb247928b18
images_webp/0847.webp,82136,12abe27935be04474d068a363f1db45366607f34430e5aa730704765dafa185f
images_webp/0848.webp,81442,b52d9765f25ffdd7ed9c9a5465c9769dbf17ed5b3e7d8c3ab6d590c13fbef7d6
images_webp/0849.webp,121044,1716939078053aa929cc2e35d3e4e39ff5a0f47a4f99600ddc8ef01bd18175f0
images_webp/0850.webp,89584,9301dbd148f23d6994bea99821bb234d48c2b9d52177c972928e7aad9efb096d
images_webp/0851.webp,65736,29084dd2b21b800cef611aca8fbad9db98f8380def3ce8fbaba8ebf9445fdab6
images_webp/0852.webp,99564,885bc57d1268f9bf0b77467b6ecbbac03ce88d2d5ff9626b26b3862ccfbfb586
images_webp/0853.webp,105234,d24c9da859d6d584900a4dc4623dcb6f5ae801b0af08ae48bc6e03e70cc9ee34
images_webp/0854.webp,95932,59d751fc6bcaa250df402e9f49735a64a046b76b268766b95715e29a184ffd53
images_webp/0855.webp,83622,1c24ef18d6aed7ddb3ff665cd1e15776c3886a97e0450c3dcc4a4a3ce401600e
images_webp/0856.webp,133384,4eed4951dc16444ea16445f555599df9e3bb7b77721971d59849baa9e50d7268
images_webp/0857.webp,66670,b795c186e24622099750b296f02ef1805373cb9c0e3665dbb9b3d621636294fb
images_webp/0858.webp,122060,9a4af9e4321ef856f38e4aa67946a1a81176aa84a3020cbd9c98b78234092e08
images_webp/0859.webp,102630,fefbab41972e97632655f78110347dd776fc5c1ee8e49a69e6877a1d846decbe
images_webp/0860.webp,67276,d5799d0d763a63c2193a900ffe345aaba6efd3722f2731de4390e4436cff19bb
images_webp/0861.webp,80998,b70c21bbf5d240799f753c6c3aca04f25892fb757cd19b8737e71f8075faabbb
images_webp/0862.webp,139174,8d6341c2f383974607169622ce300c1263c71fb5689e8a0ed3b1e6ef34109e1d
images_webp/0863.webp,66974,9cf75b8d308e08e82eeab7ab864bef341cff68c11d94771c7db965b93594119b
images_webp/0864.webp,99114,8e3008647b3520ece15699f253300e6fb7d469cebb66303b004fec039f53552b
images_webp/0865.webp,80824,0858d399565a9a8b533f2f61cb041ae61e1d46b9b889d62ee551a158895b7460
images_webp/0866.webp,66010,88b87bddcea4af15b7aade1f03d090c91f62f9adcaf7af7811e83ffabddf1f89
images_webp/0867.webp,121214,55932f0ef1fda31dbf03474f62a19d7af6412ee175179f88416fb17562b15b93
images_webp/0868.webp,71848,b933099e13aed4759ab0e1f171d2b920115a75979eda08804a56ea585bb448ec
images_webp/0869.webp,81190,3d1a91bc8289481828986e57155d63adffa08e52b02b2a7fb90cbbe2d2d52394
images_webp/0870.webp,67950,9ad192719ff8f831c8cdeed0d79e00adc2e4ebab309e214ea8e38b9bb7d8fac0
images_webp/0871.webp,87046,1a7842666e01fe09b0b4d0197fc78dbbfede11f4a4c7128c562160e50307d64e
images_webp/0872.webp,70726,ac6ee057de75f28af34aeccddf0f8ddd6d73d2573a33ba1698e14148dea5105b
images_webp/0873.webp,144218,afee972d18f46af5d19247b4cbb26f6f7f01d3c4ccb0f18b42f2c1dd2d2204cd
images_webp/0874.webp,67584,538f56d81e7238edf3a78ea6039b71ddf51921e61a304700f451c44299c2fee7
images_webp/0875.webp,83328,f92eafbbd9a983445306e50e9ca5ef38d0be4459016b8c474baf5d84db56e1bd
images_webp/0876.webp,76606,09ac63206cce5fd37a3cb327f18a94f344c5c3a0e17421e310798bd3131a12b8
images_webp/0877.webp,69724,ccfc19b78e7b5f7cfb0e95cb6cba00fa81321683602fcd70b5649143e258954f
images_webp/0878.webp,79898,19e945d68746a2a79b32db28d4acf85359807ac308028499e858c93c82b88a0c
images_webp/0879.webp,60710,66b9a291706e4e620eaef6dff572015c2cb9ed89b319e98da7ef91e95a159d69
images_webp/0880.webp,59372,036296d33078c0b8ed8353550cbc0db1193cae087cfcba007e9b42015d96981a
images_webp/0881.webp,85284,46ad311ea625e5e49bc8f99be9c076b33288cab44fb16c705f221ba69d0830ce
images_webp/0882.webp,80916,905a56d2cec17553dfb721504263570aa76620b5c5873e9cf2e5213fe0dc9036
images_webp/0883.webp,78198,d7070d060999f18a2d0319128347467894abe1409e2cfbe291bbf55a6330fe69
images_webp/0884.webp,74764,df88350481600a2d554cca3e8004c63057efaceab90fe6fd6a36d5a215e74f47
images_webp/0885.webp,72228,4332d81391ea9f64deb6f271f98cd02064e06ce3625ef8f9e7dade08c2787039
images_webp/0886.webp,95576,324819e9a7b4c5344d522f951b15028d8d0af5c77e61ad4bab7fec2b4643b572
images_webp/0887.webp,100944,51d5f8ac508fa13acc92b69eceec9c7a451aad122731a15cf2e60dfb0256e922
images_webp/0888.webp,54158,43c7fe5b5ea898c703ff00e257ecdd3eccd9abc8b6d2c01635b655c586ef20a8
images_webp/0889.webp,54108,6345ad3dffd4524c13f6489b13e21d9bea4180cca33732f86a46fcc9aca1cceb
images_webp/0890.webp,110034,3f6a782f426baac2d1039e4332bacf6cf8d8d09299892e53d121fd5d9c01f78f
images_webp/0891.webp,101292,2ef51259bda45e449739fa1c77e6a63765d8d3db1a798f547ce829787cbd0986
images_webp/0892.webp,105666,08c0cc4c9cdb24ba1f57cdb28574202d88e87c65251b0b080a767285c55877b7
images_webp/0893.webp,66000,7233b9e104292536188c6378c943eff92b8765cd8f34d858770dbb6d10cc2547
images_webp/0894.webp,66442,84e4e846726396811e6b9ee659f67626f6cd90943e2279f2e49d93255bf19a86
images_webp/0895.webp,53862,c84636f30fac2acec6b634cd6816903b2487daab1a6dbb256b2422e9a445d0b6
images_webp/0896.webp,53504,df63c6762d0407084a32ca364cd4470928aacaa7ed2d4b1029f0f715a83a38d5
images_webp/0897.webp,65566,0ba09d81707dba5d4c65e530fa17283f370529e3832ad87b8e2c3bb2ab45803a
images_webp/0898.webp,74544,59a546f21890f242baf83e7cd127fcefbd24a76f2fca5b4be8bbd6fa42db5fa1
images_webp/0899.webp,128010,aba2e12f89fab82e5c188f4b2183a5c8f1c850f0325ec4f8586e11b9e3738cd6
images_webp/0900.webp,96460,d9451ec30540e7e1e7b1888f221d98337ada75288dfe986e9a6362f2d1af127b
images_webp/0901.webp,72694,ca36007729da105f9652bc1c30b05a8a65a0c8a2a3cf11d4a872c779d0df11ec
images_webp/0902.webp,66064,7d50a04b8edce48bd16418fad87cf7a6e003897b79a456cac703540cddc4b8ce
images_webp/0903.webp,45556,0ec259e80d10d8fd3b78d0c992806f6bdb1af0668913daf70cc2ce1d2f64dbd8
images_webp/0904.webp,81390,d0ef70c99f5985a31f7a81328d38d5600399704924698eabe8d7bafb2213f09a
images_webp/0905.webp,119798,cec785205645e1dc645d1c24f1c53afcd11af544fbb2012d5673c5d45499d80a
images_webp/0906.webp,76142,bd87c7558a88d426bcb0bdae35167efa8cb43b077296a018bc91efc731c393ea
images_webp/0907.webp,72898,a876ef18d662dc42714b42008a332bbd95c7f733c88ef051e0a9bb5de0f4137a
images_webp/0908.webp,116334,2ca2c060abe71a0ef265d01ee9155525d56de465e32aeb9db2e8ffb45b5895e4
images_webp/0909.webp,73826,e9b05639bc6c94bf3c2b4c515cbceb1ed04fd99e687cf5d2306ba934f5aed0a1
images_webp/0910.webp,83138,4f7c125f709c6c725f3d89d8ad7f93be621fb7a998412b6a44848929e4d20a72
images_webp/0911.webp,104286,3f621a867000ba3dfef85aa512fc78db6f374ad3cad7826076cbdf18021812f3
images_webp/0912.webp,94558,2144a7a707efa015b1e0048f930e31a97d0f2ac4a526737ee756d76457e681cb
images_webp/0913.webp,88244,9c0fcfd457538a7c08724dab6df6e527b8146ae052cee9bf52f75e5f35b17434
images_webp/0914.webp,77068,f6b2f10c0fd9e429aa5c35b04eaa0857ed0590b92f4123e290e327b99d994b94
images_webp/0915.webp,49620,0fda5a16ff4bc68d22679b6027a456f31082aa10628538e054e6ed448a2a2002
images_webp/0916.webp,122232,bcef7286420e2591af3d7d08019f75cb5573191701c878a20e75a8a3de5ded7b
images_webp/0917.webp,69338,a23d7e9bf9d1123bb85fb84d408db760d2e92879e914910c88184b45d77c36cf
images_webp/0918.webp,50898,8428e91d517dd7aedf8360afa9769e110791aa1c5fa809e217e39c7e18f08e18
images_webp/0919.webp,110170,210d56b3b7c52e5b3edf3984a99af8af7c0ee139ebcd824f41a515d9b96dab16
images_webp/0920.webp,56152,31a7cf581f94340decc6f47507afadc100892d66acf8c5f1a975dc7d2d3f4623
images_webp/0921.webp,70096,3a8ec3fb3d1a31c0c7e070ca5a2b58393f3e4937aaf651c10d4b30b7e3f42c43
images_webp/0922.webp,67344,fe34d071db05a12c0870aa9cf29a52d66b20930e6f7a85e7108b04ea25fb9a06
images_webp/0923.webp,99484,80b8a7654ef4e1c21b7120f313e11dfcdf1a9e1f74f9173dbd9b1f5c93d9f2d6
images_webp/0924.webp,84788,e4f63e504ebf23f715a37de56c64d9a36ae0f30e303c50d2028aa4c078028b85
images_webp/0925.webp,145674,a1a616f3044d7a73258e67e97469f642993b4181dd021d352b4b01f07740343e
images_webp/0926.webp,83714,e0cf6fbe4fe654c02e6943dcd14261605a9b17b63a9a090b985b274c4be26260
images_webp/0927.webp,53318,1c3a7acef815f16098ecc9f07a66ac094e89463958ce9e6c171cd37ec7fc67e3
images_webp/0928.webp,138458,674e117dce244704a19048ae2cc8ecd7feb1ddd7f1196c494c4ccf9d8f0c7699
images_webp/0929.webp,129980,4b282e353fcc419a2418590c7452a5c9a985963975ea0b75faeee39b3cf087d5
images_webp/0930.webp,94234,b9d77dd03fde60074451f42423aa4d25755a41e5b7d3e898fe8a02b1f22a448a
images_webp/0931.webp,72266,923ea7903c7c700b712105618a3081b8c24804df3af946ae5078bde87682191f
images_webp/0932.webp,115564,6207f6cb8418f90af3f7dca40dbbbb95647a5aa28cdec515c410507a08054aa4
images_webp/0933.webp,89352,bceebf3f609c7da4301f2010dd4505649bdabb83ce5d65a039903f7eaf547143
images_webp/0934.webp,70094,05a333338be41353b9cb65e0d79a4fcbf2536de035c04a3240ab88a847891de8
images_webp/0935.webp,116208,968ca02ee968a0421eaad5398fe3be93912cb0254aa975ff3fe8dbb3615a26e5
images_webp/0936.webp,72490,8145f9307b039e0d75120367675a5ccf5c8893d4540276e0e6c0cf6e94ab2f8f
images_webp/0937.webp,60080,4fe3685b22a473367376825b2a5c3bf1b476cb773dd44eac7e8710963a30b46d
images_webp/0938.webp,61064,43a1dcfe7b9ba390703884c9d8fadead6281db102cde7ab32bee0fedc9f6b14d
images_webp/0939.webp,89706,13cc3afb63ee5ad4c14cb80a232a2dc695c5d2db4a27bfa89fcff3d8bbbf3c26
images_webp/0940.webp,69464,45fe856bb7af32c53695c59b41161abd4b0c901066d1d46245a3e6f87af0042c
images_webp/0941.webp,80478,64e7401e25e8e83ebf8b44e823b4b721f585f31512c26c448e264815634d52e2
images_webp/0942.webp,89668,d687c4efe00d981f4ab96dd57b0f23cfa405f5bb21e2924dcd04c1b9091a792d
images_webp/0943.webp,78592,8aa49629cd368fa1ba8e64305c37403dfaa0ad18754425e9061e3826415f6835
images_webp/0944.webp,45032,3df471f43d50e70fda7188f7e6a428a0bec92b5233f491b4ff5f1e7e6d97969b
images_webp/0945.webp,98746,ed4086ff7f9d397b2f3c07bd504ef31b3f1c448e5a4fb73d9d0e6b0f10278f76
images_webp/0946.webp,50624,85015d5dd01795cf618a2600966a23a5d7f8ad9610269b9cdd0caeefb284451e
images_webp/0947.webp,61964,6004e8bfb6d6f834c8fde2f2fd3a74a8a18590572b2f8a982b8f67a3fcc62a1c
images_webp/0948.webp,61102,ba1d1704b88e84f750d5886a9be4d39830375a33fb0eefcdb659a8d0dc9ac099
images_webp/0949.webp,60884,59be638f44c107f4293ef07ee4266641ea986375ad540188278065b7ec0497b0
images_webp/0950.webp,58840,e28da4f53f2a230ae96d978c01db1aee305063bc54ba316dc1ebb3a0962f8265
images_webp/0951.webp,96308,11a54962af8f3c8dfd28a6115c2e48ad5ddc99db99a9716cb29f425edc331033
images_webp/0952.webp,71132,7fb2d227851a7db1dd64e9b22e05aeb49ec109e29dbacbf303684d656ee122a3
images_webp/0953.webp,68724,11ca49c35036bb2943fd32baae533645c30386f5c6af3d28d8df6d1a441aed87
images_webp/0954.webp,149480,0042a33616b219d2cdd167b2a23fe26708c89a00aade3c898473f39d3c9a8167
images_webp/0955.webp,126846,d064e86320c44dcbf63ef7b90fc0b1c9729d1d89b1785313fc5430d6f14732d8
images_webp/0956.webp,64140,a381482b9b1d1396862e9a1a53aaccf10f66fadee11ed9448dc0f5dc02782882
images_webp/0957.webp,88418,d41626609e76c52194393bf22f082306274f8008073368aa145364727659cc8f
images_webp/0958.webp,72380,7f3aea7b31434504e9e52254c3f2e41c5fa8b9330cf5a7ceba3eca5134f217a6
images_webp/0959.webp,63866,5d99751bc3d08963654a1872cbac7ffa834be33e38ee555dd60988212139297c
images_webp/0960.webp,99584,f62d3991a1323d76d5ad5abc09f28cafed86384189488e8e0d0b0f86f29ba0a3
images_webp/0961.webp,77462,89dfc5f7759ab4bed592eabf377ee9a3d519f2a819430d7244a0ca99941c8f1f
images_webp/0962.webp,88586,884bbcacea55228c90e16ada8d46f3db54e49dd256f1f881bd032ea655970c5d
images_webp/0963.webp,88522,84ece6147bd477f6ba26a9fb7e7e2c1aad4fd7f9e54cdc1356861c37c24cd765
images_webp/0964.webp,62946,cd83d1f445dd3a1f5967b8c13c4c7634fb0779f08e5e812f9752fba242c034bc
images_webp/0965.webp,68770,40e340c6ff756e09822fe8fc8794f00a937ef09f4b7a61540cff2665b4b8ac5f
images_webp/0966.webp,68238,2255b09c39f55d1d8fecc40d0dabf71b8293b41f65241a864ae8ddebfdb5f1c3
images_webp/0967.webp,44206,76730d2b4e6426aa76c1b1495de45b18f286343cf4b2e2d504ef24767ec844d0
images_webp/0968.webp,62860,07ebb2cf5e738bcb36b2cc395dd0199f9c9d1510d373d8dbca4b8bd0d40698aa
images_webp/0969.webp,89762,b2271192d3748d91ad3be6ea2d5e9d6b7173b03bc923c320408c5421ff2aa22d
images_webp/0970.webp,55946,64d5b90ccc795668983783bca9421a3bd7b51a0d79159825aae9ed74773fcd44
images_webp/0971.webp,106692,0c8dc3fb47d1c26f8499ba08dc0a176a392be9517071182d935d017f68b3ef14
images_webp/0972.webp,59588,dfce70157b47de100ba77db0255d6954b73312137ae80cf60f18b43e666fc033
images_webp/0973.webp,71988,4a7a29a7373794b644a5ec84918e9f2ffa79e69e1e64d6d54f734fa39360cede
images_webp/0974.webp,106478,ff3858d2ee001b89cc959833553e35a57bdfc9b931e36743fa79ca5b8ff921c5
images_webp/0975.webp,63330,c1aee05248f47008cb1ff4d373c69c4057a1379609f660b06ec75582ba002213
images_webp/0976.webp,88054,99bc5e651f70455a31a7f3c437ad29bcdb9a4838b0704e7114aac8b0a03745c5
images_webp/0977.webp,77430,2a5935b72000e5acba320680ae44ab064b8e52149a9a0ce6bd301defc8d0f8a1
images_webp/0978.webp,140824,d07c9516a42d0335cba0c95168d1045c48237a1568d830a71ed7cfb0e0bf8063
images_webp/0979.webp,79438,2a5ac71b62e0a3d55ded6113156f054f773958f6da12ba74495a1af8a1bfe5a8
images_webp/0980.webp,65656,b0be949b148b4703ca05cbdc019d9872832306debcfcc611a5f687d15820c6df
images_webp/0981.webp,53410,1a4f324e2c84b0f032addd7bb0e78dbd7a4b27eb6e692ab4e9aaf49136b0e712
images_webp/0982.webp,132482,702a30aed19d9f3f413d11976fab6a723a2b8b79b288a75a3035441aa81c2973
images_webp/0983.webp,76928,1171da1db1a4850843ece0d2543a201a474c776e5cecd000803db3d65ec7853f
images_webp/0984.webp,87010,b21f9e049339de03bd782cd079bfd7db2d5da9ec8332bbc740eaf0f343bf483e
images_webp/0985.webp,63164,9b3c3e20350879e38fa419044057ce1191a97defb7d4ca2558ff44e43f71f4c8
images_webp/0986.webp,55110,64f97af5aee6b4a44b4b094c9ec7825f3b24d7a2e0c1e897ff969e3ef12c2d75
images_webp/0987.webp,63574,25ab10830de2992a26f32b87c5b03d397c74f9652d3ae763a3b7d85e893935e3
images_webp/0988.webp,70856,dea68c4aee4bd5ee0d23d1568202cab2203c4327060b7bc52bce495ad2e06746
images_webp/0989.webp,79558,e288ac91824e0de5a9745dc23cb8ec0ada8801d4127d27c3d3bb9cf77cdf6046
images_webp/0990.webp,48838,7d36846b700d9f1446dea28f3822dce5981492fb1c165dcb0d4ecae228bc50e0
images_webp/0991.webp,70196,8b885a2b5a40df83eb95b88367dd13ad1623b98b5f01429c554b869aba08010a
images_webp/0992.webp,98322,eca89b25f5c8a29faac34bb5ed266fa7306bb73a461d5931cf7d19dd491f902f
images_webp/0993.webp,73468,08b9b7bdea6063619a4ebb1a89ffd0f7b94fb846bfce6ccb17841fde5ac5a24f
images_webp/0994.webp,86070,321c2db3b6b770dd860f81d1d84b91bb103bc3135f364c479d9f145461991faa
images_webp/0995.webp,76600,85f08f37800aa4996fa57e4278588b6e3ad685b196558b3152fe724f47a4cba7
images_webp/0996.webp,125920,301a2a63744bd13c9f55f67b918146633ff3e0745628a25ff6d25a00cc2771e5
images_webp/0997.webp,61114,c07df8b25248f0cfdedd723e08dd12dbb4b9b61ff1f4363c907538fda2a6f798
images_webp/0998.webp,95246,f62698e7b83218a5a1e47d6e6dc5014dd4111b9050caa489bfe013393e0bb5e2
images_webp/0999.webp,108076,611f501bb801fcb9367afe58baec1a4dd0e8fb8f26eae655223d5d3d162c9bed
metadata/1.json,1213,be5e47fe88a6c9b22aaafc2503d0cef1ce5558101674ef61be8a8e20d49dd930
metadata/10.json,1212,7e17a4bb2520cb3f4ff5f3776b4c851935aa3fb5c13d998b62acb9dc10b2a500
metadata/100.json,1209,bec84521e3175b7584b9c7818e4cb45ab779dc9920f01c97644390f46afe32cd
metadata/101.json,1216,e64e087d75596276404cf998ab96bb68790b94993ec98847608d5ddb6a3c4936
metadata/102.json,1204,ec9325b78ae9d1ea9fff0a948823e20e17838d49b10d6cc60ad0f90a78e92e4c
metadata/103.json,1204,21e8f96cfb58885952d036a7ef9aff1d08354b76ce7d26f6e1e318075b094e35
metadata/104.json,1204,eef6b05df23384b4c5b64879c6712e67e64b8b9da5293eaf21b2131b140daa6d
metadata/105.json,1201,398e53420a38bed1b4f3b557c7a5424c240dbe9aecb8430e37304f1b675d73a0
metadata/106.json,1213,81fb9be36b4fbdac9ac65fec2e2e305bae3cbd5d4cd1aca6f715af37ffc8b0ce
metadata/107.json,1210,49bdc705cef7fb533a63371502d6411b0c00645ad30a9645994b95c6f4081607
metadata/108.json,1198,53230046ed8c617fa5940913d98c9b72781b8a1dd3fb7f3b37095b694f18bb68
metadata/109.json,1213,429918454df7cb3360e6f76b7b890ae3c7420df21b1342b916cff62c3c2b7e9a
metadata/11.json,1191,5ed0d0ba550267f9965b93818f80facdb62e8ae9f036b3c0bce50e1abc5d4a75
metadata/110.json,1206,2bab529e85a04e4a71c0d98bbc50a0b9de15d9a55c98c47bbad9fe8d5bb0041b
metadata/111.json,1201,17c231fbfdb6a863eced14b9c4de6deb14aa8f4b4e08ea1f1f3a7d07bc7bc540
metadata/112.json,1210,83d0b9fc96760440c22dbb40183598bfab5b69cf752081301aad4e205d878d3f
metadata/113.json,1201,c7178e316d0451fd3b95ceea76282fc225d320f227c45ba7743d030474729ada
metadata/114.json,1209,7806a94403a19c12940c3b557238384fb9c4459671397a90df200aa70656d310
metadata/115.json,1211,105b08deaf42df9894a0da0b720c8798bb11dae1789ad05dc0e8325dffaa6317
metadata/116.json,1204,19a26097be73167f675d5d3fdc5a603ffff994579d598de5c2c930d0e8daa862
metadata/117.json,1204,4a325ecf20e0e5053b4a4ee8d323fbd7a78c1609ab74eb6a459b2dc6ad2cc190
metadata/118.json,1207,9770462db9df806e18b2bd8db7b7f81ca81019f77b0351a0f43d8dce81be15c9
metadata/119.json,1200,44716c9bd11bd372fc6d1694d06a07aafe0221f0e8caa4f11693506cfff1fb2e
metadata/12.json,1203,4607afc453b067ae2138f4f3c6b50ed4f316a8c39d72e412b6b7c20a97bcd96f
metadata/120.json,1216,d671265394a6336c435b08b6132a91d23f2795e11daa57132c058c7eaf82f814
metadata/121.json,1224,f57789b9d71878144be8a83be109eca42fb8424d689bfec87f4f1c45b96f35f8
metadata/122.json,1216,0631fa383e296b33fa305b878ea988af21dd5500f07bfb62fd19e36d4d1d1d82
metadata/123.json,1195,9d002f1d168b21c3b1b0f9bb3701fb41dc9dc8bef607ba4e2eb2c39dbfd21e6f
metadata/124.json,1201,e32b3cb91ac560fa8486dbf39800a9b180e421036a02aaa0979639f1f674d668
metadata/125.json,1219,d85e84232af879c53f5a53c17417e358b41e3a9c71a49dc17cd438b42fbf2ba1
metadata/126.json,1191,78ff4a0a079de3c84b6ec3152473df7ea871d052c142e4c5f1ad0e8fae5a1377
metadata/127.json,1222,6a6c0d42f0b8a24957c6d2b01f13d44de096bb7d4c78ed89cd535b88e8b52ebf
metadata/128.json,1203,59117fe8bdff1e42ccf27c0546cb13674557d26b7d05b6a2bf3518d7c24b9c90
metadata/129.json,1201,34571414c20ad57a1215153452546ade5acac2aa28554a1108c70f7675241ee3
metadata/13.json,1205,fd73cb32ac649e888cc8e6765899369e6e7689ab6a05f997ea717e734426fec0
metadata/130.json,1213,64b253ead0fe2fa046225092e87f340b9815fbd60604586474e2a8befd8bcf96
metadata/131.json,1206,d1afc805703a4243d92a3061c9f1057393ef1c13e04c78cd937b26e88a5bc63b
metadata/132.json,1197,245a487bf712ae2592a51ef7a01075a0311656cfb18b319fb96e54ad7e2f9098
metadata/133.json,1201,be51a076ac5a25ac81f6e5fb191f403df36bc825e23198df831ae23463051bde
metadata/134.json,1218,98926139bb5213839acc09fa2e25ac538decb474478b0da406483bdc25901728
metadata/135.json,1207,55fcccf9a8cc9295b595579b4ad5da8e02b56e0503f8f5238d8d5876a50b2659
metadata/136.json,1219,4cc3a90982abc63b66db158dc7dcebf2a854e44803eeed51337975db6ae94382
metadata/137.json,1194,8c676dfb4330b3c939c1c0596c0c4d84553863ea4086d6d1a865d2c2d2382997
metadata/138.json,1216,b1d6f5cc3ea6cde5ed3dfc9699177767edd7f4d87808308fdc9f7bd6618e10ac
metadata/139.json,1225,0ca51ad9b368c4d6eddec717ca80be8fe6efcdcc3c3033a5ceae034cd8f92414
metadata/14.json,1205,0001d2fef6f63be5acbc08f4a463edfa6b53c61fbd6943154c9b69a93062d626
metadata/140.json,1226,cf9eeb87732e280056f201cf97aeec0aa2579c55b6026418540e12489ad453f7
metadata/141.json,1216,2f1605bc44e732a8984a717b95ccf60e883904cd0d397bad35d4dbba5eed4613
metadata/142.json,1210,cb5281ca213b7c580d01b82ee940adbcfd00490d5fb1293c469583d9326ea0e4
metadata/143.json,1197,d41d210f1314bf60ca1839df6dca4b5142a0206138630cd3d572a832c42fdfb1
metadata/144.json,1210,a24946b2e3c5006f956a5ba778292bed2a89e7b6b6904412909cfcc98026a6fc
metadata/145.json,1201,528c7ee59a316cab5219dd1fe41b5d7ecfd29b6a120e148d79a05cfe4a65aa40
metadata/146.json,1237,9ad6a0565a7d4ffb5dc69e591f1fe840c66eed18ab53dbd8b87647a7f102328d
metadata/147.json,1213,b14100dd80a5272c70c9dcddc0368850f81b3825e219766f301f9e9165603024
metadata/148.json,1209,288a81cd0a0a2536837cf4536c0875e18c548e78448a4bee80357dc69ff6a87c
metadata/149.json,1212,7483b5b8fe2af75a5f034f9f9728d5eeb0b4726a20685a255f8c42efe9c8efe2
metadata/15.json,1203,821512dcb27d83a9bceec36ff15cf608b79bedd3ccfed69ffe199b06ee88a9d2
metadata/150.json,1212,abfc67c34751c5149aafea0caca360a4862b44867f43d9f4d6104750ea29f9b0
metadata/151.json,1207,b58090b1bb1fbe79f08f2869a0fcfa2895325534c74d7fe4b7a4621519404644
metadata/152.json,1207,ca9fb9d5b16a13f4f1f001c32acd8df03cba42684e487c1452ca500f76c4afaa
metadata/153.json,1208,c778d090b410bb480c60b05f1bddb0587fd7d1c1ff31a458bb7bb11415ec7e90
metadata/154.json,1209,a6035d3e014ac27ffcb9c3c57d8ec93e65648cae2897df23fed2ebf7e6d8fb04
metadata/155.json,1218,95c898764d5374b71448895eaf5644a7176b6724219bbfff7a3c9e662b115ef7
metadata/156.json,1198,97d83360dcc644049bcf98d32089a804cc42775ab94437aad6f1d1d0633d694e
metadata/157.json,1222,73418e922a3e7bba0aa6cdfbd85da9a37d394e07be1e597b0a23f49ea25cd0a3
metadata/158.json,1221,e082e4e1698b73e5c029ac564f8319e97baaca6bb618301ece5b1c44e234a644
metadata/159.json,1207,69fd21aac9ad5fc839d2422d9a8d9faeaf0571c075c7fa2c01ddcde32c781f78
metadata/16.json,1215,797c65b1cb73fde66af8845b8e5c70df693a88e5ca2b1dd090d9449ab5055ccb
metadata/160.json,1216,4b22584310b3b75f23fad56c01fd5b7d71e9deed3e35f2721e2ad7b3b773d7dc
metadata/161.json,1201,b27371481fc0ffd314ffda9e15b58124bb31db9af82fd83eb7b5c62abdd771db
metadata/162.json,1216,c18bcf41db739d648a0c703adda9f9841b7d81c79adb6c134e07b2c828863540
metadata/163.json,1201,435e49523d3ddb790e9e1ffd289a1109d5752fc382305834c372d63595af5b4d
metadata/164.json,1210,18f441be8c7ea686f664109738b7f3080f565f555e88885f59f876364740a473
metadata/165.json,1207,7d5cb9be05b26af4c761772ff6bf828d37f63795e171732897801c7ad14d8026
metadata/166.json,1207,aad47ede2b40337ea47901c655e23ed1ea29dbd2b6eab6a86da16e7312e43698
metadata/167.json,1210,a5043b78caf2f0b76040c2d6a9e930c1e2a8cfe8db89f1da57c507e32294540f
metadata/168.json,1204,fd13a2bb38c6a49fcaa6d97da0806a61741f247d43d4cafcba88758e28828cc3
metadata/169.json,1218,af383aa2a3be9db549023fdd6d01621dddbaeb5ae58e1cace6b4a217b2326593
metadata/17.json,1229,bb644c939c5148d97377298fcc29ef8e0389a4624e9577f75e07c17d99c4ca3a
metadata/170.json,1201,8d585d77b7eacfeabe101cc92fbfb3a3a7fea38d440c329e5cfaac36c1a25b87
metadata/171.json,1207,525fa2f22ffbf2d3045d11375fabb623f9aacbf734d3af01f7fd29a3984959aa
metadata/172.json,1213,060a6771aca94717418c36ae248f56021b48831083de0443cf5a60e4d7872052
metadata/173.json,1216,27a303b1ece42e4f704324d9396d91969d9c36fd30b0041ec354b0cb3d3f267f
metadata/174.json,1206,01f1b1af061518ed84f380106d6a8318b3630d9eac0d8756f574676956266575
metadata/175.json,1203,71ed7dae4d3dcb46d4f2c33b4c6af7a180b997db9d267599a74810c3012bed01
metadata/176.json,1206,380cc0ed32aadaac973b51c1d72bdf0e367f6da05c0e5dacabec6486391a8d5f
metadata/177.json,1189,36fdc913987477245d48edd0862c8be3db2075edc2b3e66ac4a3bb9c76a15a38
metadata/178.json,1204,2079da5476cb06040af67882f5f780881ef0c16b48b3126459f336a370a68c9d
metadata/179.json,1216,056fc1bfa0190a970686e21230682ccc57ec0af464c2fb015c3beb01f576d46d
metadata/18.json,1203,b7f971e1cd30f6044e00ea08371f86da297a3b5cb4e99b0964c22cc4f82dda5f
metadata/180.json,1188,557077998eca89c2b6d8bc77b10e115f9fb4c8532217be1fcf674f6837850839
metadata/181.json,1222,5db9991179139b688a2235b8c4cc284adac60f55566962b6419b6a518574fc8a
metadata/182.json,1216,eb729d09e6124d445ab6443cd1549465b2c1b242913c8ab2dfc306cf21acef6f
metadata/183.json,1223,9a3fa6b7e976887f95a0093b2c498ea9e94b938f92ec858f68d1cb6fcdbb28b7
metadata/184.json,1219,9d3967bfa474f61d6e88100279d00737020fba2584048c7ae10c9577608cdde9
metadata/185.json,1216,a53d13eead777c094a1874a872baf6d27b45be8cc4a80175d64126c49727ea03
metadata/186.json,1198,f8807f5d9e91631cecb005ed28050ebaddaccb43850ee9e86fff327c91868bb1
metadata/187.json,1210,1ed7039807d4b0c8ac241d7c445e97693405b8f728b4f00f139d33e8586abff3
metadata/188.json,1204,c8e9067c6aa880a24d0f3f7ab2d03d80ed77bf8647254a2963397f4dc9838453
metadata/189.json,1219,cdcd7b9ee8c306c56d201f891b7128c684513ec2177cfb7d8c0cc3581b33820a
metadata/19.json,1209,6092e3048e36042585ffdc0a49a2667bb7395bd0dd3a5238fe0413b2334030d8
metadata/190.json,1219,58a8601c39bccbb1fdfd8de10d337c95c343bdd1633f9f1d898fee0e87b67ced
metadata/191.json,1216,f05ee486cae08ce0bc4bc43f812366115ac6673b47ce0550d0bb9ddcfe4f0e6d
metadata/192.json,1213,4b01ad71afd6ed2dfd97132553aa5c23d7e4d1db6cfb9d04c5b6f2f2ff043193
metadata/193.json,1216,b5fda75d29097a1b16ce31f3c430723b184aa482497e7e5204934c4f0f0e1a6c
metadata/194.json,1216,0ae9fd437b0015b8f7039fbaf75fe855d1eed9a878fbd1b391e268a1bdd3655e
metadata/195.json,1201,128360fd93aa0591db3ea2afe2d5cd10505876aaae83ad67a04bdde90b054c82
metadata/196.json,1197,1bed669e4501b1df0957e4bb560b4060cd711351ce23a25c7b1b12f3600461ff
metadata/197.json,1216,4e4656a72b51c832c87b018bef97080e9ff518205933ad11bf6c2c82a5b2402d
metadata/198.json,1201,65f9b8e7b25e72fa4fcb16169db142c7e85f98f920f685fdd176ca76fffeb672
metadata/199.json,1213,57651a19e9bb8c8a2e20076417ba057952d8c8a6177cdcc0cf7ca0d77f03b5cf
metadata/2.json,1187,9a672e259684dcc385e825b00ff59ccc52a34d8a65f8547e39c5ad09b2f95c02
metadata/20.json,1221,e12f5ece2823d4f8609b2fe86295f2ba54a96c00d4448896fb0c84f5585402e9
metadata/200.json,1204,2bce3f067560d2607af95db92b6f5a307c8fb30b2bb3c6873278b9581bce7b66
metadata/201.json,1201,5e82af1c03701963b27653906d1208c3fcfc5507326dceb4cedfc84dd4ce46c5
metadata/202.json,1216,e536d9105da8c98305a8b000cd403a2b318ad94d494d7901729f6080c4320c26
metadata/203.json,1216,a9b08b1f3c18f0cc671e4ad89008010f43d4c3ae7847e3ec34fdc2e0c5d34e7a
metadata/204.json,1222,6f32a62242db7b1b53aebed290411a9c5e003f6c783b0c8ecb99ae076fa4cb49
metadata/205.json,1203,41d786d15763e69dc854fc3e4eea761190195e358f4e5308a66057cdeae9692c
metadata/206.json,1207,fafcc6e550b4848398e19aaf3950a064a08c86d09233c8bd54f6ded3d8355c57
metadata/207.json,1207,05df89fcbf53e4a17fc877a52bf4019eeed7c43bca76dbdf1bec1375b57d49ea
metadata/208.json,1189,f661046033fa4e3bbfd51f7efabb01f1e0820b5a8ecece3e46f6dd21ee51fcdf
metadata/209.json,1212,f7bc8a84d3b5e9215602bd90e4bca19dd2971472252d7cbe69f43e009575bab7
metadata/21.json,1211,58f593c29a0049575b6484b606b5cb7d130094dab3420c7285288881c03610cd
metadata/210.json,1215,03440b20f59e6670694c70ee067de13eafcdc5f24a5d0bbc7a03df85a83f02df
metadata/211.json,1222,55fab328ac1ad70000c79e8e15b8f196a605be4ab9e83e8cd83a1a5a6af9d3b4
metadata/212.json,1212,af5c99eb7c1538769ffe97f6e3f3ffe8510f54833c35b5f5b9018eaf276bc16c
metadata/213.json,1212,429d9b244dae7ed0a5a78062fc6bf9435d82c063cc132f41695a5562a85a6e4c
metadata/214.json,1208,ff09b37a76bbcc7f6a628f096639409a66bd395f16ab4c375ebf9956461227a6
metadata/215.json,1204,179ea87719d5f75c244433947f391f98c747e65936c3f3b5b4dacbd6f34d8d81
metadata/216.json,1207,544596179cd7ec661ebddd907b6ecacc502f060292222fa24cf5388b958bfbda
metadata/217.json,1218,228aa44bb410d9c13ad1ceef83871d1ce4f4f0ed8f575fbe50f40e9e57de268d
metadata/218.json,1204,bd9286cfd11738ba647a3f1f51d8ee131b25b33302bd65b8d95ed0662b76c8a7
metadata/219.json,1206,2ee66ee04f4ac8a0426ba0ffd145d1d365e6b5cabad918fa5babe5cd0b669bdf
metadata/22.json,1199,bd64eb22b63f5a4d978089e69766768d5013eabc1bfa90acc321d62a77102ff4
metadata/220.json,1215,a8ed64e97de8f76491d9deca2c5e3d533659c63e701a90344646c5c83665d32f
metadata/221.json,1212,f9fa518da78d5bac2503cb7229776cba90826c3a00010d2d4f7a5875dccf66b3
metadata/222.json,1206,3d54b5a2418ee9867c963e7c5afea54d8bf4d27a147ead32534459296914ca92
metadata/223.json,1212,610fefa2e5b9992fad7acd3d488ded1dcb11d092fcef071f7dd148918a830c6e
metadata/224.json,1204,16d1759a9069493a9912b1d81c7cac66b157ccd5c1dbdf19e74e6da99e5d6eca
metadata/225.json,1214,15b8d8515927cdbf4521699c38b51292eb5fdcef53492f496db88faaa8ee2136
metadata/226.json,1192,b3d3916b09c80caa6bad598781318198fd226bba4288c46167831665bb233757
metadata/227.json,1195,e802b30eff5abcfc6971c3df7969ae341f3e98f81b9e8f17719887d14ac3460e
metadata/228.json,1210,60ac008c7ceed698deb28ffd28e4afc21ff1d8c84e595fa84ccddccbab2e7f50
metadata/229.json,1215,7a1c76a31e1b6715fd115fbf1d8a577a88a98b447452e05f96c309a975ec6db3
metadata/23.json,1209,2d4a8e5c8a51a79b104c516a643f11b6a08169b796b0a346c667847b3b47b6ba
metadata/230.json,1206,e0d818922e33956bfb2ed8a39c2c6759eb9d8b3e96b26a44e8c1c7ab245657bd
metadata/231.json,1210,ccd3e8584c0f2ec44e32bc84eda5113eb63fc1de0711819b5cb978adf7ef9e3c
metadata/232.json,1225,0e9fa7880bcab425f5a9d28fd7b47b6ca3c292c91eb3cd4ed72bcb50e8a6927b
metadata/233.json,1222,45f5375647a6a69116fbd89733d6a6f8b590c0085f829eefcc45c74b56e72c54
metadata/234.json,1216,6bd49a4836fdb300a0d93a756ef96a50975bc2ff32a06dd3f70f00c184b32bfb
metadata/235.json,1189,02b15d7d36febbc3619eba8c86128be4f3c8cb739c73407ca8e034d728ccc1e4
metadata/236.json,1198,e38764cf6667c62a89a68ada0945d97b3dfd83629912476967995b8440d08205
metadata/237.json,1219,9d0cb41ec63622f301f40027cca12f11da4ae7b2f8ecfa14206f7e8cbc70ebd2
metadata/238.json,1207,6edfda14949ea64d239d76c93f88ee38be8f9ac175b5bb743e02d43a89d47d17
metadata/239.json,1210,d33529936297cdf730c07a3467a64b5d942d057d36b808a0968d0f866a0efad0
metadata/24.json,1194,f5e092932e27745e58b4a9f95e6d535fdaa97b1252df2eac5108045da6e8dc89
metadata/240.json,1216,d060112a887f80f7e7c11ad169860cb1d5a67056e830c992b23973682bf88644
metadata/241.json,1207,f92d55b97c8c9a0a44884b1b4924a6a2cc40b6991956cba92ca1b15d03f36f2b
metadata/242.json,1192,5fc26c487f796e0e0c189ec27904f1e6f31adfd927d54e9c2571c7ed6be4c330
metadata/243.json,1201,fd81a99aea3b00cc6760927b52faeef75f8b48a8c63d9f4bf12d7485fdc5e8a6
metadata/244.json,1203,a514c1c8fdc80b589bc279d75ea7bc8d43672928cc72a53c6d2fdfd61650f164
metadata/245.json,1210,987e658942cb8a678c9d6ba443bba147d31bff778b163fadddda6be87e7abfae
metadata/246.json,1219,416297eb70e30a425ea84d227e70ff20ebe518b36cd207e554ce2affaafa673d
metadata/247.json,1225,e2dae1b2a727425e3da6a4089ee387ec1c07ee5ced0757582913f940f48a4bea
metadata/248.json,1210,fe5f106d036709624808d1c0c4c15ed7a2c17a6b4668363e8b225ecbb3d4f05e
metadata/249.json,1213,cae98e23660f3d7f968fd3a07ffcc6b33db2b818105b3ed5cc635d2b359d37e2
metadata/25.json,1203,dc2f0758463d04bab0634d8592119ebb2eba64761f9f7b3616e7b40baaff8c4b
metadata/250.json,1213,7ffd536cb91c108f2bfdc35a565433ec0ebddfde9c58f660d8cea72dc49d467b
metadata/251.json,1201,c3ba0614adf21e62bab78a7f6fd61c5d49561aed0091d0c1357616a972182bb3
metadata/252.json,1218,38a36ef8fa85ecad0a29b5e284f928ad4852a1611eaa2ba7ed6d72d99d9c5213
metadata/253.json,1210,e4ad153d87294c0f4654f4aa041e0b274f2e365b3d20806aef027abdaf004ad7
metadata/254.json,1198,68a4729845a8afa5dc6f87a60944745ac4eca5d2b7b5b458c24762dc5539d9bb
metadata/255.json,1215,52e3b684f6cadb8f6960f824463bff41cac8bfcba62d13c16451f6d5ed0c4178
metadata/256.json,1198,c65bc6ce5fe9ce3cfbd658dc98c76a17800461465713cf6cb2c554d60c26a67f
metadata/257.json,1207,54ac1d1a7090d9e9d2a0683d9a62fc6082ad7aa8f269873853cfd670957f6615
metadata/258.json,1210,7f3b3d0e9781fd3383afc7980b33dd6083385d20a32472058e3de2a27e7d3fea
metadata/259.json,1228,cf8bb72f49c2e1abfab9d6ee0c315b89f67a8872cfb95d99c15742f30669d95b
metadata/26.json,1194,5c84938b39a8ab48f4e1172415522a5933a19508d0e5b6249eacb2f8ff821023
metadata/260.json,1213,570b649a198dce5a8b48fab969884b6afbe55f76333bc3cef09a4eb7b30d146f
metadata/261.json,1204,a2778e13bbe9ff0204ac94e12e1ead21512ef5d393d413ff672cefd5ab5a76b3
metadata/262.json,1217,0c061202b5c7adcc33ebab264c5cdc7496b54ddcec81a8dd3cb2bc28a10baed8
metadata/263.json,1210,7482030c3a2d74bed3a11f72821bc8093bca38daf40bfa7a70a957c4f9ce6c21
metadata/264.json,1216,ea467a78da76c9d39378b85b09315d3b32af23a42b36768101049769bdc067c7
metadata/265.json,1218,ffe255711ca87f84cb4d3ca9e911b0d81977abd14bcadc6fec2c27de8346c07c
metadata/266.json,1207,3d0f6c600cd670ab17c13322992a9cec967751ed208f5b99e1fe96beb1dddd11
metadata/267.json,1201,fc7291073ece239acba0de621872818584375c373464820715386a314f73f26c
metadata/268.json,1198,b1ce453261cd563f838af5d052046a3541d1f0d3625aa0d50e83871ab419e20c
metadata/269.json,1204,297bb4856e0be40c1940ae47d6a5db1b9298d6217106dc18b3c516df063c9da8
metadata/27.json,1203,e9a3be173623baba3eab633c8c30dd72948dafcf208b2c2ce41058116fa48195
metadata/270.json,1203,07984d9686d90af621ab7c0bee843bc125eedcfefcffef7f2fb79b09a50814fd
metadata/271.json,1213,5f59260f0084c0efc01c6f02332e11bdcdb197c2afd01e59f9f6ca7d63648e44
metadata/272.json,1213,1dd6a5de1ab4ab8f71a8f49f0593b9ccf6e8b01f7b9bef33cf64c20596de0482
metadata/273.json,1206,3ba2fefa3430d39f814a4e4cd48489e2dea58ea1263d4207267f88004e887ffa
metadata/274.json,1215,058edd2dc8fe66dd70382364802da7a637c14493c164d13d9966f456e4404cec
metadata/275.json,1189,4c73dadc1551f6e7ad743a7eddb22e3cbc3ab826574431456b1d075acb0ce200
metadata/276.json,1207,4361cfdd93898d6def1434e563483c8e119f3bceea79d4612b9aa20872e0acb0
metadata/277.json,1204,e7ad43806b1bfd0cb1000ed81979f6d020ef256c3065402a260d19147457d286
metadata/278.json,1210,332a113e5652037cc0f662757caabae1fd067019322540121dfae75f172dbd13
metadata/279.json,1204,23eaf4fdf54e62bdbd553467046378b61d54ece23de1615f5325dead5bc3eae9
metadata/28.json,1206,e229f1eda1c9fe28fea3ba77c27658ae06bdd37f5dd264045f77200ccbf6526b
metadata/280.json,1216,15a56f8f85575309e1ef4c8161127205415b59bb73883c1246acaa95ff757e74
metadata/281.json,1216,77280ef8c08baed6be4514455d76bc676a902f1922938e63bbdb6d92ba571856
metadata/282.json,1210,afaa326ec5cda62fa211889d66be5a09159633f9352a8a6ca5226984bdb8219e
metadata/283.json,1219,7670b5fc217c0522e07ec6393133203814a5a11c85037ec7d75f63c769d13220
metadata/284.json,1201,da820f54f415afbdc875c41080db2a059359343c3cf80381ef45de01359b93ae
metadata/285.json,1213,2c227f6e4b5c14dd6983902add3a8e7c15dae2b292bdf60d88c0e7b0832d9697
metadata/286.json,1218,7c3276821ede0689f5aa4298d5cc20e06239f594ff7c6d8f35862d1fbf977e86
metadata/287.json,1210,50cf45c0f839b61741572a70b942e2f99def0a0e3db98052089e054af2564d88
metadata/288.json,1198,1c343f680057cba7a82dd207e2f0932aafcfe64c1ce790c35d70a15b54854257
metadata/289.json,1210,c8ebba9b24e6d1d3854ee46bf80edbbe159c5b6feb912b2e2289454a30b67da3
metadata/29.json,1188,d03e359d91fd032344dc54860d925ed8fec2e7ef0d603676cfd5da4a8d82878a
metadata/290.json,1204,9fe39644a70c6a0e0da45e5b58757e57040101a9e6ce83fc6129a4cdee0958fa
metadata/291.json,1207,f383a25e43dddaa5a378666b20965f5690cabd2ba90843355fd337b7b6e16502
metadata/292.json,1207,6a71d39c98abde5ed0cd85d7d10ebb507275527abfa05492f57a1a03b4bc6eeb
metadata/293.json,1225,2a3504a47425ab3be88fe15c818c474643e73a485e7a7e0ae317c61ff1a6cbd6
metadata/294.json,1195,68394c21043e065e9ee531c6435cb3db0f8c2908c7662f2f884ba40f4aed0ff0
metadata/295.json,1201,bf18b4f92b175a81e858d0242c7ac8bef08e1cc014a3e38c59903307a73d00db
metadata/296.json,1210,4b0d10fbbf5ac8ceceed53352aa7aec87e51cc38109b9411f6a1d6d03f88dd0e
metadata/297.json,1204,dcf06aba1189c36279f9e2018c9d0eb2a3549c98d257cc261f43585f4620ccc3
metadata/298.json,1219,08cb72f919815b9f54d312d4ef4d4ef388cab473f5d585018b8942814cde5dd8
metadata/299.json,1198,e6d482d0a300fff91972d34e8ff7b2de500a376e36c3ff689df42d8d15cff854
metadata/3.json,1202,aa8f6f8a657560fb6e0d83c48cdd646033902656a842fa2cd0e3d5fe46f71f89
metadata/30.json,1216,3957dfaff020637ffc76561d3b9d06dac0e26d3fb4109bb8269e3cf0b3a577a3
metadata/300.json,1210,1c4129ddcbc17feeacb9fa2877010bbd2940ac938df7ccef8e13c8da6b85aa89
metadata/301.json,1207,c0be1fdbfb0255659914aaf755d9c7a4f34e029c72d9448014bfe684f117fed2
metadata/302.json,1213,9abdaed25f32772aaefddb74f26075f52183a62c8a245f8c3344d30764f85891
metadata/303.json,1213,e4bb1625e9195d878e8e44ad9fca7afa197aa7043ded2a5897b3e7502234ed0f
metadata/304.json,1211,d5af5db88dee2b34a5b50378c96227d3b2f39d4b21a91463f725c9324affdb1a
metadata/305.json,1204,7d717c45d6aa783208c5f038d59aa2776cc88ebbae08e4140e851bbd8bffae73
metadata/306.json,1210,1e04320868f5d350f3eebccad65266c522cec48f830a917de772ff2bf54b422e
metadata/307.json,1222,6f1d34a3b44742447127e5a5e3e7de305044e7f5c8793e77b155ae9caee4a8ed
metadata/308.json,1197,6ad37ed391062b065a15347214a5a0c9c2ab807980e74b187ffe697433003a97
metadata/309.json,1221,aadf9564eed55b4ec134e34281cc89be0c6e64e4236b2b7688a249e423841197
metadata/31.json,1203,d44ef555c17b63aca98d06426ed98bee91203aeab75c9f99122ab4ab2f4cdcf5
metadata/310.json,1210,bb4d884332399655f71b0d71fb251bd910e4f1b82da761f1f57d22d666824791
metadata/311.json,1201,8aab5004bb8d9ef7d57096747353eede0eb4c619ce6d094dcba86d9933d3c6f7
metadata/312.json,1210,384280046e33f1cdf16504361b2e6d6b6d40f98eb3cd9fc945ed531032110f9f
metadata/313.json,1198,409c0538cafdfd4b8f7d6f16b0b314572aa0b94f18ee0c65a5d46476d54558c0
metadata/314.json,1207,33430b6dfdb0234e66d3e39c044d15ee3e793e94dae10d79bed04cf727eec7b4
metadata/315.json,1204,24a6d0b1578f31eb72ce0059592e47176ab5e707920608ca9bb435137124f6a6
metadata/316.json,1194,ed8c553301187729a70f9324c9797b181d4dba8c39a8118e8cba90c38498afa0
metadata/317.json,1215,65c2dfa78e5aa6319ff932ebf8b69c2b12675e54b67c8a3fe84e121bfc7dfed3
metadata/318.json,1210,9d43e185aa2577d17504a302f4e9a93f39f7621e3950df39c7d158025a635612
metadata/319.json,1204,6c27ba21e1edeabca2636819f4f99c7252f6b312cf8d3c00231675895a3c3278
metadata/32.json,1194,ef3a3c34599e4b365946dc0b15615c429d0eff30efe93a7735bac6eb93e22d94
metadata/320.json,1203,48e7a087c486d3aedf9d8ed5c7c1ab9617e7f77e6d65173537103683260d4814
metadata/321.json,1213,7c1b336913dcac4cbc7af126b21013d900045a8ab99e34a4de3ccf4d92724c03
metadata/322.json,1222,8527c2c5f4adcaca325cf69803bc31f14b72dd561bc925afa926c05bf2bf44e2
metadata/323.json,1228,dcbdec09c4158b3c1b714a7d51737b7d8a8d6ba81a8103c26caaf50d4acdd2e0
metadata/324.json,1210,3c9c86293758ea373c52b2d689286c60cd368e6025298e3ca89656505a84b009
metadata/325.json,1210,d690a6d4eb158a7b6fc72f8a03cd903a4410fb2edca0f868184c1fa2c0fced74
metadata/326.json,1204,c1faf78ab7334c36053cc7c3beba80a879bd31b230b609d241e4c18ce7114bde
metadata/327.json,1218,ba41f867f3b37efbadb1cc0612554d1de704141373a6d823148a0649e1a16b0d
metadata/328.json,1207,ba949b9109928748f7acfd041bc91f97bedf5afa4d64bfb5276b412ea85501df
metadata/329.json,1213,05c9fe5cfb8de00473ed2fe06144e9cca382c998765edeaf95a206df64c6f801
metadata/33.json,1205,8bca1989aa99c0e7dbd11026679480d8fc8d0e92a889da178ea414478c8b8f8f
metadata/330.json,1213,bba00cafb7c8c9438dd9d2b6af7377a43424eb6af24a153cf69d50fce5729ed1
metadata/331.json,1207,539749dbf32f72732a2312c429cbffb5682a0265ef85b299bfb560f8c73a8ae9
metadata/332.json,1226,10d1ca5b952e2eeecbb845686e5a0cbc55e8b383713bb077608a605da5c39fcb
metadata/333.json,1213,a692eaa4e743a8e724ff47776484c7ce73598f30def05a416e6018044a6dffd3
metadata/334.json,1219,91968a96cc415642e8bc75938497f20a60ee0d8f376948b3ee70519a272a7bbb
metadata/335.json,1206,fcd0710dbd8877d7e9bdb0677d15c8ac8b118b0ad72f87be3cbc8370e6f31964
metadata/336.json,1209,f12779fe6892c701f7b61d225e45c6c78b8ea5cba421c38b906026c2f00ed26c
metadata/337.json,1207,a0fef340008cdf486e93e56826271ea221b0631bf7d4053c3d69e752bb89356e
metadata/338.json,1210,93d6ce90dca9f566dfa73b264a3ab9d6007dc13ef86768fb660b92ac15745289
metadata/339.json,1209,daafa70b20b8e7b8187a489c5fc3fd6eb54fe307df11783f70ab87e649da63bc
metadata/34.json,1215,2f4fdbfe991df6f52bedcb50740bc9faa8e0db5fb9040dea05e274fed52f2cfe
metadata/340.json,1213,58d3b89734f7e3c3e0e5758ec1e59be13b4dcef138f1f885f286866b74a5f542
metadata/341.json,1230,3a3e6514b4fcae15cbd90be1e57b25865855f44c1d4816eee977d12589d26767
metadata/342.json,1210,4e0185ad12dd0a071161424daaeb592ab68ab00dfeb01efc7cd5a0f5d80c5cfd
metadata/343.json,1210,0f4bd9262fec4648226ebaa482972a1390fe417d4e7cfc67089debaae5477a0f
metadata/344.json,1218,3de3ace63f0f9a0f4bb9d7ef83468c0d7b2ff09c61bd790fe539514c933dc82f
metadata/345.json,1211,8dfc5b66df005035d557f837a8be4f66febe9f26374adee4ff6f5095e1d7ec2f
metadata/346.json,1210,d2a92d8dc1fea2a73481baf284dab7cea95717eaa1298821ffd80f97c7eb8d58
metadata/347.json,1213,84de9d5d6b869cb40a6cbabd14d78a4afb3c03482ac0d727f2048dec3ef9c40e
metadata/348.json,1222,3f0d48fd7e3a28e49af9163a855f71a266cc204a6d8bad605a0934c1571f9129
metadata/349.json,1210,17136d9fbcc9fefe206fb04d02716cda9ee8753c9742c77ddb7151da59f48649
metadata/35.json,1206,8d5101a372a38173b57948b3b2486aa3c97ca16487a55bfc6a645d622fb17322
metadata/350.json,1219,33dbb5543c1d5ff1920df05199e1529c02b3b2202ae40db30997b9211fd3737f
metadata/351.json,1205,b10bf47b5eabd2072ea242b0876346376d71053a8b75dbab545b50e518f2a803
metadata/352.json,1213,94fbd637a705705b8492735c5ba5f6631ff7ce1f9b366185349e91995ca2b600
metadata/353.json,1198,b2342d675821af55986c552710af1114e6460de4bf6abbc144d75ed4f0c5e54f
metadata/354.json,1219,4d4e3870a4e6febed5b1612d5d8023e7bbf0f6c5ec87fc196d63ada8004606d5
metadata/355.json,1222,62bbc5003e5cb58e482a89019b10a3517584f4efa58af518e5a09e25339e50ad
metadata/356.json,1198,2633d9ac3e9e95d98226fe28a3e5e9b23634722657bb966ab2b05a0aa7c9bd8c
metadata/357.json,1207,a693ce59fdaa1c99d572fb9d70326429fe7a47f60e1c433cef49ae84f39b1f1d
metadata/358.json,1204,31af6537c42a2f626420bffc0084e1bafbc4f082c59f3b0980302099eab4a006
metadata/359.json,1205,d7d27edf7c831e34f577f274949399cb36a4dee41dbb3cbcd1b3199096372bfd
metadata/36.json,1212,e770ab5ab2902dd4f8dda7be6d64fba4d76381206063467b7f792a1e5a2b9073
metadata/360.json,1195,5d09ea7c87c606648d4d044cf15b9e318803a2a6bbbc95b7f62511e3fa8e0e30
metadata/361.json,1201,05a18f56deab49579a8f3057c07b4e6c53acf2f44c23821e4b10a5d24ccb87d0
metadata/362.json,1216,354b6bc34384930bf24a8dec9fb3cc619c404a97b924dee4a3e160ac65607e24
metadata/363.json,1210,f82ad8220c0c1b0bf019f25a8c22740287f253bb6333f96337884f1968fd8b16
metadata/364.json,1195,debfd89a1328d63526463586673785f30b34e8acd95ec9e949a634e37c08981f
metadata/365.json,1207,e0c90c6aab1ad9dacf6f2fab709f1e47086282668b733b01971d313f8946e26c
metadata/366.json,1225,c4246efed70f305229e9b47f2c2a528e0e163e09da24b8047dc1945601ce93ac
metadata/367.json,1198,dc9edaec67668230aaafdb1c991975fc536546a20220d370ffc271aff47276ab
metadata/368.json,1210,0883de0cfad9c5d35d078d132af5ca68bba39030a9c1c152af051888a01bf0ce
metadata/369.json,1204,df65607c442cdf171ffabfaf24af4abc3e71ce91810f705050c0dba30563dad9
metadata/37.json,1203,33ba40e54fd9ee71bb05680fa1d36e81bf43dc16efeccae8aaf7b94019662c94
metadata/370.json,1200,f4049edd72d1f1e0952b79744a8e39a196dafad78615c3cff26d975037ba460c
metadata/371.json,1207,65f04c1000b65866443111a9bb202fdb5baf1e06c8d04b67c447bd46e112926b
metadata/372.json,1204,04797a95e225eac7b474b671e220d75191b92299aa3ecf70e68c91ba749155c8
metadata/373.json,1213,93a17c14eb58125cb34093d62b47d16cecf9956123adf686e31e7bf24b22947a
metadata/374.json,1189,d5e04f5cf94b6b7ba65e702bd056d686884722b98b12cad97952923f3aa7a486
metadata/375.json,1213,68cb40d0670b56f40ae5fc400766d3b5fd8795c5372736ba46fa6a2279e0b86c
metadata/376.json,1219,5aeb57725086ec901da184ac35e8edd408ff4b93162d5899aea53c9ac1d20f1c
metadata/377.json,1210,5464719ab440f87bbfcea36a6df7ad7a671029925440517e8305dd535e1b4693
metadata/378.json,1198,c419258e0d1dd78793e51526e8c861f476daced1593ff4092caaa51e5fc65229
metadata/379.json,1192,ba897ec1e912bcc95888f0267e7eaf6d54bd899644bdfbefd63dab06429ff9ed
metadata/38.json,1205,b8b5286e4533deb2a63b72b96b07b111db0815b6e02d554adb02bfe02da74ff3
metadata/380.json,1201,6870107ed42578c1f8a1dd1873fce678b5c41aa18b2f7b921ae1a9080871a57f
metadata/381.json,1195,69b78903e8771f92f68c6e4ab6becddfa27c249f8001fcbb9f49226184e32402
metadata/382.json,1209,ca4237e0e8b99f452f14500cd45ccba1fb78cb6360a90f05fd800a8db5849821
metadata/383.json,1201,4e150c7e7ba3575277f00a47278907a003bd065e7b79812cd14ab3ca5d766b2d
metadata/384.json,1201,5ab28fd628514ac99408c242e86b1d0544b5832595da2ada2467689eb774856b
metadata/385.json,1207,55a0c140d4b16465ea8cbcc7b21f03208b2549b407f738f99eee435def12dddc
metadata/386.json,1204,07578956a01ce44c96b5f7a2dfccf48bac303bb2252ed94ba4d37d9b521963be
metadata/387.json,1203,f421ec08a1114c0f203c72f9113a6a7a92c82bb7484831f13fd015b01809f6ae
metadata/388.json,1198,7aa944914b008108722fb0baec50a325fde204b34bd9fabd01560331ff113dca
metadata/389.json,1216,2fb761fc67387bed56afdeff2409be7a71a2456cc472a579c66e6b711a9c4875
metadata/39.json,1195,d57e8b2241b25e926489b6336d19f913b8d4b45ab336a313f457cc6bb34ab998
metadata/390.json,1212,156215f599b3fb3670f53580f147ff3d8b8fa70e231c6d6c7cdb65622f87cbf6
metadata/391.json,1207,a0add4a1c6ed7f5e58113617b90bf481106d97998fef77d27dcbc5584978e8b5
metadata/392.json,1207,4aa2ad57e22724983e545bac08f67e84f47350c1dc4d107b0efb2890a50bebb0
metadata/393.json,1201,20493ba4ac99f75d4c661038c3e3242d25420286cee83a02c84165a70cff23b2
metadata/394.json,1213,f521b26c7af34502e1ed6d95bc2b8b97fbd76f9c89218bfab76ffdff798df4cd
metadata/395.json,1192,e95a2bc3d4f9bfa246c2d108d67c557df2a8259e51da1d032827e3b9a6831dfd
metadata/396.json,1210,76a7c2725a88b8a20d4df91c3166c6fbc11792a2dd5f4d55047891115169a8e4
metadata/397.json,1216,2fae5559c43b84c7ca55823e6e4f2948ee05c0457839e28104e0834e3bbc959a
metadata/398.json,1219,be9ce37ebe2df63691eef320f4de381675658ce97cb5becc66fd674f5ae41dda
metadata/399.json,1213,7e5a1c62a21a2c6e7bf98bc9fae2ef55074342e85a3f359d1639ffba3fc2b41a
metadata/4.json,1216,5f172121a79247cee65adf8d1f36591fc6aacd47d034e6df546ba70b269a6c74
metadata/40.json,1203,4456448858a0443cb04f332631b08c5b1b9c6d2de4208d417fa41b77a313cec9
metadata/400.json,1200,147a544b7a7bba42997fea49dda94b243987085ac1d118ba6eef66b999dd5989
metadata/401.json,1210,b45d18b8cd12b2ce4a64594c35a22e7ac70822312629c415e179d97350436271
metadata/402.json,1210,57e6d45c625e6b1c107d64b92198d740abd54a463479af6460271d9bc0180bfa
metadata/403.json,1201,1b95513ed9c5078a13798b6366f5f229ffbf37258f16b91230975c1d872f2f3b
metadata/404.json,1213,9bf09d94766000cba426fcc80852e5f03fb483d158448e075872f0c6e87de6e8
metadata/405.json,1203,afda06c91ac03f3953e071585f619c47da1482a89727365199dbe14e89d9ea57
metadata/406.json,1207,279abe205725fd554b96f71e26f1a0d95fa630d95f65decad24b59137dbe1159
metadata/407.json,1209,b27deb647dad27a5c7c522af262dd2f5550d52c2db68d0c026ef1115a60e096d
metadata/408.json,1216,8c82daba153fca258d3afa28e0a00746ea2e53542c5ad6ad91f6e4f940cd9846
metadata/409.json,1218,ea6fe96d2a0a6effca21fac6a0fee2c583502488dd0fc2c087fc499185e34c24
metadata/41.json,1215,e09fffab457f9436e2969bf05bfd81fc77ff35b6dcdef4c1ed74f56fea72d6d6
metadata/410.json,1219,1de8f154c126e4d48c9734406cc18b8c74fad6077b318cc637e6444da295be3c
metadata/411.json,1234,5fd1515b42cabf928cc066884da1e12a9d14e52ba2771d977deab6f35c8da231
metadata/412.json,1210,7b19df205fa89760e9ba01a2d194dbd0ee334affca6f5f655d8381de48024f45
metadata/413.json,1201,963feeeabfef2b1bea7377a3550f1d5e85345c328864f77605fbfdab55f1e786
metadata/414.json,1219,325b38ac371743fc1dd6bfba71cba1a795702a64872e132d48be81cbe46601e6
metadata/415.json,1208,723ade0c0c99273c9faafeb862a01144b68e3d9accbdb48fd56ae45072e5dec1
metadata/416.json,1203,951760d53b03966b828e5fe6ac5cfb2340613d278e8d259e04bcd38a22943521
metadata/417.json,1213,79425be79c56267c0c1423c56fe20586fe0d1d8d0f7aadbc110d21e102044fc5
metadata/418.json,1214,60e84faeae1af23af75f8745b773fc889dacae9d3611f9467eaf01938a0cc328
metadata/419.json,1201,97a68e497d8136f4e0c0fe8fd9488e80eface9536718d8af607836d9b0fc2169
metadata/42.json,1206,b3ce090969092799aa70678f8f853d47a8cbc8d295d07051da2a574345a11efa
metadata/420.json,1222,9b2f73a7672d9ae585c76aedf9e03cec1bab49e9f645171b98c1e39e91403872
metadata/421.json,1204,308270beb312762e714c6a23b2e483fef9e23279b036a58c688b23d2173187e0
metadata/422.json,1201,e093f859af2a440cd1bf42d3fc846e14b22b5d75359c3429ee442772a74244fd
metadata/423.json,1201,fc8ac2ca6737750097ebf7c056fac5cd3cfc70308a5bfa9da5e542c27b08dfaf
metadata/424.json,1222,27abf55d244992c3364139c40b067a7f26aca5e49c4c2d974bd569faa0105fdc
metadata/425.json,1218,47dc3af1048626c388aaf0358b451f025d6c9f7b0a7096f67c376baedfa083d7
metadata/426.json,1204,e0d4e674c180b6acc6ba7344b3a20a5da9a33db0f76f06b7607464999192e32b
metadata/427.json,1195,739cb76e3a5d655863eff8e01aa81e868f663af4eac713ae8df794f689deba73
metadata/428.json,1213,9d57c766b6d3cbe1110fbda6be6ba865f3d087b8f176253b0cbcdefe9b89ec99
metadata/429.json,1224,bbc5bba953728d947c77dcf64d688e4f872cc0c9d04433789e3fb1fbc22b985b
metadata/43.json,1199,d3140c5aaffdbb35f7d431642043994907faa1efe6851b685a900bbf430c3c18
metadata/430.json,1219,a34bc0f2058dc3eca40a713833284c8f0b3620ccff41e1e90e79e7b3804b584c
metadata/431.json,1213,434227e4c3bea9db98a5ad274826e746101f83ddad61ba3bd558d8f9b70614ec
metadata/432.json,1224,194debf94239f941ad59772030a1cd5cb048fd906422c325ea28cfde9ed7fe86
metadata/433.json,1216,fc7159cd3e00095bed13f91bf6cd1bc484730360412367795e8c14afed78c868
metadata/434.json,1222,65eb85ffad45384db7830319f316af54b654f4902b57dd0e19a4889524c195f8
metadata/435.json,1204,04d1ed72f899cbf77b73c848832f970456721c415c60f6034c2171b88ad94bb8
metadata/436.json,1203,32e73bea7c2259a3edb5974771d5b843dcbd430c8ea4e74d4370ca5df22d022e
metadata/437.json,1217,c87ce37a9eb15d92acec242750b337255760917765d27dea8559b81fe7f7fd64
metadata/438.json,1224,7a2ed40e5cd0504608c4f692a66d05673c4a7eb264cbae81280f6c5ebb4ca6e7
metadata/439.json,1198,71c6e4cedaf995da5348f98b77e3e5f7a22e194d12763e93dbecf14b41afc344
metadata/44.json,1203,352078c2ae7ea420238bc7dd55c03c28f016f6150d2903a6e3732fe6ff106eb4
metadata/440.json,1222,3d793b593214b497e923b96295fca21a35f60c1b9c95980049b7fa4b12e0b19a
metadata/441.json,1222,0f82399c1d43fe8c4ba27647377c6d02dc14d73d4e41eb21cf0fae107cb48bf0
metadata/442.json,1207,b9d963dfbdca365e04ad8d4f93ecbe568d9cce3a6d92e7239e60f0a09360936b
metadata/443.json,1216,518878d1e93d94bd0fcf1f234ef754686c305eca3eabfc8817a59738c3bcc390
metadata/444.json,1220,0df201f44aa19a88a0f8fd92cd2a66fb59191288db4da1d2fd0cd84a8ccaa571
metadata/445.json,1195,9f53ad1dfbd72369839722aa09870a28919c1d24225eb56846377b0543ed004e
metadata/446.json,1224,4c71e1cfba997a5adafa4c07ce1dee7e91b0a960cdc66374e5dcabf89a137ec7
metadata/447.json,1222,c3fee93233933759322a55a9ee8dd683eb4fd73a44f5fe2fc6092bb8d35b2891
metadata/448.json,1198,724db1d84d81c247ded48a8a38687eec3a44ab4587d2a3e3ad95721f15ac2355
metadata/449.json,1225,83b00191d8c224978647aa3a80e846180f891230f48c5668ebe2eb152560caa7
metadata/45.json,1209,2786b2eb76c2d1d141de62b25bdbd1302a5ca214da0bd981e4ab46f6efa63697
metadata/450.json,1198,19b221917f37868db490852514acf64d500cd6399a6e66cc7e2f0eed82770c74
metadata/451.json,1213,6818ecef1576027d148ad2156e3d9ed4c679d9a57c6e026f46674a6b01e1e681
metadata/452.json,1215,5fd5390129e2067e7465e1031f8c2290928a48937cc03cfd7f7f061530887e2d
metadata/453.json,1194,e0b1ce0de0e7e46eea713fc3e76a3f0007c0f29cb1a4741b70cd036c56355946
metadata/454.json,1221,b0384d8ea9027d5c6f3a427ce26757796aac4247469d4b7138017f2ef93a21ee
metadata/455.json,1207,f292fadf5309f83d84cd4f692490e55d36c5e73cc5b523f44391e07482902c4e
metadata/456.json,1200,1bdcb38bde27099fdfeb6568983d86a0dd0e9983bc9c9fa38fb8f45a147cf4e6
metadata/457.json,1231,c7147fc65025a3fb5faf6a52de635666ea15f399733143e752f35b656b0f4f20
metadata/458.json,1198,1c7b76b122f9b0d6c76678d49572a8aae1758e0287db7758d728ee644b91544b
metadata/459.json,1210,8297795962424861d6eaf9b1ef7f18e480f12e70df2c9f310211a8cbaf70074b
metadata/46.json,1216,5e89aaf26e8c801e690bf704883c852b40ff6cd8ccc60a0ffa27fbb7bcd08177
metadata/460.json,1210,6833410926dd6efca487069ae619f8728b72add690ec5c756944092d3f2c2585
metadata/461.json,1216,b3cb4a86591f04cc825cbc0c616e3b0fc8cdf381f92d0dc2a887eddebc299c7c
metadata/462.json,1203,c3ca8e75de617d53b98c3c51eab12e3273ebdefc69a661776fe926e6efa52fbb
metadata/463.json,1201,814dceb4a04d4dbd8aa6d50ec2401baff461a518e95894acfc1d58a3775e0ee7
metadata/464.json,1210,862c9d87307471a5d85231ba5169641f1846ee780af93a9ba2ce90f40ff667ce
metadata/465.json,1204,2852bb193dec98c27b0d49149244184c8522ee256f215c3d5c51b40c36ef1ba1
metadata/466.json,1225,89567480b986cb61c16297bf6ced6d21218e072bd06962e220fb5df5a219a695
metadata/467.json,1210,f491b03ecf2567c96f503e5080c209a6271e937e57b49bc74b3ad8a76893fe13
metadata/468.json,1221,afefe116f05c49b4e590cdf58acc6b5dd6a9fdc5bf043f21e9dd43ed06f21975
metadata/469.json,1200,62925ecc057cfde0033f07721926354245d96330d0d51125eadef58fe3765cce
metadata/47.json,1215,249162693a373a4ab39010eed303e4e94cae6cd1153332bba01abaf6a4efc1f8
metadata/470.json,1222,93995f3c2ab2e695b705d6bbdc84bc4096705ed7ed67226248572cd7c302afa2
metadata/471.json,1216,188a85da2b2706064c527e8c511b09b9429787c60df093d8d14edc428a551378
metadata/472.json,1201,f216944b3b63e58090cfb1d18be74a3b07c70e55e767dc4d1ac5467f368e2cd1
metadata/473.json,1213,4cc01b4352c058724a92e62ceab2ca9a1a6a03be905d13fba7ff06b98229c2fc
metadata/474.json,1216,2da9990ca7df1b49be17fe6cc9ad17eba5ce677fee4437c13463c321cd7be1c2
metadata/475.json,1198,ec18ece25abbf87d3326f1e2f8461e0e958b7f640fceab5451725fee297762b6
metadata/476.json,1203,57d04481616a44170317984b39373ac10b2f10138d418aaa96e2e1eee8ac91c7
metadata/477.json,1216,7532556005334508818968a4ed7f5468cc555abbc5829efc1f0b3f3b1db7ed0c
metadata/478.json,1207,fed2f16d75e0707679a5f8c67e517c069bf3b4dfe31ab75bf47218b493a25f4f
metadata/479.json,1195,3d719c7a9fceaf6ec1b83b9ffe1d2ba03488fc0e7d9099c46769556941a25a05
metadata/48.json,1206,aca710906b25247675b743a5dfe2b2a2741a5e1b9b9e6fec3ef897b26d71ca6d
metadata/480.json,1195,e219e9896c81c854a40771e47f7434f743c246d987ca8a53d0e1762e1da41952
metadata/481.json,1202,b748dea1d8f908cd64cec470065fe9b0398d053f84e29e9698473f0b005c1cf8
metadata/482.json,1206,8f8c29375830532d558d76090d12db0974d63857b70d96c10f768c7eadfe3807
metadata/483.json,1221,8eb9da9e38f9020e47aed6c9bed1b8893e5e0bd5318e9e836ed91da3702e08e0
metadata/484.json,1222,bb5b95afdb2f1487aeadc19309e1a940918309d3ab9553e175731e47392478c2
metadata/485.json,1222,ed0a2fac692c43d20be4abbc13dee6e773ace6c449558545a983eb6f1cbc2847
metadata/486.json,1209,33aea97a6c106ef88cb402e260c8d58c5d94254c5d96f8f97c36874c799fae01
metadata/487.json,1215,b681810aee6f94e0d9648fe92fb26ca975b041c4b8d29492922f28c7538ddbe9
metadata/488.json,1216,4a9eebb878e1fbd0cb16b16fd44ad6cb70567b7972307628a75b3b98f59a7b78
metadata/489.json,1225,aa6a105bf113a3870924a3176d89025db64872c90ee010c3f2301153c110e18b
metadata/49.json,1206,6f9cc788721485d28773cdfa92e00834bf005eab8b1ba60a295cae4ac214eaa0
metadata/490.json,1207,96ca6bc178883f6dde92e51e26b19d25b2f8f5814df6e3e941da7c2007e485d2
metadata/491.json,1203,73b9b2724648f1e852b8496aa8e4b33b817dfc35486832186c0242fb2002c04a
metadata/492.json,1192,060062143fcc680fd43e3bb00f1f51e473e0007ee260fa80b24ff6cb8133f1bb
metadata/493.json,1203,e51712668f20768051e4689664e796ce48b1696896bf7f89b831d921bbda812f
metadata/494.json,1213,aeae93302a669c968bd333a8fc9449b0944c498f631c182c4921ace26c5bf840
metadata/495.json,1206,380da92d0d3ecec60a1cb6f46a1015a7351c7857b068edffbe15f591bae01e06
metadata/496.json,1222,7297530ce5a70302e007c075736c2a7e996fd47878b0402dde892a3c88cfeb63
metadata/497.json,1216,8451a6ba6cab91985d9a382ca55d4990e6ed997a4e684c6db7902d52140d7daf
metadata/498.json,1207,2999fa96ba447973b23fae91492bb570df0da7018bfcc3d15b77025ac45dec73
metadata/499.json,1213,a637d929b959ea38d49aafb022aef3106bc03fa184e64e76af5e875cfe7b02a1
metadata/5.json,1209,0820f33c365bd658b97b86fb950cb57262c4859a0a40bde188cf3fe69b124ed2
metadata/50.json,1200,b3049525975e50b5c56d8d5f98b3c5a2b53a007aec3481937dd04a0b5517e862
metadata/500.json,1198,ea3478029e94e4378a9092c8d4a6284c54360032dc0cde797ab8354cd069a4ed
metadata/501.json,1210,cf4a3f1ab323307cce6415baed207936b38ea8f1d3abd0f16767e4861aa488ff
metadata/502.json,1210,7caf2e584a7276e739d0e438b7ca074096c0c5b0604883b111edfed477f19904
metadata/503.json,1216,ec24eff731516406b587ccc79dd5d2ffcbcfe769bab2458d972b729fc632926b
metadata/504.json,1219,40e23d9ebbd708931e747c55231f0cf2be8955127080cf12399d74e259858aff
metadata/505.json,1200,ac5b09fb8b920e81258c3a3e976c2c6ce950195c56fccb8cbf32e008335e88e9
metadata/506.json,1219,552bd6806571d87b45ddcb85aa8b751c0787b9223f4fe6dd7977a78d3cf60df2
metadata/507.json,1222,5055ae4e1f1bc971ce264113ef334fd87b5ad4d7400d31ba6095ef2a24c6abdc
metadata/508.json,1217,aebef086ae0c2adead6351f53f11f29c16f29230776cc05ecf717390808f7697
metadata/509.json,1216,3ede8413ab239f39156016957ce20725806d49febe42d6d92eae1975a28f56f9
metadata/51.json,1206,de0d0bf423910a24578418bf66a4e2ca974ef2bcc1d63d2a6bf9cc22d9c85499
metadata/510.json,1210,0d9b1d41b64d9594b7697e35e7f86265fa6c4bf70dc45a3f268beffb22d55cfc
metadata/511.json,1200,f1072675d95ac4c25721f5f06df2940bcf603c5748ddab056459fd3a15b85513
metadata/512.json,1201,e9252791e4562d9106289c1e9020fb597450c1c67a8e709a4d827f01d8bc6da8
metadata/513.json,1219,393bbf991ae02d0e5ab241d6720b0bfe71c788f2e4ae80125a086897fa3799fd
metadata/514.json,1204,5160de7926a5a6576e53bbe1d477523420c9de84073e6cc64d8a3e75e153091c
metadata/515.json,1194,83b65a66f0df040f72ad61cb0c9c73bd835852ada4955e7bd8c5e350aa22bdd2
metadata/516.json,1192,6576b6b6dd95c9949949dc1cbbc5ae2437f84eaf094a1d11560ad35fddfab73d
metadata/517.json,1207,20472f626d2ca8311f499ad99da654cd28dce54ee1b7152c57b7dfbaaadedc74
metadata/518.json,1204,e84c2cd8b2ea867f7340b48a54b50cd6d0f883b9c8acd012172e92938c3ea94c
metadata/519.json,1198,c9a5e5baf7ab42ba4e3ff740db2fec7bde66d5df7a5c23641c36ef94af17427c
metadata/52.json,1212,31fda8048103038bb025cc846ab105458d973643d840acece8cd93fc3b0efe50
metadata/520.json,1207,08decb50ab515ed88df18df1339ea675aa72014085886b2387c1156481164a60
metadata/521.json,1201,7f975c6b4fc7f3ed11d75481229a3b9a310ab7d2a0fc1c3bef3d814be06ff9b9
metadata/522.json,1204,0b8439fc5695e445602d6f6974ec07dad7de250d01bcb1377d11e1011e6d6f5b
metadata/523.json,1204,10d33f8cb7b9290d742c0a0112dbe16312a06037e7333b680d8f655962605118
metadata/524.json,1230,50ec09b3f94b94538544b16b5619103e209cee1dbb8667b13a4a14c34c47e02c
metadata/525.json,1201,72bb3b5cfc842ba0f2058d9428a8b2170325c33b96c9df165bc4c28568ac413e
metadata/526.json,1219,a2ad1eb554618f5e10bc76be6ffb0dd723fca11e33cbf719a516a990958d41e7
metadata/527.json,1204,689c391446ae3e3e14633d554c824cd65c865389fea6b29568f9b89ed8c8bc11
metadata/528.json,1198,7472fff42f213a9cd77e6f37078e3e6c7504e1491c41252c00b58788d03167a1
metadata/529.json,1219,644ea7ff5c1259b702bc849333f0ef1ce8fcc73572a627ff2b4a8fc9b4f65733
metadata/53.json,1200,3ff5d392a504c4c0f7f8013733a66d1a05023349d13bd31d35ecf9db84397108
metadata/530.json,1234,9edbf86a3856e99b3c803026e1d68c7f9388808fb7938fb80b2ae5655a38a33f
metadata/531.json,1207,dd75705b5a309b8fc014afd09138e62d1904ac16735350d7e0a05874ddfa3009
metadata/532.json,1213,63680504b4bd97f4ad6d8020aa603ce34195c0015975aaecce3649e172979c34
metadata/533.json,1219,3c3f6ed1c004e676ceff2f389a6becdc84cbb2baf3e5b686ec43986e0120ee38
metadata/534.json,1210,ef340f688a9717f13e67b8d3bd0eae9c6126c4e59ac5bd5f17452a9713bcbd9f
metadata/535.json,1216,5ed62d25a0ef1549342700ada1e4bc763512dd8e5967c89d64448bf36ca083fd
metadata/536.json,1207,8cc9e7aacfafda9ed1e6ca0eb14d11835c97c24b559b76de71d2ad798a2cb1ae
metadata/537.json,1204,3f83edf1a58f36d58e630db95cf272ef07e002a5a945a2c43746810401d541f1
metadata/538.json,1195,4f2f542251838b882f840687f97bd5d404b04979d92d2e1a597fa8b915074f22
metadata/539.json,1220,303eb29eee8372be795b5557161b50f7e353013c71d87705aa26c31c07ca8c7e
metadata/54.json,1212,3176bf42eafd53401b64e792ae538c614b1c5bfe5e1732c30ac4e573ecbd8605
metadata/540.json,1210,048ae2bce38f89c65781cce3be725450efe973fb9ec70d80c59e8696a21f8f58
metadata/541.json,1201,9ff69ea3e30774d26f5ae8e6538826cdc61f93d7f369c132d4db1c2a3e715e58
metadata/542.json,1216,ad0bfa9b9f8bbba7f32293efd0c0dfc3d17a93ee90256dc7ba00752514f1f597
metadata/543.json,1219,873623acf880976745cab7b916719ba548f45c1f89b7a345c3b23f978fb183db
metadata/544.json,1201,a38050c1a0bc686ad94832d491081ac7c98990c8fbe26808f2b005581adb5746
metadata/545.json,1213,7b3b0a8e02ee1e63836115a1a94fcf7f41d1563aa2c6642e0322085eedcfd3b5
metadata/546.json,1207,de56c90bea0760531a60dbbb24d2e35831bf5e4159e12c0dda4207278ad2cae2
metadata/547.json,1213,1b74246c0d74baa3920c233abe43858bbd9b440776ab0a596daf1bd8d72f3966
metadata/548.json,1225,949525d4bd5450ad163ac28329da216e33f438d14722f2a9e4496ca2aced350b
metadata/549.json,1198,7c9b9632edf68318563738d2261e13f6ed37a7b6af1843b51623c8ee5bc945d4
metadata/55.json,1218,7e4208a8df949620f6c110238c2a1515184cf8f51f9b9bc41d1048999af512b4
metadata/550.json,1219,19dae2a9e7d2098e2181247c2b383c8ce060c4a240542cc48a6a259778f3620b
metadata/551.json,1200,130169c3e18b73ff91e7120dc29c197f411cf9a3afc2fec9d4414ebefca9d7f9
metadata/552.json,1213,4b27008077a05062c5cb21f92e72f56dc4feed3667ec27c4295a4e57eaff07f1
metadata/553.json,1203,87fbf83b5fbf1b6737c65de0e4a82d3f9c6c3ff745b904ccc0bafe0e7dbcc608
metadata/554.json,1195,bacff9f0194641514660d26f5495134fcda33d43b254d982f85970cfefe75558
metadata/555.json,1204,5e45a0540f8f5585c2406ca4e99a67649e0054610432b0907f7427ce5144a64d
metadata/556.json,1220,f5393a5146ccaac40ba00e98ffb90edff7fa95cea2441de9146aad44d275a92b
metadata/557.json,1216,853578e356099fddb2d14fe4ad9227d03214305141cf143db87e1a7f62c840b0
metadata/558.json,1205,0eb5a295dde6a248e7d33f5801f9c096c94c84dc6b160288de707192e27f6a88
metadata/559.json,1219,82df0636ddfa6d85eb24fc7f713da07f18d46abb8a133972a337080c6b103c56
metadata/56.json,1203,547162f46e4f243626cb4b4c3a2bc99737e8906cc3c61750d42f7be204b0f843
metadata/560.json,1221,a15603dc0734849fb3558256ebf6286bb9490cbed66060e31b429dcf66e710db
metadata/561.json,1210,b8df2e5efe7ae5180d97d86645c3dfacb5ace885ce12a5323243713835c48881
metadata/562.json,1215,1c7fc326d6cde83c9e38b85f3dac8e5f14f0d76add7b81f60d603203d3c9ad3b
metadata/563.json,1212,dc34a252844f34de630ca93bb4eca553b6a8f78fded2f25b86ae25b1c70489d9
metadata/564.json,1203,9c41d6fd06794f3c5015ef8603bb7c7098d9bd02cf8113774a073bc47667cbd2
metadata/565.json,1201,6915005c0c893f421e13bfede33383f1a6b6f24744146cc8a00bb50a81ac3d8f
metadata/566.json,1210,6b0ea8e23daf320ec1c5f54d1ecf9479f69af0728cb733d167052426bfaffbe8
metadata/567.json,1201,a356d24dcd18a3529f38d6b54ad6f32079764d7cc2fee2b5903250606d639c86
metadata/568.json,1207,ad0eda1e843ce64d272401de4e1d2ac827f1db851b42bc7723f0cd79c50c96e6
metadata/569.json,1213,dd91d4144893e25a79aba25566dfe18548ac9a80f6c344a6b3e7aa5ff534dc49
metadata/57.json,1212,a29696599986e2f61660dfccce3e4a0e72cca89002b5594d4b3655523d5d6cb5
metadata/570.json,1231,539c586746b21a6fc33efb4b7b45d475227c0877ce65afdb9f6a5fcef5070528
metadata/571.json,1206,4f34babdd9b412a789acde679fe504a8578aab0db928063d4d7f7ea8f3822653
metadata/572.json,1203,82efffc1630ebff4692670c8f36ae1dd423f0d670f8268c1a4fa7bd75b2d42c0
metadata/573.json,1219,4ac598e929812e383c806bd6931806733177374da88a11c470c3053cc9bf181a
metadata/574.json,1210,0b5abe6a896af25aa25a4578f3aad073d077f59ae855ca118b38d3d9997da604
metadata/575.json,1204,1f1541ea83ce64326dff5224bd3091834082b18263098bbc91cb88632c0c2cd5
metadata/576.json,1216,3078269f73123d307209b1bccca933c51f64041d934e5329342567d7080b63d4
metadata/577.json,1213,2a16cdb1bebb9969b23f5eb762a24b2c1e0763cd6352ce95a3860022ae2cde84
metadata/578.json,1210,7922a86effa4c1f2025dc5c194103e1e88a890e8659e6df07290d7cf3d096859
metadata/579.json,1198,8478a403b36db13c8e391d94b4479c5518b6a641eb2dd5f5ca7bc1690ed7046f
metadata/58.json,1197,78f293c7e80dc42a3958d1a4da2f07f21524c1614c6be4d95360387f60aabd05
metadata/580.json,1213,9c9cc871e0cc6646c476dd54fca0a94451d7f76ba40fac8a4ebf633b71d6d068
metadata/581.json,1213,84c2f6bf12c3080cba6cc2a3ceaca396dee131859968c184a8776393268c6689
metadata/582.json,1208,3c765da32fb7aa2c2462f9453f49afbb96d9e0ee87781c8f7f97414660adc222
metadata/583.json,1210,c3e26647ff65e6c726a3d7a2e0113626b992c06b298fa84d43161f0f0ee36da5
metadata/584.json,1198,a35c47bc4785615b70585654ed68d713f0d4b635e51fb4283c52bed78b0bb15f
metadata/585.json,1234,751ab57fa6de6f2b1e5cf8039ab54504614f31ca5fc79561d24e0ab772382be7
metadata/586.json,1213,995cdbaa01acfb28390263874c7a9f8445510475551e8b3ebd85edeab962b937
metadata/587.json,1216,13c24b3d2810058476c158cb5d1512f211fefdebefdfb1abd279e6538cd82f3a
metadata/588.json,1209,56bdcaabf7b099de0f8b38765fa6ea911bfd72457e040f12bf3e94971e8cfdb7
metadata/589.json,1216,5ccaf7465aea42de2d2cbe6c4b8e7598e99d73d93d3984e56dd5f874fa293f14
metadata/59.json,1214,09d10695d91e82965da3b0788abce28773112eaca98c74e4625f089f026356b1
metadata/590.json,1207,10f0dd38f0d96995369293288617345bcbb7d8d1c0e9e889328ba66cc537bf4f
metadata/591.json,1201,c1a523eb7f4bec5d9c1b3e7662d69e371e553c7772d1091190008ec7b7c4f70e
metadata/592.json,1198,59c6ae222fdaee0d994a143b88fe57ff21f5848adbfb49e98bb0fd086f836581
metadata/593.json,1201,5d0b00a6423e36751b35c486ce83b04231ee0661d76130b76f7992870720f7b6
metadata/594.json,1223,451fe43e2b7542c5754c744f18f5c05e5826fbe0757c26797c5e6e79d69ea7b2
metadata/595.json,1218,f9dbc1adb7d898ff8755defc254852a3a00bc0e2d139c5307cb74cbf37f7f373
metadata/596.json,1198,adec998dce2d0b72947a128850e4466e513d82d9e00a3db8ead9f5fec18b3102
metadata/597.json,1198,385b59d8454d975bd7845ce51663ef3e29640a6ebae9c19b277f89d737fa3e70
metadata/598.json,1212,9f21ab0d67ffaecc1eafa8650f61ed86faf19462a4d937d24f563cdb0f1c839b
metadata/599.json,1216,5100c787545fe139bb36a518719d454eed90bcadcc98efb9a1028a58630d7286
metadata/6.json,1202,a14a3d1fe206e74f137f57ed6f7b9a3816f36b3715905422804026fc039c664e
metadata/60.json,1209,0ca4af0abf01448d92961e70bb3389a02876ac4fa02d8f3101b581e3a780804f
metadata/600.json,1206,0c223f46eb81b51290ec38ccd51b0295c6fa06870e1a090308531f6e08a0d6f5
metadata/601.json,1218,228fb93f0ef538f9a4dcbac59f6769b19a9a70c79db5a450a63abe36485f46c4
metadata/602.json,1204,592e3329c3248be913ff5eee2a0c7d10dca29812fdeee09bfb3170b4450854c8
metadata/603.json,1211,0c94094e783fbb6869674c56a314aae630be5017791d1e12ff1bfb1f73957417
metadata/604.json,1213,07aad3080403b3fbb2ce2ca6b806de18befdd75c0b17bb40d6d1f1418b75c1cc
metadata/605.json,1216,0fd7f7da48b28acb69fb7aa7399c92b88657ae1a30bda5949efb36e7049af48b
metadata/606.json,1207,72af642b3c890d191dad62146d8c5b22dbabd9e064c093dbfa04311f83d086a6
metadata/607.json,1201,b6332179bb55eae740450a98850a4dd0788691ba3f2265c538f423a2a2747d71
metadata/608.json,1195,80a49219d04a5e362c7b65c685174ec31f0b53543bf3485e2a87d97847d79109
metadata/609.json,1195,c067c2cfee2742e8621546dbc6e37f8420434214292cc382e1dea8675a2e4364
metadata/61.json,1206,c1c19849ee8ec349108acb7364c604f8ae7c0365de84f75344d56ca1f8d30510
metadata/610.json,1218,17c10c80356af02cb90faaa65bfe075c71e92a0ecbb84c7ec7fbbf5029f954d1
metadata/611.json,1228,ea5fce75cd60fae533aaf712be9efa247c53db1903682f3e840846a12d84d7ef
metadata/612.json,1204,2385b7fa2430445f0e0f5b2a92bc7ab427be1a1da519264241726a3d0d2f6dae
metadata/613.json,1207,38fa97205a4781ef98a0679b071e760d22d3ab2139449da464fb4476bd1a1b49
metadata/614.json,1216,a8668189180c8bf1fc6a426e00b93bec2258e8f8ed82e6d7f60a2a73a1624c97
metadata/615.json,1204,41963053f4b9bf9c5eda61c2f63bf22f54aadf7d5e14504f4788b5a814775c34
metadata/616.json,1218,7b83e52a323a053cbfeb67a465e0332f16a86b99f163c466bc1ef20c8c95a866
metadata/617.json,1204,9eafb06624734053e1c2207ad9e843692a0fc7119ce1b97d911b3fc3a6a3c41a
metadata/618.json,1211,62f8d92c0101a693b444bde242e7334c463eb24f79048681db05a76575d42f19
metadata/619.json,1204,23bc180c2fe2292429397aa2e4ee29d0d7ef9078af47f84f09face13c22eaef5
metadata/62.json,1221,a0e7ffea93532960df49a31275a49394b25657523f100941c391fe0b51cdc399
metadata/620.json,1198,8eab95903f7871ec1018f572b9f08e0c1acd3f4de657c5f9afcb0b7ba6ee0718
metadata/621.json,1219,92563158ed5bc691164419de20edb582176f0acf8a2412a1d3e9b4098f25442c
metadata/622.json,1204,2a60c5708200503c91031cb92accb7b8d4c7a512caf296b43fd5227df8efc43a
metadata/623.json,1216,34adffc1abb5818b36f48626adf4372a237d51850f1fc272fc4785dbb3463f66
metadata/624.json,1225,3ade73dc1a9fb603eaa8ab30ede1c37f8a925acfec40e34b5fb4134eff1b7705
metadata/625.json,1207,4dc3b2c532a57a2b6589ffe03aeac9a63a83baec90a30ef880fe15f4cf204578
metadata/626.json,1200,2eb415845e92cf558f421b7b403021090262d7d9ef93f0692298b811b3d5f3f1
metadata/627.json,1204,216a28c79394d1d4931c17bc25b488f15508f52f7abe50faf30501e108c1feca
metadata/628.json,1198,c0a2bb9be4ce0884992a5dd43b60d926f48bb38ebfbaee7cdb3447559f82d751
metadata/629.json,1213,b4e393e3ef0eeee9d1802dde987fb080eb2a675d6fdc8e097004b4baf7c45d39
metadata/63.json,1203,e3a827d9d673d3089e62774632dbfb9b813e820ad2f874c30d493adcd387a70e
metadata/630.json,1201,4657016b558341b8d514510e5f2955b85874db0972412e029cdb057e60dcabbd
metadata/631.json,1216,1c002628c9a46fdd6341f6e90c4b4cf668ad7de6f876af3ed9bc65782d7e8921
metadata/632.json,1212,c3bc9d05007d3298790c092ed8adc5faea1da3a2c5a25dfd0944b9a8a4d787c2
metadata/633.json,1198,4bd9b041b00b42a6e04d9a0e47a41fc58d35ba11db280e03de74180515ce5d23
metadata/634.json,1195,e341dfb0180f4d0d17eb19e0c708c287c3ccd892192c84d5591e000701139ecd
metadata/635.json,1216,3fb755f69decf31f12fc610452991dda5eb726297b0d143f6552f31bac6ddf1a
metadata/636.json,1207,969b6a26e392a9f469c206f959ca59e66e1c2b916d404af3146f64c978fe5bc4
metadata/637.json,1210,24f0cb2586904ef6a72e453d1c1f55d49d03a1ecb165856fd449f3b7967a47a1
metadata/638.json,1228,e76bc557ccd5af636c474c9875445a9168d653d298d46cb454436291a8461ca0
metadata/639.json,1219,1cfb126e561e65a9f4c7202264960eedc3a417081e693103bb2134e9e005ec30
metadata/64.json,1206,27d9b5d384b9ef131e371a6025d1c6b030dc4a8793b62346b70b6e2333b7c0a2
metadata/640.json,1205,b47b6086c1ff8b6d1fa812da7119140843ef71030754bf8766137540ad84a89e
metadata/641.json,1207,3ba24b21410d64bbdc8e0ca9ece0ce410beb16da014a7b2ca037f1d4fe32f94e
metadata/642.json,1203,acbaa9c986176aa29f4f7bb25ccdc8986809b5fac48a07b08dd16b2735363d31
metadata/643.json,1216,538e6d00ab6b2002df78cc6c075ea256bc1e9b1e9b7939ae67fc3a4d6237ee02
metadata/644.json,1204,1b3d7a5f26c123c6ebd742261f77628ef7dfbb0f5d35b9b716998e6b3b67b77a
metadata/645.json,1218,63857769684a2dcc8e52b8e310889b2934f98f41c08badf79af6bd1650d3af8d
metadata/646.json,1219,3bf15b560dfe4118a2078713f068ed564ee639100c01404f8fe917605a37cd80
metadata/647.json,1202,4fc83aa51e84e1f8d265e55fc62d38158f5c1a6f2b6334ba9e0b28179312aa6f
metadata/648.json,1213,42ec11750a4aee2e83050ceaf72ea6a4d3c1e3464bb27c7e09d08e56bee5e243
metadata/649.json,1210,03c9596129aec6cf4adeb4db9a2f396d76fba6aa92b4eb6ca44cc1341a72cc85
metadata/65.json,1209,cc64d9fe326a1092883dd99dda2ab073d56393564e9c8c623a0f783d9f15db21
metadata/650.json,1213,29a472c54e6e13d75449c9a497a21310eb09fa312e162a6a11f28f189a745ee7
metadata/651.json,1210,04334b4e88554d11ec91a8f4b24690f09e364455ee52a27e6d53f173c3707244
metadata/652.json,1195,0b6e293608424275001f76ed461e693b7415d967097783bdb66664ed241f4460
metadata/653.json,1222,331fd788b3c7008dbabba96d4f551b53d472bb3c355ef37932bf57ecf900f2ef
metadata/654.json,1210,ec9c07257705040a98d8cb254e963693e1b57568d13ab9a7928545a4b2354afb
metadata/655.json,1213,57744812f4d52d6fdf3fd0a8c9def816c68fee78759d3729992fb31d4ccda55f
metadata/656.json,1195,99d1cba2d574ec6f2703bc3f11f206111d33cf3190ed4da919b35a3229f548e3
metadata/657.json,1194,9a2d18a640f29d48a95150abf29599c33460e33387741a6488c03140f6722c14
metadata/658.json,1219,2785f6d0799c7f605846595549a29040d9f70d102e5928f71a6197b043363609
metadata/659.json,1197,5a8136f818a74db8d9336efa3294e33f5ec59f84e37ab9220b4e6e1a3ebfe826
metadata/66.json,1208,a5adf51583058a3ed45d27d1fd956364d5afd685b07bc48cf6f8e74f7ab083b3
metadata/660.json,1221,70085bfef185e8c58c22ccf9390c3556650053edd8ac3f33fce5a9ccfcba4774
metadata/661.json,1204,b4e08ed505cefb20c70f81f5f3b1d3ad8453fbab96e37225f90176b3df0904be
metadata/662.json,1218,0e47af91f871662815b59eff00c62f73434f574a59dc2397f27f09f60b4b9729
metadata/663.json,1215,9ad1fce9790623e1a4ce6ffa89f1aa6f2eadc3f284c9c1a5396eaebf6d7a3c85
metadata/664.json,1198,05ae3bbff95b347890d40ac2cfce36df07bfe13d07e516db281e644f271719d4
metadata/665.json,1201,78b3db382215379c70448bf3f8903b16885554f283fb32cc513420a84ce5f260
metadata/666.json,1216,44113b1d8296a35da51f67371151c20acc6a51ba1a3fc25ab4e07ded9e4910b6
metadata/667.json,1224,5b263123e2146de37a8d03f383e9c06f2e407b06ba34b4bfa9ee371cccfc2243
metadata/668.json,1230,743f2182bd676dcfd8e80d142b57ab4d42aa8a5fdb955d949d36daec40592919
metadata/669.json,1218,a313d60ce0c73bbde24a22f1fdb3a6f22a511fa0cacab4ba53e6491f8c5a5c7e
metadata/67.json,1221,40a92af3bc88bfb8af7eefa6784e9915e193ec3d052603c54ef673d901ab9b24
metadata/670.json,1206,47b80f09c328ce3d48d454301f11bbce61b06dea9c4ba82144b0fbb940d1462f
metadata/671.json,1198,4f7298029e33d1a4330bcc3ff5cffc44d7dbaf543035c74b3b7894d68e5c677c
metadata/672.json,1198,ae2a5a0f10055ecfe780fef7142f7c0a1a78b10c8f12f0daae3499abb7ec8d8a
metadata/673.json,1206,a57f568779e0cd4878eae2ccbac2c306671b14690a73c6476aa769733a7e58d9
metadata/674.json,1201,4c009800eb158c1b194a3ac9292771f9336c4e604132e358f6869dc018a76d8c
metadata/675.json,1224,f41777eb16a80c913d6467adced6866c18dddbe0b397e89393ba00acffef9c2f
metadata/676.json,1224,20682a2ad4b288982a425126d22d8ca0029e8d36bf72539134abf843674bb5ed
metadata/677.json,1218,e77f5ed71e7a874618c104a8f9655d76b911df16f927dd9ce8c4e5c4c89f30af
metadata/678.json,1219,48710f423913195afe03de899ea8793871f4892ba19f08a899dc89409f956d4f
metadata/679.json,1207,0eccd4e956929958d46412b27d960aeb444c62652a707825852d299b13034bb9
metadata/68.json,1206,22ca8f749baf618a16e0234652946754ca76bf24ac92948d5c17f8b64c61d4cb
metadata/680.json,1207,3cd95f97eca2850cdcfcf7b67b261494089cea0d823d8de3f635d6ffafc2defa
metadata/681.json,1207,76598e1ace06e7625b15f6eb01cf1a8caa943314e2460ed968a2ec49e9de28b4
metadata/682.json,1201,aca2b85f0a83dd508ab70182aea58cbb88a59e14add1994137710ab94488703e
metadata/683.json,1200,c72efe02e507b7830ffa510ee60a2c1b2272e44c344ec2b62c3caff9b5fda6b0
metadata/684.json,1195,a227d81ff2ec61ad07117343101677a5b896bbd4464245fe32870e7217a1fbe2
metadata/685.json,1210,707be20f2045615f7fce54650505548362627ac363d291d70dec37c134e9fa91
metadata/686.json,1192,3e6f68e8616137729333ccccb329cdb2d265023addc0e3a467ac0d2e3a8c8fe6
metadata/687.json,1201,6d652dd26d864ea0af7877616205210bc62017c8cc1cf412c08b36369f148fa5
metadata/688.json,1210,882a2f15443f97269d7ac5cb1767e2557ecb15ea450241699b6e198486c009d2
metadata/689.json,1198,e4e7dfae4f61d2f3d0fa4441030cb1d1b5012a9fef21f9ae601128b652b69a05
metadata/69.json,1215,bd7c5eddac57b58bd2a109b4157cf401c736109777286038696a06477e1d6530
metadata/690.json,1201,e550484c94e603c4f6ca64ec4d3bcad87af4aa9831278d36a5bccead929f7ab1
metadata/691.json,1207,d6621b3414b8097e0fc477fe4c865e6d2c8eb19ed58ef217e019b86ac768b858
metadata/692.json,1204,c3a215c5a64fcb5778b460ee926d9b445169ee7d460139a991563f510a67dc86
metadata/693.json,1210,ca4ef13c13ea3394f0d6b3b66c1876a256ff0d50d8cdfa39bfb4fc11a3a854b1
metadata/694.json,1204,f9577a724dec38eef888d150bafacbcb50daaeaa90d32634e9aa564c65424cd9
metadata/695.json,1213,44ae8d0d302faff22216435547972e1990e4b45cb2dac4f3ca297ca2577ab152
metadata/696.json,1208,980cc96cb1fb7db2b526f3447fbf11ad14543c00d971e905e44d9472ad1a14c2
metadata/697.json,1216,ec9a00f5bd0b58b91fb0231ce3e188a849d9b33b85747f3c16a673f60fe35cc2
metadata/698.json,1211,7163ae9e9e769068c7dc74405e0e26ef5472fe8a1a7e3810b7865ff081e95488
metadata/699.json,1198,d6da6da1d83455e62289a75b04f82972d27d812927e9824b66e3c6c535a932ce
metadata/7.json,1204,fea9a14fc5bd4d24bc07f066b7365d21c9a5df1f87185628e24618de3ce94864
metadata/70.json,1194,1c940aa5525abed67cd6ebae3ead36e53918b9f13f344075b06db29df9fc84a7
metadata/700.json,1221,bbba61a24c9a7ac1fcc983746de38abd51b39dd635f9a32198a2b1391bd69f36
metadata/701.json,1195,7e5cab174cccb14b858add5ea8f0e37633310299f98aaf2597e2b21a95ae26b1
metadata/702.json,1203,c209b050806896a408876d8510f2e326b2ce52328e57ea77eb782d695b7e7098
metadata/703.json,1210,1f6092fb488273932cdc712db0bda65025bd06fe6a14e75b073bca754197344d
metadata/704.json,1204,974f3d759dbef37046ca5a7292d166fc472105b693079f29c442fb6ad1bd15e5
metadata/705.json,1198,5fc0d2826dc97170dfd430627c2d65c8cc19a1baf13237eb34c27f50a4614f91
metadata/706.json,1223,4849e84bebdf016a4b5d3f846b8e84282a3312394ad70c528244ad1a14453358
metadata/707.json,1198,2e258205f6f7156f1eaad7fb155ad8ed9271a4e2dec26155d6a5e79757d50cd6
metadata/708.json,1215,04ae25ed48a8f5d9593818c544776ccf7eaa84b60e4399beb7fcbe169fd8f489
metadata/709.json,1210,cd5374a96a8a321fbfcdeae9bea3f94906b99c56899ed08d761f770132e36fde
metadata/71.json,1214,df34a4bd259ff18c228302088a880dea6b56e50448f7e990faaa372438cd05fa
metadata/710.json,1208,182e8141c47c8f99e0305ed71aa7c0f4228a7285c03cdd6042172ba786f767ae
metadata/711.json,1201,5621084cbec156b142200c7c1d9b3e0663b2ec9d55cdcdc91a3ac6fc4a34562c
metadata/712.json,1195,355aba878262fd982e7966554f247a707930838d732f8c3d8a8f21412186c22f
metadata/713.json,1200,6582da08a8fe5a5a51789b125d7b6752670ee143272badfd33618adf9c995a5f
metadata/714.json,1198,0c2a386b814b3ce84307fa4a4e8747b41eda68e0a2576c71fed3cf26b817a25f
metadata/715.json,1204,3c63c51f16cf3b4ad7400549614ea298d3be4697a09b469c8c9f01cc3bf87997
metadata/716.json,1211,9087b49d591d93ae4b59c6d06c1b92768bf04e003f8c395877278bd017e4b356
metadata/717.json,1201,8ba637087d20613bed7658826baf51ef9800e82bba1f2ddf175a1ae6907d6553
metadata/718.json,1198,a15b1ff42635d016af278af61a606d0db7e01f59b592f58e7368992c1027ff14
metadata/719.json,1198,d99ac1d3282d8524ecbacd111e7726c414e99a5ec6d832c21b6543c7f514d052
metadata/72.json,1203,e0abd5a0e8c6c586e3a79e476b9cf0c3bbaba8ca6a9c2a33a6fbeb6be240b9e4
metadata/720.json,1198,81d0cb5ff7db29c3888c7f1652c299cad599caef09fc582602c0d08f0ae5c301
metadata/721.json,1204,38e1e73ab15764ad8ad915d34254851aeaba33cc06a0c688b5d8b5fec6107790
metadata/722.json,1225,c63e635bb0b949693cf933bb35baf247558df1f15f4f13d458f40f452d837e25
metadata/723.json,1216,e5719ab70c930e1eaddf26a9bf6e8e99b7dee37fd612290a89ec268326712021
metadata/724.json,1218,d0b282f4a4824e0239d414dae57625b5f4673383aa60b1a1976801a7e74f0941
metadata/725.json,1214,0a9cd49fb7592f28d432dcbbf0a39ec4008a60e4be30dd4d066431643b32b75f
metadata/726.json,1207,e1b5823cadaaab01d160012d9d7dcb139a9a92c0ee4c503d985cc74a5fb74760
metadata/727.json,1201,109b9bb670728041d084f08b95612360b42a696bce54765502c1a8d7ec226bb0
metadata/728.json,1201,48ef5c543f51d92e515cdbd0f9858e0b87ab4d2e0eff3e7ebf3fa611ca8c2365
metadata/729.json,1198,a31668a31c5702c6719a94f1dd84b752ed83e93e212a3e650188ebf66b48f7e2
metadata/73.json,1206,25ad0fc2b5a993039da2f7ccca3c10a9da8f46957f2b28a92a9db8580216469c
metadata/730.json,1207,6275ccb5f5a9ea23fc007823c3416a2c35d9f95b817d15a0dc23fc819afd8cf6
metadata/731.json,1207,c67c47601f39e6cfeabf70b90c826da81c75f99b0a265cac693baac75bd27c54
metadata/732.json,1198,2aea82fa921c698dac94649d47caaf030ae10c6ecda1111b73de65c4f14f60bd
metadata/733.json,1224,13b7b3fc37aeb77eaf1564050d3d53dbc4b07477e38c7d3fb125219e01304d3b
metadata/734.json,1219,1b1782e50875d8dc6d50004b11b7bca4497c1dfd4a89d8f03c682cc46acb6282
metadata/735.json,1204,639850a2ee183fb5b9703af5307a327ef550357e37f72856b954416c92a0f3e4
metadata/736.json,1215,ed2e7e79e00fb60fbc927e1052b5139acd873460c8ad369b58e2754fbadd7199
metadata/737.json,1198,a776830e062fac217624ab42febc317b4688d4c433acfc7483851c8b3b783c5e
metadata/738.json,1207,aad0298d60a971116b9396643d80179c3949dc8cf025646ba7cb69875cffc0be
metadata/739.json,1201,9a98c643171754289d18ae35e395699a698947959ac4ffa286e159c6c85c7983
metadata/74.json,1188,847aedcd7a366b14cf0765bc866272b29835a52e0a73dcaa8de3a27a225ee1b9
metadata/740.json,1208,bd2466f3dfe4295e3df288cc3a26919feb5cc7b87354d32559a9089121ee2c82
metadata/741.json,1212,2c44e4f00cd3ae034d5f542924331d7c3bfbb8d3eaf6a9d5dedc80a0ffd937e3
metadata/742.json,1210,fdae98f56055579f7efbbb51d0f0e4a7d2320de1ae3c332727310c1c6756c932
metadata/743.json,1216,7fc98fa069a5095eb7f767d07415c7219d8502fef4b7335f16b580b7ee0e22de
metadata/744.json,1207,00897c9384cc6cfe531f68e3356bf7989f03c60755f12e7e915643c5441e0ceb
metadata/745.json,1192,36fb29816a8c72c8d17aeb78905b506990bba71f2e5beb6210a00fefbaa31906
metadata/746.json,1206,8c048ed6c52c7f91e765a72dceb4ea161a8afb0100e000e64d5f006162bfb600
metadata/747.json,1215,dbc93c3518fb29b4eab68462cc9b321e00457a51e4ef5f25cb592c8d3b36c388
metadata/748.json,1201,ee2c6e3c25f6904a77c130968891aef483b0f0430039879cf14efb6b6867f0f0
metadata/749.json,1216,80168a876796627249b9ab6328808075e50d9ec5e5ff11ed57fdae249cda7683
metadata/75.json,1205,a09c8667b7e00ea1abe2f0f66e4aa53280b389f4fee71223543ee649dd508587
metadata/750.json,1201,d492cac7e7dd96f67a3d88c00ee3de9534da1d4064b112d0afc5164ee0f938c4
metadata/751.json,1222,ad283ba34b342b0647b3e03acb6ae6cf101d336d7020963a9df8f8bc322c0220
metadata/752.json,1212,99aec404b8787d3ecbcfec8b279b690bcc44e6a7e5e099e52422b2369cf64a6f
metadata/753.json,1213,1c5d56912581423e868d9232e8dd634546d02179c97f6ccbfa2440f4587e33bf
metadata/754.json,1209,40f17e4d77671dc7b12a8bcfed07a6eb0dce05db992cd25a17d71a0ce642fcfa
metadata/755.json,1213,dcfd2ef69708594f94056f164e3e434d7656ec8160724cbc141b3664a1bfaff0
metadata/756.json,1205,a5092924bdb57cffd69bf7e0e049975436efcaa7ba606402b4026bdf746fc461
metadata/757.json,1201,f2d8b83dfbb017b6d7b653b06d641867d055d65d6fe95e610e941c64a0965230
metadata/758.json,1218,885fc31252890ae6a9d0db38335c7352e2af2828506b55ae3d9231ddb38122f0
metadata/759.json,1209,f677ede3f3993fe493a3540e7d8833b4e82d3725eed19cebab009d12138e58b4
metadata/76.json,1215,9b0a1eb47b02243d91448083411f28c76f7e0dc83d32dec9987e89088389493f
metadata/760.json,1204,62372f62398d32c12f36dd67de41ac3e5a49eafa296616e571b86d38ed38437d
metadata/761.json,1217,bc945c756c2a26c1f69a9225c3979c92297915f7c445572ccf26486bc0a9e229
metadata/762.json,1197,2e740465e93f9253fedf9969b113016abdef806189d6045f7abad626c7e822ab
metadata/763.json,1215,07b96b045e4c2dd4d65db2d04741ac9904e7daf463a5126262c021e4e169ab3e
metadata/764.json,1207,e1a55fb5030ad83138b717b76e9909602755dcc94a7321529e859ca6bc359f47
metadata/765.json,1206,0e42a24c2d1c01ef2b8d70472d72efca49611b69366d9de6887ea32857c3412c
metadata/766.json,1198,ee1fdac43e026167b07a95047db211fdcd85e1c11002dc6e58071f2679b18a7a
metadata/767.json,1204,a3ecd6b916755f5b941aca3e1e2ad992e3bc31bebc5e55f79fd3b8e1582bbbc9
metadata/768.json,1195,b362830c7ca3b427795c1dd115cc082a0c000156c70baee351f3a5623b39a408
metadata/769.json,1201,e758274dad5231cb694fbc16c20ad9e8161183fda8a5db076e3ae45aa7b3e36e
metadata/77.json,1215,0db58ebead6ef38c4a7d43942e0fff5017c1b6b0da8664a398cfef489c088ccc
metadata/770.json,1214,26923189cb6ec637320d255a162701e600e1c97c58d6c063fd28da07ec05bf7e
metadata/771.json,1218,33af1d014b3a9e4c780d6acedb7c8ecfd4b340919643edc4665e6088450f3deb
metadata/772.json,1201,22fdc0b9350cd11abceb974c99308ccbff40ead1e30e2bc048a9f74325526820
metadata/773.json,1219,b18e548ab16ef7a6cba39cd589e0d3485c692dd0e2f50c798abc381135e0635c
metadata/774.json,1225,861b5af5cbdefb2dc96034e1215bbc7e029a92ba5c52b693ef61abc8fa11a688
metadata/775.json,1223,8d16911dd27ba26a5a5fed43140f28faf66cac6866dd8467f1506f581175c4f2
metadata/776.json,1221,5a4734a9c27fcca9e9f7cab184e91ba9bb40e66fb0dd257de5e3995bcb89106c
metadata/777.json,1198,515542c203c6e3fd0bdcd23b4b2dda22932c07256bc3f4d6912bf33d000b8ae4
metadata/778.json,1219,d0ec201e1a03f1dc8d39755a5a82902aef9eed922e9e6a4c9d4d0bb678028186
metadata/779.json,1204,5a25a5a98c16a10ba1917e7a1a1dd70f26c97252233df561b8adb824c3e73c38
metadata/78.json,1193,e83cc8a3eb7024e403d567ed85d2ea453f190db26bfebd2f4e6f547d6280d84a
metadata/780.json,1201,00e9b897d6822016c15d35eb5c41f2e4a4e507954f163e90a39a4654a2cf5052
metadata/781.json,1205,52a747fa355aa7358905b569c620f10933642836d6cee72f2f13e18017bfafd4
metadata/782.json,1213,f33640f6dfc4d944bf61eace0a17c146576a1d37e782c5d64249a757e27a00f3
metadata/783.json,1215,617467ce16e10952203d51bed12a9cd91d73de3b9be91f06dba8e80d699ccb01
metadata/784.json,1222,d6b6c60e7b86d7734034d96090ab61c579d5fe1702e65e0b73da3e33c70eb20b
metadata/785.json,1215,1437559bdc48748623cea92d2dadcbc02710662aa69fe37d32f14c62f18df8f1
metadata/786.json,1222,f53ab33552207f07fff4d1bcd6afa3b62293656160b1214ea4e65107554f9bbc
metadata/787.json,1198,369fc94e74ab8f9ef9ff3fd9d317fc56155a2566dcd8d2141f70ca25db9acb7e
metadata/788.json,1201,952149a9b64b291ef431d1b60420ae74a57ab0021dc084ae38b6077f21464ff2
metadata/789.json,1204,cea7bfca79147744d3a6bae0556d307cc5d979dbe5e2c253b2c0813c77ad4c99
metadata/79.json,1201,d5126f7fbf22c80c7375152e8237a2b37c7eed134fad5d14d2170fb38f699424
metadata/790.json,1213,eb77143636b12fa475d2083739cd6ea19bebb9e63512f407ac7c7c035732c8b4
metadata/791.json,1201,4a0ac3af1563cb784f56423ad718cc31a6b25396bb240ec76fb24ba51f9c67c9
metadata/792.json,1204,fd13f25c258ae6b299fd0280f6c6dcfd85ca95d4b85a9cde55b36c9cedd930f5
metadata/793.json,1204,61e67290e56c5210c127b4cf6c26c081290d5a363f0c237227681a9ead3b869f
metadata/794.json,1203,109bc2ea76cc1ecd35ed905e2da7ead1f2d6a28af31e1f493d5cd03fad636911
metadata/795.json,1203,4efd69519e4cd5319edc059a102876691876790bff71ff94092ab8b7de7dd228
metadata/796.json,1210,8ab22383cda0d17282a2a4c26fa8a649de9bfb49bd0b89f323f04dfa55c81791
metadata/797.json,1215,dfc05fa33b787abe0ffd8dcf9ca5b1c96cd140b650467aaa9c17d8319217e9d3
metadata/798.json,1206,ebde161fc1c9e7ed98f7e9b9ce5cf38c2f47b301846fb4ce286eb08eca1e5677
metadata/799.json,1201,45094363fc905ce2948b1e3da572b9d35360e58333958be771e8b9f71fb12481
metadata/8.json,1211,5fa1d23d3f0c8f310aac3c60f47e759c286f1495cdb09dda38e8220f1c956ed1
metadata/80.json,1200,b943291d5be68c840697bf52668040adc545043d809f9c1f5162af85a315b297
metadata/800.json,1194,05bef9a59569a6fcae11f88e759e8ce10ee6f0979b1879186e9ff2e819e9284c
metadata/801.json,1210,15645eb07679adca3eb9e66dbaf9ee0465f56454ea0cd38d61283cb2d7564643
metadata/802.json,1204,4bff074c98b1bc65ca797bc0e0a00aaaaf59a4117245e640603f45cf0c4b6b0c
metadata/803.json,1204,17e6b9be736f581c54900c32ba9d9dc90deed6ef554c93a2fbfc7e1ecf1a8096
metadata/804.json,1207,6748bcb52750157cf05f70f8ef9c9f0967aaf714492f8e7fad39f42f53af8821
metadata/805.json,1212,01ecfd1dc5ed027c3d04a2e63a56ecb50a5a38045d829e19df04b2376403cb6c
metadata/806.json,1222,e14298f76e65d45a8ce842043bdc956a9d8a7153d95197e9be587bfc6909c5c7
metadata/807.json,1207,5bdb05ee6a04374023764c9b9867188f0ae66f507fd49eee98cd88269236cebb
metadata/808.json,1210,2af68b0bd0b226e7f830eb2e0f7252fbec50c9bd3e4948c66dff1008e745a214
metadata/809.json,1213,9d75e0ba2712a55992ee03560740c6b9069cbba6ceed97d84f9e15f305fbfb52
metadata/81.json,1206,9e28e36fadc645ea8b24bd4f1fe1b1985124a2103951cb6fc04a33e10849a999
metadata/810.json,1198,4630912a069cb481dc08da18d663fb98403bb61bd0fc2b02db54f274629ec0db
metadata/811.json,1216,1b4a02bb43e32998660452d93fd40f0bb88d8fc61d5b7525f42ffddc754226f0
metadata/812.json,1213,7768f771c99fe6697db25be13ba7c6920fa0890aa4885f2da19a256c0e8f662c
metadata/813.json,1209,0491d4333cc6e5f53611920e1f021a758772e48a9bbc5d3212d303b94f16ac8e
metadata/814.json,1204,0febf769c8d6493d8d7b30d980c971086c87b4c4c5afef82aa1ddebead0a7d6d
metadata/815.json,1224,a3453af6392f3b898b6f6d940c44faab601daf3f2f2ee0d006962fd637b416cc
metadata/816.json,1195,b10c19597c0344960b7ddff14d79a8254d8a94d46bc24900365d9e6a6203ac58
metadata/817.json,1207,8bc300e7f5ed639b4a567169e16ed4ee9ad56b3d5012a2c8b4785909607d791d
metadata/818.json,1204,88a1da949107a680b886473241c654ef413ea56e816b33d856eea60777fe4371
metadata/819.json,1210,89c991cc4687677eadf6a189719188d67cf1721b247770fc3d8b0d0d469532e6
metadata/82.json,1214,4166c8ced578c2f1c901d63723738639bbad0136d502a95652241563af017c39
metadata/820.json,1209,d41a8099f2e4b893fded610417d5b3a07f6101fb7e9effbceb54d99be41b4cb7
metadata/821.json,1201,f80ac1f06a8709b5c26059b69a4dfb10606a512c448b909fed610b4e3f254ba2
metadata/822.json,1216,aa2fd8c90f94ce86a7ccc36b1e759b4b78966cbfd495bb19412592a3bf71fb6a
metadata/823.json,1227,8b7fd363b7bbb3a7a69d75a816e78400cf656eef0be01ce69553ccb3c205f3b5
metadata/824.json,1213,21f38a3d4b3deb7e1c49b2ef3a3461c2b872064c3bb7a8754d657a5d23c4e739
metadata/825.json,1212,b9e4bde9c291e1ad17ae8698492936b4bb51060115d48e8613d1edf50cc4a72c
metadata/826.json,1213,5c9034d0e16e897f1a91d621908a85a410505c4b18873e941700932c1907c8b7
metadata/827.json,1217,cf3b892c8f28156d102f474898ed5fb3475ebd246427468225ec3da34dbfb392
metadata/828.json,1207,94a44193387713bd1be943218fe04c6742b197c22fba1df0e8483ddfa4a7c71f
metadata/829.json,1222,5cf034f8beecdf36e9d69e879de9af748f2a5bd92f205a45798508ca10156497
metadata/83.json,1203,4f34f47eea7953cca2fad9f02abc7b2b1365b8d499faf68dd489fa0384d86fd8
metadata/830.json,1201,af25d8a95e9cae228f41899863e1c12c4b241a36f27fd567b73abb391de5d83d
metadata/831.json,1213,fd1e22e7d5bf1f35cda7baaba7c4f1d1adcc09e43f9efb349b2c26b06f461ecc
metadata/832.json,1210,7fd878af9b6054dcd5b9f69b2ddfcd60c02a215f54970bf6888d1853c894c8a8
metadata/833.json,1219,1d59888223129530dc8343079fd5c213268ece9a28d7eb069a31342507bc9e3f
metadata/834.json,1207,dc88fefd3bbb0af6f89de40be26d180695bd167940d76e795d49c5f2b927328e
metadata/835.json,1204,be3abb80a9188f3f9cc052fa0d206fdf7ce60a82966d50e837f584011c48f06b
metadata/836.json,1209,fcdb32f40036bded515f1b8cdf57966402c53d376276b12c959e8f61bfcf6d41
metadata/837.json,1213,eec9d0839448e4ba12406f009cefe9c136852d03ce9d6fb85fcc458ace6bd1c6
metadata/838.json,1200,67a864b6a4efbd967207f115298aa61b0d223bb927debb2c49f31bbfbb2ee14b
metadata/839.json,1206,1cc0cde6d5449e8735507ae2bf75997f4cedd945084af5aa0e957731e045995f
metadata/84.json,1199,b5b7379390638b43942505f63ddbb45e1f5c01e935a0a93b47d8694b915062ab
metadata/840.json,1198,a162e21d24b839a69dd2bce60c8bbfb816fe0c60262a56712ccf757265ec038b
metadata/841.json,1211,7fbb2cd531522e3882fb97d52b2c43c4a96a8c279a669a0e6fde13d2ea6a2919
metadata/842.json,1222,12ca4e255b9e780b746a32801ee76230e7ea59e4a81adeb03595798469a2f0da
metadata/843.json,1217,24b19a81ec0f5f572d6ecf13162da7fd3580066c842fd31004ff650173930cf3
metadata/844.json,1201,e6c24d383132ddea433a317d4796d79e001e29d304cc2429aa9328024350f709
metadata/845.json,1198,16ea4b16c7e7a4692e43a964eeb96b6c58694741f41bd80d7de117ba2b778d54
metadata/846.json,1207,72ad697c3d5d308b2e5c2ed34979a3b0d1c25b73ee3131470c7fa6394cde4a30
metadata/847.json,1216,90921503e95eb094a5a4e8d78eef881c2159c300e812af91952423790599f396
metadata/848.json,1204,d41a39a3340068a771b7be58ec3a6343722dd7f724fe16c729778a4b16664e52
metadata/849.json,1221,13352de33f7f069506a497452577da574aa82f51b3d45f799eb6edba0bfc85b1
metadata/85.json,1203,560ada614f6bb21257d4a56529414539926a4d89070ec943a1b288c4a1d0cbf6
metadata/850.json,1198,afc48201afae042c9cb832cc9da159e9f3f14ee71c220daf7d9e310311b9d7ff
metadata/851.json,1198,3afdc305d9fb5dd7c325b61666965a41c680c08ddc57d7b576c29241f3d91371
metadata/852.json,1207,9d5efb9e6f4eec57a62f74cb16ca627f6d03ed4742da257097f7d953b833b87b
metadata/853.json,1222,532b9f96197cbb60333d791484c3e53b8fa454cd0b64b45200d0e27ac1770a4a
metadata/854.json,1219,35bb9def1fcb6075228f5b63ef574c70e50d405838a384f335b78c383bda8ac5
metadata/855.json,1198,4e2c07479426718b81bea2ebf1aafd81f93b49b0b36a7da1316821d7eb1e6bb8
metadata/856.json,1198,c60ebe2487070c26f8e23d2023a662bc324e5f660ae8f75394e7523647b4d8f2
metadata/857.json,1213,e612858be964a8d4dc9b430a7e8253ef53f8af3011161a7af841da0f9abe87bb
metadata/858.json,1216,fb5093287ec732442fcf1d8fab22b4f958d45006a1aff8d69a232ba3ab984409
metadata/859.json,1207,cd48363d752e2ae8bffb5969b5435c6f8d3ac655c5e2e176397d8810c5e4349b
metadata/86.json,1205,fb017111d6db29b83ae8b9ba73ff68df81d6ad9c979ee81b95549a7c025ed4fa
metadata/860.json,1204,96219afba1f1ceb2a6d493abc6ec7b9610d3ca5198af12ccf03809b6ea305dd5
metadata/861.json,1214,e6b056a853cc891f2164adbffbe23a5ad9ac5555200455b62213fa95470a00c8
metadata/862.json,1198,c0c2a923b28d5390ddddabd50f8705849f7b98d217b311782cb55f7408683dfa
metadata/863.json,1213,d29e452b341a75cc495ce43ca98aac15d46767847089896709bb9f540842f82c
metadata/864.json,1222,b6b5033d4ac3594ac84dcd9275f6bc102f685d7b6e6ecccbd52f74202497830c
metadata/865.json,1195,5a727011909f2cd5b57eeb668a69e0688dc69a29eb575cad8f8ee7613ecb6e9d
metadata/866.json,1209,aa85af9a0fd9eb25629e00ccbd2539a90144a5888fc07aa9c2e2db08b0fd695a
metadata/867.json,1216,4916488fe2395bfa3aa6dd8ca30eddd8b16951a3f005cca6c908254c305652ad
metadata/868.json,1218,1b2692fa6d30a9289ae5999e92cc37acdb0ebf07d21a4b56a2c44823708f2115
metadata/869.json,1206,7c5397696e97b4c36ed582bbdc4050c333f31efd4e5ceb7fe65ec85b803529d4
metadata/87.json,1206,127334a54d6f596c7cdfa802dd428a0359b051f2015e5663ed4577a816899ccf
metadata/870.json,1203,db10dec13d22045aabf12bb2ec1c1d5a5ba3effce744391a26337d64ba66431e
metadata/871.json,1204,85f2ddd2e76e941e1268656b09bfdeaa09d1fc1177d4b8733a6259fdbc1cf730
metadata/872.json,1210,3eb8f62c72cb810287292c07502a7ede4686ab2babb6be3fe497febbec6eeec5
metadata/873.json,1198,4472d6a78f4b04832de7e5884c79d68ae1a4a3629fc49d8bab9511bf594792e3
metadata/874.json,1215,ea0ccfc8da4416f0c0a62b19f5b93dfcd3484ce65cb1af6a73e9cfbc5a287e34
metadata/875.json,1212,669d6d62ac47f7ebc50afd60fc2c5ecc7679d936a87246a5c6a535a3e8af6583
metadata/876.json,1213,8f8f2e4f06882e8b9b6e119e9a76a38bb86a841415028a650e8a0c6da380c0ed
metadata/877.json,1214,8e41380507c595e15a171d85d62120dada5f62e60ce9dc6bf7141986f601481a
metadata/878.json,1216,62c76292a0100dbf6ce0b8e491beb4fed5d2648daee0f379f0ec0ca92582cd16
metadata/879.json,1198,7e2886d7fd19bf3ee3e2057a805add7e578642a6c1ed330cdc9b31f44e41d450
metadata/88.json,1202,bdeef4608e6aed014299b9005addd39b55c5f2816438483aa9371682ad106e60
metadata/880.json,1201,5cb48f8ed30ceb633d67472ce67f30ac516c59c0dc7629f16e83ae93b63831bb
metadata/881.json,1208,d732cf93a92b32b1bcc56284ea4fca36742f35fcf7420f48ad9e5f058c82c79c
metadata/882.json,1216,9f5e14154db902b3d609975c1174d2cfe2015eb288efa29cddf67acb012b6b3b
metadata/883.json,1213,7a4cf21786c9e601e734bf329e824eb79982eeff96259c2d1c0613cf25ea58e6
metadata/884.json,1225,26423a47b76502d00036bb423e5168969f3e9ca9fa197b97fe188ffc1c6706d5
metadata/885.json,1218,4dab125fe0905449631bbf3caf04ebd39b4325e2108a3ede42c95e606caeb892
metadata/886.json,1210,8e17cd2f192610adb176f9abd6ce582183307a5f4182c6f0e417c433670b69a5
metadata/887.json,1210,ffcfecbda9b19e3c29e19ea74ee0d7d3df8d812f096b1e5a2a84399ec3444465
metadata/888.json,1201,2911091e2b9a639c7208cdfc455a6fc6327571694fe7cc8db2100e9a3e81343b
metadata/889.json,1198,8cf2eea369635bafcb6ed09f2f2912c2ce2fb8f62b8e2967203bfb698aca44d2
metadata/89.json,1191,691961607245be55278fb8ca2c7a11ea4c2a984d36c6fb719bd3ac2e4770cd44
metadata/890.json,1207,87ebc3db61a3c0447cc88596810097a1c395081d6383c2fe0084c194878a4086
metadata/891.json,1213,c5c7c07d3835e3a5c0af8e6b930a993535f769f53db98bccfa2173eb95ef325f
metadata/892.json,1207,a6a61966faf215a0024be904eb11a76de01e0575577f9054a52f5293d88b40cc
metadata/893.json,1210,9ca110714801e55ee32ee3bd2a47925622b87918cd5ae9f9e7bd41f44d7d7d41
metadata/894.json,1204,bb6ec6592467a4d20f94e10ff5e26e6e3db74bb704c3ad1631a3868fc8bf5c0a
metadata/895.json,1201,674b001a849666966a1d709189645fc0a4a5d062026b53b97b4643f3dc814004
metadata/896.json,1209,98bae6c0de010b41aa15421afed87f460334e55f5d6d8d9bc59d2f3438013cba
metadata/897.json,1219,90b6d8f5d6d7c5cd42b90d37d7d2be38d5a2720fe40a9e9c8e8d086b572aece5
metadata/898.json,1213,e6390422a1450da989c073cb6e6207631a1237f12ff475acdad244bc1d8b1dc6
metadata/899.json,1213,a986e7001366b58dd7a61c1a0a3966e4f4a50cb64fb7de95b45f04de4613d9a9
metadata/9.json,1208,72a19da8bdf68d757990d14f466737562b77d523a020308171dc95284ca6d885
metadata/90.json,1212,5746b32a14903f397594b92e11dda155283e921a7f59f3a1317b46b0529a15cd
metadata/900.json,1207,346605bd8995441f1fb27c28eee430f30c1f2bdc9ed331db1fd7322d7aa40f4e
metadata/901.json,1207,5c9f741416004e77e7a25c496318613fbd6e32549e66f37dfa6f95494fb9ce0b
metadata/902.json,1207,87d3ef6b6d38c022048be589cec95ae8471e22e2120859010ac79d11212d8649
metadata/903.json,1213,6aa8267984eef04885ff44a620f2fa29a34939d48de029b01074c92c9af888ec
metadata/904.json,1212,f20aee2162b522a975401401d1127f8767b358cc2be6cc25946030099bfc043a
metadata/905.json,1213,72801193d469a1b3a5ce3ba9e38d08fad41d641ea4a959c01f54e45f6fec0afa
metadata/906.json,1197,1fe6e41c38e7a83a9e3b3af17024e54d9a7656032c2688acffe9fcf314cab571
metadata/907.json,1207,d2254f718573c1aea9b2ad54f413a3d4b127c0a18fbc14491a0d74e36bcef204
metadata/908.json,1204,a6ac4b6d1b5792a131eae3e502bfe41ad0b10066c63d853a452d3dbd46d5714f
metadata/909.json,1216,39bcb629ff159bc26b95ebd0c2f48af881700c1730b8316b55c142ff063307f1
metadata/91.json,1214,31a033b3f3f694ccb1b29c05aa40282629d2e883ffd3470aca8a8804146145dd
metadata/910.json,1225,baf4663cfa6615bf11c1400f476a1be6b5554c5b937ac6740dd42024a697c9f2
metadata/911.json,1207,52a79057f8918fa9c37e266ee04849cac79700998dbfde0213516050b8543d41
metadata/912.json,1228,a9a8410965e07494393183a5a1231b35b3b36972b0657f36ede2e9f693d1aa09
metadata/913.json,1195,49777256eb42b79c6123ff456a565cc9c21087aa7bf6f2d8aa3aed2ad4581379
metadata/914.json,1221,51eea9c34b4f3ccb8c098b54065ba68f1e5457a303bf0757da5d3261e2f32f52
metadata/915.json,1219,bd75dccce4548109316128661642cf6235106fab9036775c7209cb5579fc8094
metadata/916.json,1201,f528ad884e54d66a4baa2ccb87816e923fb849c8a712b362d93e80f45d40df30
metadata/917.json,1219,4d58f4c94003b19599f7c8ddb9710b343f3136184f0a3881122a1ac11e2f3804
metadata/918.json,1204,79e8f501b9ee8d0510cb68cb4d13aa25f2e7c91a478fe6d79b9ccbdfea7bba13
metadata/919.json,1210,e6852aa42f73a75a39ec5763c91b31e72750e4cdb227635a3a471001bf8f0b1e
metadata/92.json,1203,b107b4e46508f508e677cf75f65feb9bf8a7443c60f5fd637a7ed2e59aba523e
metadata/920.json,1210,522057fb68cac896d6876d4e6404a231222b7860648e8ababa633d57c55e426e
metadata/921.json,1215,76f738d7baaa05a23abdc0e761bc016d29511034411d1d51d3660781aba39aa8
metadata/922.json,1213,87cb473ef97b1dc5b3c313414520fbaae423a3622c3d0264e497c800529d438a
metadata/923.json,1201,17520060631e12fc581c717a46664b49c9b0ee0ec8af007537bc003ed3ca5e71
metadata/924.json,1207,156cf40f033397db390ec25fb3bcb6deb2daeb9b09792d4e48536b4b96c040cb
metadata/925.json,1210,7a29d550ccccb74198131b8e8edefd3ca18f5d3fe7fc9c1468b8d90194a86b82
metadata/926.json,1210,7b980d42a2f44160a7479eb14c5010a6eea22217de3b49ada574b1a8a2b1ee28
metadata/927.json,1201,023acce9b0104fce70c90f952c06b587c4178394892a2c9667911e29bbc49f06
metadata/928.json,1216,30a34019318405f74ee643fc8ac2ffe6bc7d2341130c07b45492e3106319a9fa
metadata/929.json,1210,5b63019f10f3b9bf6e794042fc97b95b4c989d4898a715d45e464c406f9e61a2
metadata/93.json,1203,f0536461ab0bc0094243f886d93f91c545d9768a201af91fb8ad9e1f9fb2d59f
metadata/930.json,1195,d9d210cf506e3e36f064356ebced80c2160f23c12e9975e727ed09f98645fa2e
metadata/931.json,1222,4d6d01dad2c4ad7368fc9b4d60a1df5361333b0287b8d8fdbb47d5468c1e3ed2
metadata/932.json,1206,bba6ed8485f6893d32e5acba0080c5a8bb051af428c8602a85aedcc05e427665
metadata/933.json,1204,db2a164190cdadeaeb2038077357821bfe46244574f7bf39e5ee213040ce6519
metadata/934.json,1198,c0321e3e9de36dba2a86684f9757eb9e6683f27e928e390e7cab637139c3e343
metadata/935.json,1216,41edec10fff30498193dbbd8e26a51b215276b998bea4730087443e13c31269d
metadata/936.json,1198,cb68dc0cf65240f2b28b667e319fbbccac36a78261c1f20133579569f0abc41c
metadata/937.json,1222,deb7b8a13d460b15b3ecff71ffd0c5c2b97e36d537426c9679b33e85b193614e
metadata/938.json,1217,867505284c56276836f708c63fe3ac473d08dac96499bb3b6a4e1ed9a7af409a
metadata/939.json,1214,e6bac0b34f011d787d7ff24f490b3c489adc7d1859226b02b2dbf2c4f66f8007
metadata/94.json,1209,ca888690590add0faf70645896103e31f69ede5f4e06e580fe75c88969a2c493
metadata/940.json,1201,7432da9a1a6a063a3f0aee7f5c122c4aeb0c8f3bd3559b5645b5234b8c08fff0
metadata/941.json,1201,9a37374c9de43bae85546b581abab46ace65ad5e1803699e90f7cee225cc10fb
metadata/942.json,1231,9793e3dbf550c79ac147ae7d829cddf793714604654e51b1753820d1c183e440
metadata/943.json,1201,ef1c173a8ca4146dea516c6dc3a08269968112a3edd33b8576df9d44e0338148
metadata/944.json,1196,bdcf628455727fcaafa49375c5ddaa17e1fb7e22590123f69582db4723fb653e
metadata/945.json,1206,ea0efd2d014f57b92cb10af730a86474b889ce6457b84a0b1937ed21e24d9325
metadata/946.json,1195,ba12e6e1f539eb21ebd6fb50e2693925416745519aa181077cb5a4cce064ccb8
metadata/947.json,1191,12a73ad9581827802e1e34e8241151501e2bd8289621497b39b884bb35438775
metadata/948.json,1201,46f7e7ca3e62683a30916e001999e60a48942690691c59f0eb6a9baf199c99db
metadata/949.json,1195,4ad424b72a91438e41561363e555a4454c0f6fe16deb02b87f69a880eb800863
metadata/95.json,1194,c0c1177b4b52950ad7ef3f93884269a23a2b81a37fa975864a4a10fd6d66daa8
metadata/950.json,1201,4471be18ac0f543499a5e77f7e83ca0d7efdaa9613cecdddb2ec19b50ab3f17e
metadata/951.json,1207,9d46f29529b98c1d91e2e06960796db5bafb0b1388d002e187ebfb96f521cc69
metadata/952.json,1231,c0dc4f7d6638b09d091ef0c517edf20478a04487be855fa00bd0ce62c3e0097f
metadata/953.json,1206,7a759f1664920bcdd797aec3f7992c396d592b102fe3fceabde81127fb403c95
metadata/954.json,1202,cbcc04a04aeca71c946986663dd10e93741a701f9426d08d5f663aff7736da14
metadata/955.json,1213,00901023066eb1cf76fa2327b78f0eca95a40246c6ead7f981cc63a664a8bc25
metadata/956.json,1216,1b5d0339c78be2741a2e27b64cf0303dd4abfbd28a1918ee68cb8048c54628e7
metadata/957.json,1207,d4cbd752982af4bf07536bdb04a3374011eacc850e84d4f404b17ce4b2b8ba8d
metadata/958.json,1198,2d7ead6ef367e80a972b101705e61f5c02e4e74043950df70715ca45756c0a1b
metadata/959.json,1211,4de73f3d5aafb82cbe6bc5a32952b889dff1f7d22d505982cbb338563b3a5f5a
metadata/96.json,1221,dcafd45faadfce4dabbc2697ac4a9c1b541b8fa6db59a01725dd4c3266a73f32
metadata/960.json,1196,9f53dde1a3627ae552c562ed04f28d5bda24f34e927076042da581bc855435d7
metadata/961.json,1216,3bcf05085580d6723bb80efe8f8214dfe17c56a3215de2cf1556e5846039289a
metadata/962.json,1201,29f7a5714e37f606c16674ff9a5655f673d765564347f6eb5bccbad40bdc858b
metadata/963.json,1207,46bee042b868ce680e1e2fbde6f0c1a7a1e1e72f2556d0c5266cbc304541d5c5
metadata/964.json,1213,70203894be7638b66714ce74602641392da25f606d99b6b08c01945ba5482782
metadata/965.json,1213,480418e636359de31cadedda0e08ad37230de994caadec35caed1b6e69ec98a5
metadata/966.json,1213,f033d9ac2b17bef3f3632dbc46e5d158a47c211e530f69b369336b34a3df5237
metadata/967.json,1189,2cc9c34dadf3588147153d986f39ac44aa21a5a536cf6291c66e6a9f8bdaeccc
metadata/968.json,1205,157df703ceaff36b744c78dedbd767250403b2412d26e9a355408f363f844486
metadata/969.json,1209,8bba4dd1a8ca022a7e00a48d13a0b81eda2200ec87bf248f44e9c9360c2f9fb7
metadata/97.json,1203,006b94d115e8ecd476d85a50bfa8933d275c4740c2afd685e424bf3c93b7781b
metadata/970.json,1206,cd37e0037f078dfadcaa561e3e70bfe653bf1f18d3f15e513ad3e017bd0de3a2
metadata/971.json,1207,9cf5ca7692e10dfdeb9e5bcf38b21b6af7dc039d940643e29b7166b95204d579
metadata/972.json,1207,c962548a8741bd0b47d3be888ffdb4f6d7a250440945ef62f44578d859dc20fb
metadata/973.json,1207,31dffbfcbf57fbfe31f28f881d399da2ff391c175564b3d3f0a95484eaab5855
metadata/974.json,1230,cb6b5e15007502969e9aea63ec313c2e6548de64bfeacf8dac75ea87f68b129d
metadata/975.json,1213,1326666d33977e475a6d6a008e35b8ec8c1a775a7eb3f453fa89e32953f96531
metadata/976.json,1212,7382b7594f2326f04fee616e0f92fc24a0215f6e2478579834a8e29feec838ae
metadata/977.json,1204,1a53f65957626c1e689b4fad437e5b496ce8b27b78ad7789641d3f84d5c1e713
metadata/978.json,1213,7eb15608074cc1df7c468da3900130a755e1e374ee79667e8fd2fc9f92b47b1d
metadata/979.json,1210,fb1d77ca6342e100391d6cb47480d00e8cbd07e200789e0c8e005db558a28519
metadata/98.json,1200,23cc9a11279988c4852a61567b7409265e983b507b291b708b945b61ba0d3eb2
metadata/980.json,1207,9b505ae2bdb0bd95c6453d168cfe71d683a15c5397bff728d1a487b9e2e6f66d
metadata/981.json,1201,ae5b35feee74eddc1ae29aa57655f87f4cf286676f2384b5b7972a8820b923ee
metadata/982.json,1205,97ea6adcd7828a7b8edbed8fc226a7869bbfdd553c88da7a2e6643c66a747d25
metadata/983.json,1219,1d5a9827a3fc6971d88c06ae6ef2e1c338dff6878be2a5b154c03b29d071e81a
metadata/984.json,1228,1e6d5e51e2b2be8ee9efbc0899f077dc177819056636201a8aa9960720e40f8f
metadata/985.json,1210,0764e2f1ae235630cee1afce025e10ce56bc29b1c3eb691d30ff0eae734f5591
metadata/986.json,1204,74bf7d4c56fa56cdf25948525674f40962fc1b4f27211dcaf7767e6d5f7373d7
metadata/987.json,1213,dbca51d6c4abb447c23ec1b85ea932c7b4910c98a521b5295553d1e178aff182
metadata/988.json,1204,804f0ddde2c98cc9b34fc701b4c675fcf56d96ce37881deb750bdc7cccee66d6
metadata/989.json,1204,d58a0901166841d2421d5042eabf764d22c353b61114221f14799ac1c342338d
metadata/99.json,1224,b390c74bc3347681fb51de36439f132b885f4e302fc49869ad82491becee36b9
metadata/990.json,1213,0986a715a5a16da61b45d9a45ddce60269c7727eaeef68face68e6a381462c25
metadata/991.json,1213,6d0a4832424e6502b8ace96adb657e24691e719aeb315ff26d2f6d938973cc76
metadata/992.json,1216,6eaa968101f599a0e8a8d31b20d414f30edb8df0f5a46a4d49d1659c9ac4c352
metadata/993.json,1207,9b9ab07e3055bf46e9dc0e7d85837238db10eb968d06356d808b573660c6f3cd
metadata/994.json,1213,499c01a53396b697a514d97c3cc75e664a1b42195212393c3855a4aac9e57f9a
metadata/995.json,1214,8f4ed5e3b6a3dc2e62e12eb775cce330fc96742a8ab834e8dc03fdfbef8028a3
metadata/996.json,1212,adb404e2e67f3aad5f4ea5b42562f969646dcc517bcb8daf141e6b59b9ff7553
metadata/997.json,1195,9e3f0bf9a28aadc44b7e28194544cb8abd608b0ec3949815404df934c8463e27
metadata/998.json,1213,bedf8715d7ccea89594017e8805332de4a1863005e00d788327d7ac59b5dc735
metadata/999.json,1209,19058f71cb4c31df444cd901e4b67457c40a82fb3487a4f2e54209e723ffbc2b
metadata_rehost/1.json,1024,cb111fe8b5e1df2ad0983aeca84795d5c170203247fa27f52bfb9c3d5a1ccc21
metadata_rehost/10.json,1022,7b6ab8fb0e36e9f1ea0afd873958c20fc065516a0917d58eceb79024da78e041
metadata_rehost/100.json,1018,99006550296af0cfc46ea567552de8179cce59a0abb141acbc7977245cd36ba5
metadata_rehost/101.json,1025,b3d34cc82af599c792d97f38f610e67982e95d75774e79a60060b3a6a48e1e58
metadata_rehost/102.json,1013,b7f3067e7c530e9df83efd55680de39f61587e5846a52b1a54c25ac9d4e4f8d8
metadata_rehost/103.json,1013,6ad97c42b3c80d337dd9ef8fcd3170d12b0aae74cef501698417609cc71e7da8
metadata_rehost/104.json,1013,e4edb56195aa8577ea96ec75aaa17ae01985f7b25e7fc2eb9e0156b79224019a
metadata_rehost/105.json,1010,9f4db660fa255b82618922207bcf17846ad9c3bd5da90b0c34e90b7fed3ad337
metadata_rehost/106.json,1022,b5801592bf7e3d237559ffcce2742ae680dffb8b46594b27455152470090270f
metadata_rehost/107.json,1019,968220232adce472f07eeb4ce1bf1d7e5e8932acba02dd31b41f4575bb76174c
metadata_rehost/108.json,1007,cbfc44a7c2acc246823bca2d5e7e9a73d4bceca73c399bb0b14265f363c2cd63
metadata_rehost/109.json,1022,4159c7b3ebd91a1a0cb4d55d92c62a22451b5a95128efaec927330030b879560
metadata_rehost/11.json,1001,52b21b3bc310aef7a695de28f71b582857e7ec525803b451e7826cb0686cadef
metadata_rehost/110.json,1015,3e3ab0425f479994b091a23409b1d9bf81582e88997cf28e4fa987ed4ec093eb
metadata_rehost/111.json,1010,57f79715696f852d90db07dc4cceaff68a00f8b2cc0148cfdf00eeed541b0681
metadata_rehost/112.json,1019,b237d277c76b9d7a1884181f58ca6d262ac58c4d5277e3135d326f1681860623
metadata_rehost/113.json,1010,2d247efd221b50a679724aa48a514bbce0d490cfa0513b6e83417478a2b0a7d2
metadata_rehost/114.json,1018,0a0d94e0f2bb92cea5d85a03df3ea7c942572705103ec1475321a63501d41d8f
metadata_rehost/115.json,1020,260aa3a5f466a833ca2621a749cbca56d732b67014d09391eb49d2aede68bf9e
metadata_rehost/116.json,1013,bd88d086efc9727fb1a873d72572e10cf3d19b54c2b40e7ee0a93825d9a453fa
metadata_rehost/117.json,1013,8479a34c2ee061b7d348bae3ca1c0f5fdd7717b1c1f2b8b51fd517b24d79a738
metadata_rehost/118.json,1016,8770ad22d110e276a13164f6aa9603c53bd45c72e8d50e7b24a82f3067896dee
metadata_rehost/119.json,1009,5893bced8eaa04532e84b51324f5894d52f1efea8e58b43d5dbf603eff4f088e
metadata_rehost/12.json,1013,6d11d544bccaf4aca3ff8aead9d33f6ec540fe65e00e9b3a832835a5278c4c76
metadata_rehost/120.json,1025,351dc53ea346e3732c357f35e8f84eff436f875d4b433f2e01140046f4aaebea
metadata_rehost/121.json,1033,b8c1c6da2285c48e9d85f103660ec4905a093d623254d8c671fc0fc74ec66cfd
metadata_rehost/122.json,1025,86c91f05f33a40cdd247185f19819bd6a107e301c0155a4a3e098703d78593b9
metadata_rehost/123.json,1004,3202130f875827c53c06c11b0ec64d2a0367ba2ce359608ff94e567598c95c9e
metadata_rehost/124.json,1010,34da5d10dcd1a05baf316393686a6b9cb726fc0e8de6c39231fbc5576381c9b5
metadata_rehost/125.json,1028,3762d75f1258e78c34b5bbdc202997331e0767f3b1f3611a4bd58a3fc6e9598c
metadata_rehost/126.json,1000,bb97af7a6c0dcbddba46d428e1c2b5cc8956d471fe0c1c48424c9e7faf8addf8
metadata_rehost/127.json,1031,d762d17bb4629c8ad163008db252a05f46dbe54f20b5d8ef1be46e45cf28713b
metadata_rehost/128.json,1012,79f8ec476792008a0bc1117a61956cd310cb34e55dc4fff35e9f4b38d7d4c23c
metadata_rehost/129.json,1010,c3882d34cb5a9925654273ce462dfae80ff1f76889ce81d019633e798c165852
metadata_rehost/13.json,1015,65d3987f5c373f45dc4a48a8858be80eaa26bfbb820b1d64b3df25f2df2a58b8
metadata_rehost/130.json,1022,f3f39347ca869fc95614cd54f8b243ad1e95a69cb705bf1acd1718883d4f8572
metadata_rehost/131.json,1015,598cba2c9043ad9b159d57b9d6ca8a490675266879ae547b5376ccf3d27f47be
metadata_rehost/132.json,1006,ec05d87563a11e33b92801bc61e9f596c5134e86532251aae124908b6da9ff5a
metadata_rehost/133.json,1010,1905e7a8065e394516a91768016fb59771fe02d5b36974bb2c37bc3895377592
metadata_rehost/134.json,1027,f3d8d7768c0f3fb085f1856a729f545eafeb3049bc3fad17d65e6dc4c43cbb7a
metadata_rehost/135.json,1016,0d777a0fdc0e949e959149d0dbf1b5cf5cb083b11be537c1b5ba7614e6c9e639
metadata_rehost/136.json,1028,ffdd79121c6a66c367ac9ed110863761f7900f5f7462f0f0b18d3b3167800789
metadata_rehost/137.json,1003,b1670c1e7783889518f2b70630476109a7b3834c87462d04c915c24f1446712b
metadata_rehost/138.json,1025,3a61f8758afb8c29a497e60f5972f4131a4fa7470ca6a315428eac2385a74164
metadata_rehost/139.json,1034,fca23a0b2d3d66cbcb3d385fc3ccb7d149f1561b54febfe13f0f540ea0b8367e
metadata_rehost/14.json,1015,8d3039943eed3dc52ea531df4ae776742456402592470d30c83a6f1807ac2e05
metadata_rehost/140.json,1035,7ec2e0b579ebc715e72f6ade470b0bc2217cf621693e2c8da2370a7afeb6d767
metadata_rehost/141.json,1025,8a060c3769bdbf7694a4ca3d0ef66adeba97fbc908ff8eaf9a353bfcb3a53da0
metadata_rehost/142.json,1019,fb0cf6d39b122d615fc758e22ac6182d1f2116997fcf539116749c81082b1d54
metadata_rehost/143.json,1006,01835c69c59d952743abd5cdda8d034e0d9ada6367cd9c8c78d8c225445559bf
metadata_rehost/144.json,1019,8a7af4f67e98667b80e7c7ecca2c66511170f6833fc056070fb75bd41700b72f
metadata_rehost/145.json,1010,270815177446cf0c14113639a532ec27fe66e5840edb7ded7b6c5f20c71f8b5e
metadata_rehost/146.json,1046,2fc17f04928139711c1c2ef67ec0c2ddffccc9c083155c7ccb370f755565d11c
metadata_rehost/147.json,1022,830e9a0b36a4c8912219a48bc730dc7322d11f0831426ef90a95bd522884e0d1
metadata_rehost/148.json,1018,88b4b6614b412ee43e59c71fc3d9a2c91df181d97c691e54a8e6ac7db6eedbb3
metadata_rehost/149.json,1021,5954c07c851a351e49aebbfc07bc621a1b8039c19362bff8fd4c9f73f80ecad4
metadata_rehost/15.json,1013,9e70018e9fe35a4b566ea7c9f1e1ca68b01545c76fddeda94c1e079e5f471b0c
metadata_rehost/150.json,1021,7ad6a5b3088fc68d84eaf5dbe1caef9571a24842dd69d9d5d87f283281e0d734
metadata_rehost/151.json,1016,d8657135f9011c30e4593f3c2ad9810b0d0d1e883d4cca0d1f8c8a0861f8e292
metadata_rehost/152.json,1016,c6b8fd064121fdd7c2b90724be120c1f910754307062c830cc1513877962feef
metadata_rehost/153.json,1017,36a098032bf5fc3bf166ab3d3390766949d6217a01f0ad9518aa409ad71a90c5
metadata_rehost/154.json,1018,0c2755ef246fceed0e08a3fe2f5eaa98c7b024c5a5df5d749113f2e05ac8ae95
metadata_rehost/155.json,1027,8b0408c7c0a8c96f37440255ad6c969d0944f118170e94a17c0e4e96690d2e31
metadata_rehost/156.json,1007,f813ce064ba0d63a90e6681045792d38dd592aaf0cca47936dfd39a9924d4272
metadata_rehost/157.json,1031,0241bec7fb9413ea9f6a34b3f4ece828d139072fd8d34c0ef3dd9ff1b1d987e6
metadata_rehost/158.json,1030,df981ec554202528c31ca7494b567f5185e3d57716bce619831ba922c04f7d83
metadata_rehost/159.json,1016,a1e00c5e14a80d8dae7f64608bcd6332e047e084f90b96e0ab4b8371366fe9b5
metadata_rehost/16.json,1025,a1c142700891800caf1a21479229a96639534a377e9e339d618c51e8755ce371
metadata_rehost/160.json,1025,a74a73da004d101af800b48619fccbb3b7fa03833f1d29357f0438cb4b514186
metadata_rehost/161.json,1010,a30e87e49ea5ebd7bc3f34f51f2a0854b0a6f58a9949a745ecdc9df6ad3874a5
metadata_rehost/162.json,1025,f42f670b867011a463cfc2512ac71ed1963c9c7cdca72c15f75d958323e2cd5c
metadata_rehost/163.json,1010,3398fe5a6b36b37381203503dc52ccd9ec753a73882033a43ce7196a48aeed95
metadata_rehost/164.json,1019,f742c06e3feb240664dd81c3c3c1c76b78f8b6ab491ec9affd3c04732eb10f98
metadata_rehost/165.json,1016,6b31e8d269d409e8af1d34938fd123733fa3a2f8d32ab243c5ae98d5b168ee4f
metadata_rehost/166.json,1016,53ac85f70410a3d7176c926203f9370999ff73ffb4de6c658c323cd076604731
metadata_rehost/167.json,1019,e263cc920586eba4b241d90fcd971e01d0e3958bb24e3936ed6af50378978fc6
metadata_rehost/168.json,1013,95215040c935a95bf69fba6e8c353464e3291c327da45815e8e29e2b694c7cfd
metadata_rehost/169.json,1027,0313ef51368ee3dbc53f5551e93126e2b35b2180b928607cbc15868aa8d8098f
metadata_rehost/17.json,1039,4f83a18a412a88e8d1dfcefd2ce7c0c945ac54477e7e4e9f8bbb0f79c5d3e7fb
metadata_rehost/170.json,1010,1824dad67dfe0b9c1aee502c1be08cdf4ec0da1d91da4ce51b49999120d62bde
metadata_rehost/171.json,1016,753a6311b8cee844fc3c7858f0b8397854f5250741a070afe239de54ac6ba570
metadata_rehost/172.json,1022,683ecabd8c5ea3e45e35e8d8df63a1a37f5565bda48f86e0ad31cb2986810e4b
metadata_rehost/173.json,1025,632de9846c3653ccc186b0ce6f4c879e78b61b2feeff88f0d6aa500c2945c1ea
metadata_rehost/174.json,1015,c9e8b9cb320c7763a30a28a2f1540fef1d55cc6d86b8aa60ae4d734bdf2d2356
metadata_rehost/175.json,1012,f5ed46ebeb0d46a366f1ab6fc3c789dfb28df890465eb6575009104bc0330328
metadata_rehost/176.json,1015,52547610c2c82333bbc695876f1b87bd53afb83ccfbb117ef012624f7699e4f1
metadata_rehost/177.json,998,8e9ff785e03ec8b68697b0dfa5d9f26919e1bfd9c65cb006e8a3b6f6b413993b
metadata_rehost/178.json,1013,b57fc482602c34a086f4627e23215fb5f4250dc34ca9e6a674a3f1394188597e
metadata_rehost/179.json,1025,fd19016fb76d30d77460730032a2436bda4526ea08119d4489719ad219d903be
metadata_rehost/18.json,1013,a8d2d1dafbb8837d597ad0c3ced31f90513b4e94960adce79603f577f80d6185
metadata_rehost/180.json,997,7d11b77127e94cf1a7b554e23dfe567468511e1b2c1c0f74a22bf3c2947ea54f
metadata_rehost/181.json,1031,4dda7ed21d248a2add2ca4def88b7aa651d75ee5b2888298c43542339b245e28
metadata_rehost/182.json,1025,50a4c450d0396dee2dd90fd737e10872f2d5bcfe733a9b7c51f1219dbaf5f772
metadata_rehost/183.json,1032,f477fcb688935e382b1cb11926a5f4c25abb0547d479e05a8eec4e9e44ecad42
metadata_rehost/184.json,1028,d1fb34e50822430e9ff2396e1360318353affb2890869e97da0e6f80ea9a9ac9
metadata_rehost/185.json,1025,e030a733c549a3febba527bdb834ea1faf1f022ba3da197667aff26c7d0ff7bb
metadata_rehost/186.json,1007,6cdd237915713899c19c489c02023fd8a453616b4e83ab86f12cb9a25621415d
metadata_rehost/187.json,1019,10433b11349a823d02f911a7efa524fe0e5c98b59e0ba1c7fcdac3a7370352b6
metadata_rehost/188.json,1013,fadf02fad5ffe5e624070ae871160695d5bdabafe64a269c861c921003921aba
metadata_rehost/189.json,1028,809651269847070b0b5ae10352dea3d49edca653d2aedfba82dc9d4170a4cd72
metadata_rehost/19.json,1019,f921db80111b4f4fc7382fe43da93eafed37540baa62431167b1f6bf10b71ca3
metadata_rehost/190.json,1028,2ebeb2056293cc901ee1438753540cf25f66c176ada42c7a65ac5c2dfaad38fd
metadata_rehost/191.json,1025,66d6d76b48f4f5b9a2fabd47d0a74011f814f7bd9076c1c55334dcc3f2f5a67b
metadata_rehost/192.json,1022,fe123012b68206b3b37d1f17c361136fc784249f5123a0cd33ab11fb17c0c62e
metadata_rehost/193.json,1025,615a1bc667f51880b662cffc0b6f1660095fc8586e29e3aac252fac75e319ba3
metadata_rehost/194.json,1025,839a0bc3984c6867c1bf42c59ab225ea28b3e4ec3add7da8ae1e5724cc0799b6
metadata_rehost/195.json,1010,04bb13447f0ef1c33c9abb00667d13bf19e0cd69b83dc9642e721450bc871711
metadata_rehost/196.json,1006,3865eafa540f971177f53311bc28acfe463f181e5bc482b7f7519f8396b51673
metadata_rehost/197.json,1025,61e28e7211aac08d4afb3c51a1ea3bae44f250cb814d0719cf544564d7cb8c18
metadata_rehost/198.json,1010,6a85c55d9b194defe55496920149956008c1a8bcad14d9c4ef7657558955d78d
metadata_rehost/199.json,1022,dfce47c0ed3800446258420a4272bb5bf0528e135965ff9b8cf38d584a21d111
metadata_rehost/2.json,998,a838a505e806131291b6e2b8d2fa62665190c90600af0e9cc34dba0025e1cf17
metadata_rehost/20.json,1031,5e50fe88ef8e97b4596657fa56c808c101c2e7bee652a7c364a2b912a339fb17
metadata_rehost/200.json,1013,a7cd26269f929b572b01c64faed58c99e8a7a1687cb9a3b16d24fee96031478b
metadata_rehost/201.json,1010,d37709e4c5471aac7339b449db494d681b0978cb68f4b083cfd432e0753de560
metadata_rehost/202.json,1025,3eccc7dcc7384a00057968f188818dca2d1bf4646c89858b66790713befe3134
metadata_rehost/203.json,1025,9c16c0a9877028e3af983a78f0dd2de4c9b090a92ee91f9460dca420a2c45a21
metadata_rehost/204.json,1031,8f1d25876208d80e0d53b8166d4ff7bab3d27ef1eecef92687df61a72114d592
metadata_rehost/205.json,1012,3a7c05be281f20cf3289d3da88fa16abdec0d31d48f01f64b8830c831430e574
metadata_rehost/206.json,1016,9871514d4fceaf1e64c5cc953b793a3ef6f6f6c4b7c2e6ba854c643675cf2625
metadata_rehost/207.json,1016,50b96e370868d442c24d62c5f217ac3986c2e2ccce0600fbf49b03c6b995a4c6
metadata_rehost/208.json,998,ec05c94075ce34e2561464ecf1c61491e725ea686adfb78f546a4e13cd808d36
metadata_rehost/209.json,1021,e026c783a379509f215c3de993b81f432e3ae5e270e9a7e927cc583d77f3b630
metadata_rehost/21.json,1021,9dd96397bbccf60e1d766cbc3fbf9e4c6d873b097411d4060b7f36a98ebb5e11
metadata_rehost/210.json,1024,8b69af054c04d7bb15729b19dd6476276515186b1434072f5cf1984a5821054a
metadata_rehost/211.json,1031,490e30c52d9b021b4d77508213b9fbdb0b81c8fcc5e2a371207c6f2fcf5deadd
metadata_rehost/212.json,1021,7eb5ef9f58252551d19d53b50c512c0e5488646850136e59071841c9eae4138c
metadata_rehost/213.json,1021,b4b98f58720d92fd2a519becb0d7e9eb5e3d9bb6eadea20a58fe15f2263f0fb9
metadata_rehost/214.json,1017,8cb9d38aaec3b9f059aae4c877cd2c0a104e06d01b1cb6cc59aaa4e499bf7124
metadata_rehost/215.json,1013,02e3f08cfa31269b39067a79142ba80657eee61f4f86ff3567b69361d42c1041
metadata_rehost/216.json,1016,272741066448c5d22e9efbc85dfb2e540b1e22ff8877da2b63e6b225337a471f
metadata_rehost/217.json,1027,fc57b4c837fbf57818dab90c57623cae239a290d58d84ee7adee748fbe6f34b9
metadata_rehost/218.json,1013,377ba3c813d11ed7415a8a69820f08ffc958672d0409cac821ede5150bf3325d
metadata_rehost/219.json,1015,6132582dac1ac42177b832df50d7f985dd55dfdd616e0a7754e0e23bc3cd9c82
metadata_rehost/22.json,1009,ae8183994a426f84eed26ae87ec443460cd40e7a28db6c489f1c9d3d070aa66f
metadata_rehost/220.json,1024,4fd9a52cd8140ea9d8b301aa24b4a3e3298f86306d96a8877e82d1475e0d5199
metadata_rehost/221.json,1021,4ae16d669e2a8dba1a893aa1e64ec58c28e723e77665acacff07418dce75c19b
metadata_rehost/222.json,1015,19973a79142cc166fee120b1224c05ba65bf9db8c9d2b473b5990681d69516ec
metadata_rehost/223.json,1021,b40fbf8aa5f19d9a39f732985e5acdf20719856098a745ce15308248a59828db
metadata_rehost/224.json,1013,36462271800e1154b3cb65f3182311263cea40e730f0f5a0b32e13b4edf429be
metadata_rehost/225.json,1023,891d96ea45a040b09cd35ef143280c93f31c2b5253d96faaa9d1843439d79351
metadata_rehost/226.json,1001,fb2730fb7526e65872df5cb8dd418e5ce147fc7dea295924d5d25581ca5613f2
metadata_rehost/227.json,1004,f8b25cab2ebb425412c3a9d5d1d2e2314d40fb01873bdb6e705234d2dd801937
metadata_rehost/228.json,1019,175b2e7a1c01275c5e939ae9492dbbcb28277416451766cd07976e9985d2c60d
metadata_rehost/229.json,1024,cf95267f3881861b6d229614ff43896b0c822900476c78770a37ae4cf26614d2
metadata_rehost/23.json,1019,6bc252ac104e054290d4ef99bbc16137142c73cb4d1ccb29410d63aa43932676
metadata_rehost/230.json,1015,162aae9e38fc94c7dba13b70bad0143630dcf155af20aa65bd3912dac54c509d
metadata_rehost/231.json,1019,8fb24cf6f876dfb6c30fcdce7b161eb91afa05f4fe0af51bded1fbad58f4eaf1
metadata_rehost/232.json,1034,a705342191e322f5dd0b884e874fd2f9e611e781667a373c3f65a5dd08b3e324
metadata_rehost/233.json,1031,efdbf1068a0642df468015b51f9804862aac55ef10f91246513b8341630e2021
metadata_rehost/234.json,1025,44db2bd0ad9e394dc593867a6a7d007a418eee6e22d4622bc51d07fd68ae42f9
metadata_rehost/235.json,998,d5f8e7e1caf0436c027e6c23f49d497bbb7f0ad97cceae36d09ddf2be9335c84
metadata_rehost/236.json,1007,a6b32b9312cf4e23ab4b0d12213ea6e63f63bc6a7db13ede8c6a032a17d6a80e
metadata_rehost/237.json,1028,87f244162073bbc9d319700ac8cf54ed58060f6f804cc506a696a5473033343c
metadata_rehost/238.json,1016,e6c15d96beaa49afc13b84d9ba7daa550286a8cffcfd7881923346c850d0c111
metadata_rehost/239.json,1019,dc66307069f4e1ead20b127f527e76e4f65ddeb1bc0cf752d31fd96cdfc0333e
metadata_rehost/24.json,1004,cdeb171b53b89b6f57367bcfe48d6f5b64f95c519fe1ba23ba8b559cb153a9eb
metadata_rehost/240.json,1025,70fed4aa5421306cc54918ca138fef1e0d31485bc7612a6cf103507712901a90
metadata_rehost/241.json,1016,5545752269ebb100166f7ccf5f1ff9cb8a0741ddc7a0516709de8fc2b6fe09b4
metadata_rehost/242.json,1001,fb9f8327ca6c34455bbd70185a41a96b3f907e48d61e0eedbc5d13d904e8dfb2
metadata_rehost/243.json,1010,a2dd253be948be7fee7ca3a586b373b8bd63dcfc6494a5e0aba94443e2785170
metadata_rehost/244.json,1012,7967641d2dbcf91757a2b3bad8c59d5c243577efbbae409b7704041b7832847c
metadata_rehost/245.json,1019,bb4ea758df4d66dfac6aa49f4d64ea96c501270fa797f86b68ca6794615bfe05
metadata_rehost/246.json,1028,b71cd015966940bc9d739cec8a1c8d0d7e06ad2e7597c934a384fafb9405dd55
metadata_rehost/247.json,1034,929f0e480d35aac2a9d02d777a3fb2c04d9b7bb97b7af5c6c3f4b13eb6d322f9
metadata_rehost/248.json,1019,8c5fea463fded60673b67703ddd9029752f91005473612def182da9c7c5254c8
metadata_rehost/249.json,1022,a729b55d1ec80f09e0f4050df80da7bb6247f2de21545b5da064328d8b070108
metadata_rehost/25.json,1013,ac1c4ab4e7813b141e0cb38f70af8efebc7e937f6df53cfcda6bc64dd1b21f1c
metadata_rehost/250.json,1022,3f1b2d2dc5ffc9e357927f0918df1ce924f17df79418e6e6d6589128898010ed
metadata_rehost/251.json,1010,53a294fb80f1e9cb535865733811ee7ea27e56a8428918351daa8a36a1d17e55
metadata_rehost/252.json,1027,ac2dfdeba58e26df31776bc883ae0e126d332aec833288bd7c051f8b016664ff
metadata_rehost/253.json,1019,360221d2fbd401816e505deb2e18ac58b98b65090e220212136bcdc1141f1a93
metadata_rehost/254.json,1007,cb74e6b63cfbf02c28b55d68761137e99b85b13c188ed9315adceac7b9a30f8f
metadata_rehost/255.json,1024,f8bb8cbd6b4d0099c31eb726e916fcb16c98d3cba218a6d217ce7af9fdca1bea
metadata_rehost/256.json,1007,018683b133e933c011d82e1cc9e430d63f0ddb292e348d0aecaa64d1b2e75bb1
metadata_rehost/257.json,1016,58b9eefc690351e86c4bee1d3992f69e4d4699cd07c8d74b46b8dafccf4a70fa
metadata_rehost/258.json,1019,a19865f416b704bef556920f5b7ffc5a2a85024e657ea8f669cb8d8361c14771
metadata_rehost/259.json,1037,bf97fa8709bb4816a883bff463bbdeaf1ec0c1c92f0ddc44379b374bb53c4e09
metadata_rehost/26.json,1004,236e15c96c9e67ddcc5cd8098e0f925c3147d86a0156f3e2589cee8101ac9325
metadata_rehost/260.json,1022,f41ec2e32b18ecf04dee525e58361f7f53e709850c06072e1306e334ed980826
metadata_rehost/261.json,1013,9e9160af73d79a474a39380fcb99191bb4d8025c563959b4c7ddaca832887326
metadata_rehost/262.json,1026,31b7b6d7432224a9a840760bdb47be28d4c9d6d8ea397c41de99c7cc2241474f
metadata_rehost/263.json,1019,ffaec929ebffb52aed926be00a26ceac8a185d4aac4c6da90250e7250b893d2c
metadata_rehost/264.json,1025,ad95ea2aac1defd0fd90e0097948ebc4c4b6e412446b97b84683ba91d523e647
metadata_rehost/265.json,1027,27315afe91bf37ed640f8bfed6c24d61107a19e551946b7e9301c989f67d2b97
metadata_rehost/266.json,1016,33a7ab813f8df0c3c50e19c7e8573914baa65a18eda867f8765515719372ffdb
metadata_rehost/267.json,1010,9ad9217b22178f8380edb817d47b7534ccca1746032d6c2f4832f5c101198378
metadata_rehost/268.json,1007,b4fa0642af5aa89b57c97f0d02affa598e6d78820224f862d8572643b297cea6
metadata_rehost/269.json,1013,7c9af314e95c47324f68dc7f8b57ce96673a77fea53f6e7a60a4c85a45fad000
metadata_rehost/27.json,1013,cb9c86abe79180a9fc476e06557bbb4d86613ea7cde62f395bd7b571b34f5313
metadata_rehost/270.json,1012,52d25f4fc4806c53b49d422c5fd2b2f27292eb12ab0fb29559087f0a6586b3a0
metadata_rehost/271.json,1022,5078a439fbcc2343db64b409ef20a4d769daa1bc91a8720e0369381b32f9461b
metadata_rehost/272.json,1022,828e061dcc1a7d84bcf66e72e4ac0d43a3a89a111645e2305f29b94739886d7b
metadata_rehost/273.json,1015,c3cbb24d4def7421c829794c214feff186d3f8150d58bec4265a323d9db0e355
metadata_rehost/274.json,1024,95f9d14fc9edb6370094b4e61029233b263415d1c59237d535b720e64e986fd6
metadata_rehost/275.json,998,6f3469631e25ae244e2418f2599f318f88e6e5d9e76806f27cb434ae378369f4
metadata_rehost/276.json,1016,56cbdd28cfa6789dbc4487b5b3b3d8006bcaabc6db8eac6baf88f94efc72fa60
metadata_rehost/277.json,1013,39bec117ed46b84508bd27425af65e9a16c4e4172e96f6ac885edc31debe3347
metadata_rehost/278.json,1019,d0f97cd56568205153eb2f54f3f5c2586872c35ed217a8fab5fdc74453ad0ec1
metadata_rehost/279.json,1013,e794106d9092e8275f26339055ef6835dc2d3e60deda72132a86a896eb4a7900
metadata_rehost/28.json,1016,475e906333dfbda6399ca11644036bfa7f1b9214661f7b61694abb187c3820dd
metadata_rehost/280.json,1025,e1df270703b1913f0cdb9299d2ec85195851f36d2a160da503a09ab6ea5fc3a1
metadata_rehost/281.json,1025,c45b131bcf0fca4b1c00cb0e8f925feb6786b6059c1d8ba74e5217c7a6a196dc
metadata_rehost/282.json,1019,71a445050f7db59e10a5d3e0c1fa4b5d018f0fee4af57bcccdb8eba9310cb755
metadata_rehost/283.json,1028,fdb79f22b60a65b256e9d03ecd584686288de5ca37a514bd4768e828716218c4
metadata_rehost/284.json,1010,6aad5b98b43c55b71651032cd357c6451edae82251c0f6d2cb0245ab621d810c
metadata_rehost/285.json,1022,cec8e57ac96c56d60b85f2a76a58f105cf21a6abfb050c68167ac760cbf57738
metadata_rehost/286.json,1027,01386e2b925b0969cc37deccdca2706dcb0779ae04f29129cd685c386b652191
metadata_rehost/287.json,1019,895b9e98797ccd0c2dfea9737a0bef2bf97934c186df102fd09c0d1c4cf2b399
metadata_rehost/288.json,1007,3398b087126350406302908b51f556e33d350579e4dd35c815a11c29bd6714e8
metadata_rehost/289.json,1019,eef357be0ba9e92d7c178e8f225e8f273ea52b512bbd5fc789860d34b48ce1e0
metadata_rehost/29.json,998,315be758f47499d3ae60bf4c67dd86bd96f8262bd0faa9715f214625bd8df98a
metadata_rehost/290.json,1013,5283f6a96d24240fdb244190abed40d7c65e8635731dc78e84df389971b45e63
metadata_rehost/291.json,1016,2fc93ad9a843841e11513be445a4369f2faeca22263fbc3972395dd415fc3b1e
metadata_rehost/292.json,1016,1a9a8e2a5445fa1791e12f92a74ecafe7783c31ce58be823896db64f2dbedbb7
metadata_rehost/293.json,1034,29c56ad0c05d92eb86e2ea1bf439bc2ee59443eb878627944e44e352c1dbeaa2
metadata_rehost/294.json,1004,ed3d7fcf92a5079c1fb457a7af13f08c8ad283cb13fdc2df1695cf6fbd27aca4
metadata_rehost/295.json,1010,3a9b5af59c8204eb37feb33952284b4405df94063bf376a3182e2f10eb40d197
metadata_rehost/296.json,1019,7cb3d3753ad3fb224f83315243138886ac08512693e4034edde37e57638f6bc1
metadata_rehost/297.json,1013,c341f57df62ba3a0f230ce6d2adec8aa16932b792005c01127915e367905122f
metadata_rehost/298.json,1028,512968b530dd697f9b476113a3add4994258894beed1692034431ef2588d0db7
metadata_rehost/299.json,1007,22df11ad226552f53f2aa73cc9f874fdb1c80bd233c18ed0a041c68bb7c8c490
metadata_rehost/3.json,1013,80bb81d889d01c2b1a6e23c7a18d14291b45291fe0b2b6d69c47922d22f6259f
metadata_rehost/30.json,1026,69d908027a2894927816a3b06eb0a778db57234b3706a661ce59597d1374c9af
metadata_rehost/300.json,1019,7d9ddd46d568c17af37ea15665149c91023a7654f0b27e37e7276abdd940c2a6
metadata_rehost/301.json,1016,6074d6ca2243ef919c2f5d4c53af45e89da9273ef80d1ae28d92defa059741fd
metadata_rehost/302.json,1022,d3dc143a5630eb3681f406922bfb04c4e47db504376ab0562612bca5d696fc75
metadata_rehost/303.json,1022,d31143b33ede81880d28dd41a200165a1a460e82fb8f7c9a8be291a042e79593
metadata_rehost/304.json,1020,3429032acf3d04bc01589b0db40b680e4e7513c082deef02975cfdb9b19a55ad
metadata_rehost/305.json,1013,a1a1596bb229752366f67aa61c52197eb9da2d6118723adfcef12061cb2e6f06
metadata_rehost/306.json,1019,9bf9f9d6867cadc7cc5861bb32a006ab61d349ec28187688d6d1b6ca9eb16785
metadata_rehost/307.json,1031,96223a77d0f354e9aa6d2bc533a8255585b75bb0e62487d1b5fbffe35cb0613d
metadata_rehost/308.json,1006,32e516dc41179e481116f620411ee1b7e42d4e7151ff770bc36bb19f6dc69d3b
metadata_rehost/309.json,1030,9e1eb0d3894a7b412a49c74643ebf4536515cfb5fa4eb6cce567e17c7e67cd65
metadata_rehost/31.json,1013,20bac8265b124b3210f05fa02c48145e719535c514d91ef62b7f6b5f4691c55c
metadata_rehost/310.json,1019,a19c30a8b78b5c4ff30a72a968df69be30a1d678e04f70870b5e4c96c22a7fca
metadata_rehost/311.json,1010,b5660cb25bc088df6762add0f73b646baaaf4db929380c4a5048eb8ae79996c7
metadata_rehost/312.json,1019,46920becee6801235ebca183b598f1d171c84cb312ba0e6c4174b2229c96c67b
metadata_rehost/313.json,1007,8e4a5b1d2f7c596ffa3e07ecff16b1c871b9e976d2d4a25382fecb38c306fd8e
metadata_rehost/314.json,1016,d4f1baee937fa1baf7cd92c5e19539b06c7c2ebb22eef7f6bc995435f4342c46
metadata_rehost/315.json,1013,609b8a6b511be0186fb335411f3818339a72d73934b04b11256cf93cddf6aa55
metadata_rehost/316.json,1003,9233e8d1d1bcb8466ca025e1ffb329c981549aaed0d72002883ecc319f6215a7
metadata_rehost/317.json,1024,dfdbf7c989be80ff587df73ae63b1782185830b34b65cef57899b2106def5998
metadata_rehost/318.json,1019,47998e91aaa2c851d57688010340d02c80a383343f78ff06ef102a3269036213
metadata_rehost/319.json,1013,b675b910e855a9442a79f6e76bd39680530222cc5b60f982d0a4d91feddd0f31
metadata_rehost/32.json,1004,7ed89bfc377b602aeb3d6f72026eda0fb544194ee329c3b16368a3c72f687281
metadata_rehost/320.json,1012,237f5bb851a184d4a488bfff5ef50cea0b4c6fde95fdb11d219dd70ac46a0508
metadata_rehost/321.json,1022,0248fef53d439d9d908188f1b95871685849dc1247565846b75ac0f76b05e054
metadata_rehost/322.json,1031,a430554c1a461ab9a2323fa9f22b64b74e23814991224df8aed6f41c42fd73d7
metadata_rehost/323.json,1037,08baf308c90c8a34431a43c8ec545de5ea5d845f31ee1531eba5b6fb0081e73c
metadata_rehost/324.json,1019,0928bfd87ee8ce342a4d1ccd22416a87f34cd8ded661866f131d11a41aa152e3
metadata_rehost/325.json,1019,2a292e847452abe37edc0bb0d6384318c201c4a230136d1e3ab7f6fb2011c835
metadata_rehost/326.json,1013,40f6021f2028aa28c429d1dae25738182777a45ca693b5a035f9a6080dd7a0b4
metadata_rehost/327.json,1027,823086bedb12542af9a3b38cec70b0448a1fa83a6fba8e1ab4499c5cb5f05111
metadata_rehost/328.json,1016,0884a4c51b581450a738be6e3122c9d1cb6117b102234f71c6d72c90165e9844
metadata_rehost/329.json,1022,23e59ba21eb27df4882eaf3695e26e1e6bed340a24051351eaa6832971658b94
metadata_rehost/33.json,1015,8757808c07ccbcc8db9ada1776273fac526c678f81c5cb59ac9090c115d421e4
metadata_rehost/330.json,1022,e98121639c9c78529b04ee61bf6db8823473fbc24aaffcedf08147802b9595f8
metadata_rehost/331.json,1016,fe05922bc7d16d864fe0c8904c147bb307cc7093054d33bac02d97017456dbb2
metadata_rehost/332.json,1035,be3df90309db318be55b196b5b8fb85793bcd627a3d457ca21af88001cbe579d
metadata_rehost/333.json,1022,14702f6b5ccf47d5f9185c23e0c4c808671ea54dfaa846c22a45ac34ec520406
metadata_rehost/334.json,1028,fe8ad87c8eec238dc4d2670e4a39ff8fb6d28a62ead3b43797698ca22acdb670
metadata_rehost/335.json,1015,95949c4375dae190d0b7f7149864738004ca06583b6e84e817167a22d4d5fc1e
metadata_rehost/336.json,1018,8f0f209afb6ccbe9f76eb38f95ffebfcd92e938068ac32eeb4e649c481bf8b4e
metadata_rehost/337.json,1016,9045a8f55196e36ad850c46d2ac2f62647d5f536b149675aa7abab1e2060c0e8
metadata_rehost/338.json,1019,71ff9de7cf4e1f6938f7c86d4746ec09027e64d1ad9804de9b7d7af5c4588e8c
metadata_rehost/339.json,1018,7557b732ca6589f78a6799acbb77e0c3a8e74273474a2c1168b221dcc65dbb29
metadata_rehost/34.json,1025,8fbbf861e409831a240cf38440be55d706d9d5afaf2d8c7c9e3f072f757f7863
metadata_rehost/340.json,1022,5712a0f62c867f4bd1b4d9a2d0f30efa90cdd857b630c4a8c622a2fb271c7de8
metadata_rehost/341.json,1039,3ef82535f23e160f01de4a5b8038ec853f819276268a6b3079560be7e0dbac47
metadata_rehost/342.json,1019,90f6cb662ed42ba76ef0d943a8341cb24707fe3e8ae90d35cce901f7617dda5c
metadata_rehost/343.json,1019,44d485f3aa2e1f70ac417ea6e4fc1cc315ac8b16ed55152147c27f8255d537a7
metadata_rehost/344.json,1027,be285a5982ac7159b71f0b31de6fb7952e359f23afb3d6ef46802c19746758e0
metadata_rehost/345.json,1020,9d562ed9dccd900d1a22b12df8585ff48fc9bae5196625d70352bd92dd8642ce
metadata_rehost/346.json,1019,ebd2e365866c02937c0c033683a450dfb49ca417b3922234a070a0bb21c290f5
metadata_rehost/347.json,1022,7f811664d81a4a8553bec8c71d02edcb308831ba6412b00221b2cf225a883134
metadata_rehost/348.json,1031,9833c2c0b4d1119744ab1cb6a9a8e1918a0ede78c0c304de7d7e732c49345210
metadata_rehost/349.json,1019,ad39f254527bbe57e56a535081ec855d346e7b787bee15029e3423bbe1ef7f8d
metadata_rehost/35.json,1016,7faadd944715d98e0ec77168bf8c2394d0fcbcc3688c7319abb8ff9ae1e13b9c
metadata_rehost/350.json,1028,0dabb415e61961a6cd30ede5d28d29ba941ee37d65a1109251e51f11fc43c835
metadata_rehost/351.json,1014,79972ea581ec78f3e7b18a314a08e9c3bf1aa757029d6244f0ba1b98bada7d96
metadata_rehost/352.json,1022,56812ac75310ee369eb96e123a30402e90da5934204cc6e73461933055683a7f
metadata_rehost/353.json,1007,b4485b51fa51aa41b8b61db77c1542c1d8c22ca48313ea683a31c63d32e4e7fb
metadata_rehost/354.json,1028,856728bfb5c109a0ffbc47b36ef0fb1e638f27cef547192fb5934bb39fe86a3a
metadata_rehost/355.json,1031,774b61a1f63051d827fe2b85603e6bef8f5f885d1de9bcab199a588d5121af59
metadata_rehost/356.json,1007,90af2a74dbb5921757758e202909d08767041d4edf2224f89a4a10faac2e0e23
metadata_rehost/357.json,1016,bb64742655efb41930ecaa5ebb41b6034df219fb348fe6a09b71043af91e23e8
metadata_rehost/358.json,1013,2f5ff3da0f3ff8c65405558bf963572100cb86e21e9ee8cff345da008b46b0ea
metadata_rehost/359.json,1014,60aaed515bb0325f3669cf255900b35bd212a9704a58be803c1fe65efe22cea6
metadata_rehost/36.json,1022,6c2cd9600bf2cc345b774a0957b5dd6f9f2b573a37ee11e78ebe4a7c9f08748e
metadata_rehost/360.json,1004,8e64cb6525739aa1fff13b5518f753f5fe4f025244ac18d8e24e9284ed25f00a
metadata_rehost/361.json,1010,1d7a76b09e24bba3e2e3f9268ad80e21d74356612da7d2ca232fd3b131171433
metadata_rehost/362.json,1025,4e51b796480a920df079df8877c87924498af31271a3e6c6cc225bbe35099a1d
metadata_rehost/363.json,1019,93c9f5dd37baabf6aceac42960e3e716235bba1f36b142d866542d61975899ff
metadata_rehost/364.json,1004,2178e75b55623d9c9696fb8e9adeaa316b97a0cb019bb8904840c26c00630675
metadata_rehost/365.json,1016,af17f40e77fe5b8213206f1753ed1d277d3e7b1fdcd2614b64489c673b5cc323
metadata_rehost/366.json,1034,3fbd206ce1326457e6a339175b27eb2972f4f6bd099ca2b8869c26607be14967
metadata_rehost/367.json,1007,a28897b09e59800fed71fa2208be0d4c3ce42102d7d2402aa11146b30bdca09e
metadata_rehost/368.json,1019,8acbf8a46bddbd7abf8f94d5b084bcdf826c2c1b6e34fc2bce02a80b3da3d62d
metadata_rehost/369.json,1013,2d4d7495d6aa523914132ef078b2446e00b6110172355da9cb83425b8228fcdc
metadata_rehost/37.json,1013,eae5b20d8cc02ee3b6af1f4dd93cc714e1fb1f63992a3080bf608a333abca4df
metadata_rehost/370.json,1009,e597ca86eb045b6eab6224874cbc9cc4548a5b6aadc8c7c9b59875b1a630bae4
metadata_rehost/371.json,1016,808cc0a2102e6bafd263ece2022240fd824657c89c2ae3b5fb86840cdddee9bd
metadata_rehost/372.json,1013,5e7fcc51825fd2c52285770fa933c077116229b9694b85e65823c4c6d203517b
metadata_rehost/373.json,1022,b73dff9be62773a1c6a9e2b3c5113f1991d68e6bec5f8853b05a1bf7c6e9da77
metadata_rehost/374.json,998,81f6696838fcb485fec5e170381ab454ac58bb24eef9be7791dda030b4660cc4
metadata_rehost/375.json,1022,0b3ad874e36fa8ebc7b4cd3a4510d2d18dbc27d65baa31bebf19fa7b24eeeca6
metadata_rehost/376.json,1028,443acbc70a4ab147e70d425e5de0eed782bd6addc8f8d913a9ea4750f8cbd9c2
metadata_rehost/377.json,1019,e5581efba2b539b6868639ed1744e3a8c597ad5469c1893700939a96f85a7142
metadata_rehost/378.json,1007,67b09cf14409d29f30d95eaabdb9c08b2a337d147ded4a9d36263ae6f9ab57dd
metadata_rehost/379.json,1001,c7d87f3fda5e1d542a2a81cb2c33d42fab0b8842debf41a6e67f1810438910aa
metadata_rehost/38.json,1015,e92642fd8b21de4a68456a3a2d6df40944e7b16fd47e15f2d7ced3cc31644990
metadata_rehost/380.json,1010,1701415168fad02306470ebacfeee079bdd31931d21f00b213a824b70ce198eb
metadata_rehost/381.json,1004,e132b5af285b711f47b6b439ad61c82f4d242572587565290e4b509489c4589c
metadata_rehost/382.json,1018,e5b8ab6220eccc8541d26365586bac5d857a8fd56e2e889d2b7ba606fe489184
metadata_rehost/383.json,1010,493e5d34313bb1078cb73856a73e1bd14e03f37d003d3d1a0d4ebf4934447a60
metadata_rehost/384.json,1010,556f58b356bbd6ab54cd3a6114b2b7b1aa4bf483e523eceb1d1a3f464f4938d4
metadata_rehost/385.json,1016,beaffce691caf7d71bef0b200da002b61cb6b48374d4264ffc40b594cc8018c0
metadata_rehost/386.json,1013,0b45fede096a3a91032dbf819e59681d8264298ba69cd1a1c9f986bfa8dcf09a
metadata_rehost/387.json,1012,b20dc4b68cc3692db71be5416e2e229799d955ab4be0ac2b9c82bf59ba2d5e6e
metadata_rehost/388.json,1007,871ba2ca44fb87e1c90b0b84188b930730ca4afc8b37ff8ba61a3794b3433a65
metadata_rehost/389.json,1025,79c4624eb6b745f23d5bad7d28174b2d04806cfbd73ae6adefb7783c32278193
metadata_rehost/39.json,1005,87d52d5024c3ef40033ad5dd9d4fae1ac5fdbc6690dcfe17174f7d08c070f0ff
metadata_rehost/390.json,1021,6a36be411e18df8219bacc2e3b8f7b4b18450d3e4cc6b5fe52d90895d4dc1514
metadata_rehost/391.json,1016,9e37c50bacd938fc1a69dfc6a385fb12f6520687ad500cfbae433a2e415d3405
metadata_rehost/392.json,1016,b96113dcbd05dea0c54b4ea94578de4a6a5d4c888988ea98c46a0df4d79cc675
metadata_rehost/393.json,1010,14b83c0a6eccf6f2441ff5343aa8dc018653aba83c38d5adbb1f2162f37b37a0
metadata_rehost/394.json,1022,81a96fd07290a40c454db50efb725c75e373ece514d69510701cea4f13e1d4c0
metadata_rehost/395.json,1001,f2dd2f9b22c429b1404545cc9a97ab141e7febe1afbe29a5f446b7f7b675daf3
metadata_rehost/396.json,1019,71e98a746d81452373eae9a4d3db3d21670e8e05ea03aef4cfb86f45d6c0197a
metadata_rehost/397.json,1025,0d920b7f1381b68ff55c2903e6fc7055ca9d9d39fba34b90147add6d070586c5
metadata_rehost/398.json,1028,8779b0b7a5eaced784d4f2b49b08b4d185759cbf5fc78574dbb9a8ada7d72148
metadata_rehost/399.json,1022,ee460b7ed38ee42497dee73b4daf082fcb52ff4f3d558155bf725d84e8073ebd
metadata_rehost/4.json,1027,4e6bcb1dd2e07421609568f0b7fef0e8bbc8220a44d823a6acd63fde32578162
metadata_rehost/40.json,1013,81b695013e241b9a2f27ab003e34b251887de22a9c5163e1d8e7a548f18339ec
metadata_rehost/400.json,1009,10b856e5901ca4b32429223f7f2cb4ce503de7adedfba80798a5868c027b7ad1
metadata_rehost/401.json,1019,c467d19feb549bff85591c408caea32e3e817d521c8682b5bef5f31770156207
metadata_rehost/402.json,1019,3da4df72a86986733491a72421c6aea3c0223d68d69059d459da98ef9a8c3de3
metadata_rehost/403.json,1010,cc61f88c04dd5ba102c538b1051309e0caf667c57e985fa1bade208e35b28b78
metadata_rehost/404.json,1022,0e7bba5c335393596779b8fe1711c46606535252d6e6789508661773231d2f3d
metadata_rehost/405.json,1012,45b2838ff43a39bedb15c5771f1fef343eeb61ffe2c88aeb40b2099ca20bc618
metadata_rehost/406.json,1016,6e5f3211b644054e1851db163fb5fa03876e3adcb225e8c07930eae4f8a266a8
metadata_rehost/407.json,1018,9ea8abbe00985b1f2f19684b5388c0cb7c49046a9f8b5066d1b97536c9a7eeb2
metadata_rehost/408.json,1025,eeaaf0a87f7a47b8ba20a2d19fd54d5ae31744af193591a58e7c47419f678f16
metadata_rehost/409.json,1027,73f5397e20f4820f98ae4672a99bbe9cb7f9c7c701602f9a31e07060f97f2080
metadata_rehost/41.json,1025,5275bf5e5b99116d7c26c18a76286a87550a627bd301524b0229c70f3cb1f95f
metadata_rehost/410.json,1028,85176523c438ba4781ccd78b6aa9393829cc253152a63e261fdcebe8a541683e
metadata_rehost/411.json,1043,9c78e72ff0c74a182fed2b04b322e302f9bf6a07fa2c21c68bbe2d82bd1a7d03
metadata_rehost/412.json,1019,cb456c8870fc5add349c8c2132212281de368ca54cf04847ee60d4815e66fadc
metadata_rehost/413.json,1010,2d7ca92575771a15473d0d4815f733248a6c0a1d722728bce88c378e1fa12e5b
metadata_rehost/414.json,1028,d0bd0d8eddc889715a1ed012a77d21da4b454e269a9295c5af057e7c187bd741
metadata_rehost/415.json,1017,b5f72f8a21fe68558d93df0dfbeb094c78a90340851950dde8800b6f68a468b2
metadata_rehost/416.json,1012,346aa102d614cc5dace495af4d5d418b9e90425f4d2bb1aa3a3451be87c69103
metadata_rehost/417.json,1022,a856b12a91341988e89a42275332fdf202640efb455022def0ac9963883a969f
metadata_rehost/418.json,1023,6c9115cf58276c1ea1f4e4ee0af36d9af3f2c5a736098d37b4bf37dec3f6e604
metadata_rehost/419.json,1010,e5815f964071e50ef1d074ff89b5fe7d3a55fba31d81dd07caae45302b50f026
metadata_rehost/42.json,1016,0909c6f048a7240fd2fdd9803ec82f23f2b03f8fbbf6d571999ae93c5c4daf98
metadata_rehost/420.json,1031,9843f4ce24bb922762bb1558d22d963109bfaf375d212c51c2d87d46fe757bf8
metadata_rehost/421.json,1013,9e5c45b9cf130c1f19e6946b3c62beef201082d58c6ada06116a26fa1ba12552
metadata_rehost/422.json,1010,6224d91f8f47e96a45b869b2ec7504aa43140f84d0985ccbbabdf9cf813763e1
metadata_rehost/423.json,1010,1c536178304576426eed77e2c33c007e2d0233acd682bba58f0cbecd6e5d0946
metadata_rehost/424.json,1031,ce6656bb1ea40b00220703eec7dabf316600b91edc2dd02e3c94fb755a7e1d8a
metadata_rehost/425.json,1027,98a1e043ce869cf1dbca24911106f8fd211e585246ab72573bb6edafd00dbb80
metadata_rehost/426.json,1013,9c7f0dc92abe89e462493b24cf97c56c46b2028c10e9328bf85cac2ae600b3d0
metadata_rehost/427.json,1004,42d415153a40b6a8add181994f6ca07d1eb8b79eadd72c6dc07ffd3210660638
metadata_rehost/428.json,1022,154a9ef0f9da7ab6654ad0daa643f58d9af44b88827dc279071122ca5efad77b
metadata_rehost/429.json,1033,5340ff9d672fa42828527d568e0e8e69489ececffba9101d757c6bc855a6ab73
metadata_rehost/43.json,1009,9ca69e98ee37cdd8f1e264a8221424889acbe845533d3296aad61f4d53444048
metadata_rehost/430.json,1028,2b4b9bb374c863775e8ecb66509a8f3ac6c2da92cfb723bb3b423e9d92916e59
metadata_rehost/431.json,1022,c43bf6e26afb79961298568312a4956a94010d3d72895790712b222cc55b39ee
metadata_rehost/432.json,1033,ff3c7089bac5c559a89626e5ad36b3a4c72bfe8ea5de52db8386384d5ad62b7f
metadata_rehost/433.json,1025,8ad3179bc9d55c7f4c219a10b6941d6c7ff507a06f98be2c5861399a41600bda
metadata_rehost/434.json,1031,65f3ebbf1f368dd5cc0066f3fec32f16466c51911746ec78da1ef8c634f78935
metadata_rehost/435.json,1013,e217e778e26d3b4d4e76905be9d7d29806dbc2a2ca30937e8ab6bfd0e5ee9f66
metadata_rehost/436.json,1012,bda61b8b47d2d926c01fec8d2553c68df03530b2dbb24808aef4ab3901d7cda5
metadata_rehost/437.json,1026,15803fc86ea1f44e9b99d3f9ace109f81a897cad71f83e87dce65ca39fdae5c0
metadata_rehost/438.json,1033,700b96e5da021800d4a3031e6c3c2fde28b1ad4931c8e3a2da89346ec651f9bc
metadata_rehost/439.json,1007,73daa0fd34c9c9f58edd690abc5115fc065dcc882664a27a11c40c147118c0be
metadata_rehost/44.json,1013,97f6451009037b241063550f9ccfc88d8758015f954592cdc054a6a119b0cb42
metadata_rehost/440.json,1031,9b3e7d4698f0df7dfc40a95cc2f627c3d7feca576acabd699d51d380638c8453
metadata_rehost/441.json,1031,46b73e18c869bfb4ad415ae9e896e349a146864067d3bf1c2938b343491ad21d
metadata_rehost/442.json,1016,3d08a4dcc820c0ad45f9b1dda4add958800022f25c7338fba311aa6285033b07
metadata_rehost/443.json,1025,55f21a07237d0a63d80344b77e3a35a0c78b0107f46aeeeaf28ecbdf27d6693a
metadata_rehost/444.json,1029,8a024f2d6dea71467cfc5a657f98926585a9b13b96d0c09b200eec877997ab6f
metadata_rehost/445.json,1004,ec8f9661d0e69c8145747cd129353563ad7ce455909e3f6a8e38de7c74614eaa
metadata_rehost/446.json,1033,4a098db868c102e44d0b445bc154c30ac5f532a5247e1876e07a875ba2eb7661
metadata_rehost/447.json,1031,45ec0b1b02dcf5f94f907a3b02bfb6f865dead7f1e4e9a866dc74ae64fd55b71
metadata_rehost/448.json,1007,3759db1566473133705a6f5f6305308fcedcfe72783e3292d0fc0dd79f8ba4cd
metadata_rehost/449.json,1034,05f689156c11d0bd525886468961765ebe619e6205aefffea8bff3ebf91f3170
metadata_rehost/45.json,1019,0deae62c359ce24e6c50f0d80a7dfb736552e796384be16946ebe2dee6d51bcc
metadata_rehost/450.json,1007,71122fd552e37db597adf9ae97f3b2ae1eda6b226c6ab182651ec72cc7cf7139
metadata_rehost/451.json,1022,fee3e2596efe1b61f4ac6074d85c919a8774cbc059eb56335b511b0b7bc76f06
metadata_rehost/452.json,1024,32486974a68a3d7a88481f2674444bd2f48814fda9d5553a00a81da10814ec4d
metadata_rehost/453.json,1003,ca80eeabd7587d5494c75fa6221a981e0db2c949ff562759335c822715e000a3
metadata_rehost/454.json,1030,47741fa14562b776f7d2913488cd331d885f026ead09b42bf08ccba1c0ebb8bb
metadata_rehost/455.json,1016,55a666dfc6a7ddf579b032f369859943835f8d5597d79c5ccfe0a4a8fa69275a
metadata_rehost/456.json,1009,506a00aa5275b0074559768236e9af709d585f31a4d3f4435e77c8370e68a48c
metadata_rehost/457.json,1040,e5ded8497dc9b38309ee2ac2fa28e4882e66dbc506d30fc96b98cf3c90248e28
metadata_rehost/458.json,1007,0197a20fbd01404f76fa23ebb4de8bec66090409b7a065adf2ef8d467aefd6fb
metadata_rehost/459.json,1019,3f83cc16b7161262472d4717924b30cb0b9b61bd4082db92c41425b26f502a5c
metadata_rehost/46.json,1026,c3495f16a7173763bb0e252cbb066734b2c7282ed0b5335eeb8563ad78962931
metadata_rehost/460.json,1019,789c6c227a290a99e0144ae2190b0bd33ae28a16bb78cdce40095517a35969f0
metadata_rehost/461.json,1025,d92d999324b837632294483c0520f4738dce7a4cd726b9f9afb397c5f29d909a
metadata_rehost/462.json,1012,14ed16edcbe64d73c01eeed1b94a95c6cd147e7a257f4dcdc1ffe60118e663c3
metadata_rehost/463.json,1010,97cbe3442cea8ebc7ea93e9ac5a1f6457eed2f982e536762052bba574e80c0a7
metadata_rehost/464.json,1019,64a2e77a078ebe43cc9b19e124766d151eedeb4a4dd9dd79568089e6823b016f
metadata_rehost/465.json,1013,b504ce01edc47cacf353d5d12f2852db80b3418335fa9ee46f36d0ec381f03a5
metadata_rehost/466.json,1034,5ffafa79b75ae415f5f1c7722a77f4ed3b0e33d3c00db7e8563c995778ed9224
metadata_rehost/467.json,1019,3b98899f21d703fb101d6dfa930a52c9b8776fcabbc391d7a198a6f9a75c1bac
metadata_rehost/468.json,1030,15abef204751979c5fca9954e93a9e30d00147cfc4a436e701fc6af92b6beb69
metadata_rehost/469.json,1009,b6d1e44961341ec271f1c8964f980e3d45945625f2e290a61446e5ac71e1b64e
metadata_rehost/47.json,1025,1d134fe661b9c6f28c3f084c55744ba15e730b52e7d19ce2b467c83d789223d9
metadata_rehost/470.json,1031,5867ff3cd7994cc30da4555b7490a63a6c72f033e94d10da64cc710156553a50
metadata_rehost/471.json,1025,58367ef42827ee6ed928316644dfb4d41b25811be96ed45a9f01d93345957143
metadata_rehost/472.json,1010,c7795628dede853fa54980ab9daa1e8ac1b8312da097ae09d77332100e0713a8
metadata_rehost/473.json,1022,b2e36c6c2d32a3c9e7aef7da600d8669015bb0e8037eeee2a33339541eb77f9d
metadata_rehost/474.json,1025,a455e81dfe4dbe8a4de50ba393fc4859fdc0782c56f793b4f921300b0a8c8b43
metadata_rehost/475.json,1007,9db6c8d36fa7469e7307d2a51adbef14d726a913ff5bb7ce9e1c0f0912c225fb
metadata_rehost/476.json,1012,1d3267428bd0af53786358c780c57725ee33b0cfa988cfefbf1b6a8d5a34d84f
metadata_rehost/477.json,1025,76a00d10b41215eaabcd917e676c85e41439cf1c42eb4bacd1193e53828bb6ab
metadata_rehost/478.json,1016,5a7c1eb227c447ba5e583dcc1119b3d6c38e8e39815ae1ef51fa3eb90c04b78c
metadata_rehost/479.json,1004,c33d4bb2c572402ae972ff763a75eff06e631e2cc81dbff99a13ffac5c68861b
metadata_rehost/48.json,1016,9503f1e34985e4c8ca1ae8038302892519ff9027f29d3288854b3521d240ec42
metadata_rehost/480.json,1004,558de34590700913648daf31cb484540a77928ffffd6dc0bf45cc2b57ed2a0d1
metadata_rehost/481.json,1011,f75fba352afdb9b51332562fd09d76c19aec58c3823cf802830d6dfb5cb2093a
metadata_rehost/482.json,1015,844642366bd8b87f7989d6853e9e9fee2e0a7cd85dcdb6ce5eca1bd70a0ee912
metadata_rehost/483.json,1030,4e143ee7fc22225e401a05e6af1211e3460fd081b993e0e84b72591576358798
metadata_rehost/484.json,1031,935e0005b7ed2754f2c378fd5e9df27e5c8f5a608abe39928d4fb249adb586e7
metadata_rehost/485.json,1031,91135b6526404fb8f6453e2eead864726684b7dcc09e4c39dbc94e89357be619
metadata_rehost/486.json,1018,199ebd861e6b456aec730dbd5ab90abe98de39cd56174ab0bebdd0755ffa2481
metadata_rehost/487.json,1024,7bf72f122a9465877569325cb1cc48af310558c64e60aff36a7f0a4f75486078
metadata_rehost/488.json,1025,ff96ce53b0e25a130308841cd90dc1409f37e5ffefc1be9e2e92a5b27f2699b0
metadata_rehost/489.json,1034,c364e07e18e5de1f53d32574e8810b4e90111f1041829c80b699706da1f712a0
metadata_rehost/49.json,1016,9c1426d6b59b383afdea948ce9a97024320528620ae769f0b0fc92701b6b21a8
metadata_rehost/490.json,1016,e56b625005333769ddc9bcb733f8c37b96285e06025dd27f20e7843ea4618c3f
metadata_rehost/491.json,1012,f6cbe588d2a0f9d29149fb44d60a78964bba4a0c181f9ae06f4f53e2e3ef9351
metadata_rehost/492.json,1001,02d57b19675adac45c1e5caed5c6ea052b3543e9acf353e67d07933a537c1a33
metadata_rehost/493.json,1012,6d2c467b4e8c08ba2a7be5ac04c6e4751f7d4aa991f4933545623c8d9b95e587
metadata_rehost/494.json,1022,94257269d1a098bc5a7a33799dbd99b1afe7a274a6eeff413e5e7c8471d0c3a0
metadata_rehost/495.json,1015,ee0152e69d79139ae7cc3bd003b273953ce3762226219ba560d216c5bc7e35b3
metadata_rehost/496.json,1031,19d64d07dabe97cff2f39723b308832756abd0c52ac23ccd571432f366f9b65a
metadata_rehost/497.json,1025,55bb2abe99ea76de4468b974a148cc34b7d1907b4e5e7635307c8d380b3226fe
metadata_rehost/498.json,1016,ffd76e6d7d8c562e25e0fb8ccdada3d19063afd8a62659aafa45ed2e90b74fc7
metadata_rehost/499.json,1022,8f9060ef4d61a4e03a43064de9e6563adff7d08df96fef501b16767c61357695
metadata_rehost/5.json,1020,08dfa5627cdf60142877d0a5e64f0bc5d1430ab25206367cbfef9c23ade556be
metadata_rehost/50.json,1010,1ab003091534274c0c7a1741b80ec76a1d3c9f092dd45df06371caeb1b859fb5
metadata_rehost/500.json,1007,0401da194aca9261b110a78a820b08cc89333780277f69d7aeeefe2810ad3e95
metadata_rehost/501.json,1019,77ac70417b7643713555d98c324b0990888e7f8aeae5a6673dbdece86eb6fcd0
metadata_rehost/502.json,1019,711798bae449a5390c024af869fd455beee4d7abd3d896ae4124a9ca80836f5f
metadata_rehost/503.json,1025,94e188e39ea8bffaf998d682a64649634ff411274eff4cf0ccc1b89e20f264d2
metadata_rehost/504.json,1028,02ba2f2f1fe4ed514496ba46a6ce04410a863c6478ea9f94302ec237de829e59
metadata_rehost/505.json,1009,bca658f1ab7bdbd441d5813ef504359fbb1049dfba7ecb12c0976a5f8e941719
metadata_rehost/506.json,1028,7df1925fef085ef66648557b160c7a89f4d715336c0cc9e53f11ea259eca8d97
metadata_rehost/507.json,1031,cb8dfbcf39f696392cff2190ab2926dc8cba9837d3b791279c2e4cc919c53370
metadata_rehost/508.json,1026,8f5ca7e0e4d227eadb4da874b74cc7cc53c3256184c351118f3a5c9955818423
metadata_rehost/509.json,1025,53708f7e82ca6c6dd0e0e1b43154ea1e325405f832206b84ae4fec11560b4a6f
metadata_rehost/51.json,1016,6250f7ae33e6a7863ead44eccb54d406f158f87f18a0d0f33b5cad84c48f7012
metadata_rehost/510.json,1019,1c0aff93dd3b894cac57df1d704eb5366c491b0813bdf7b39d8203f64e33b0d9
metadata_rehost/511.json,1009,26e723908184a6e74275bcb5604cf168e30249ba0c97dc8a64ed3d53877fa579
metadata_rehost/512.json,1010,b32c2cc8f278d75254d9a3b5ad706883ef0750a5cc67b39d6a891068499916fb
metadata_rehost/513.json,1028,258bce6626dc39fe915b3c426c8006c1ccd98d72290a2f08ced51f83fdaf7c6d
metadata_rehost/514.json,1013,e0d7ed469dfe0243755908b845ca34246ee79f428c3bfbc12252116107f16333
metadata_rehost/515.json,1003,9bde7ae906a95a497c408a86d8be8abe74bb3b03f3d1a356e9e0f1a3ec4bca33
metadata_rehost/516.json,1001,9542a40500c2cbef92e7dd3a14655efc5f49e4d435f75c06ac3c0b873fa09fb7
metadata_rehost/517.json,1016,504bc09a8bb79da4bf59067aa3960a72f56d2707f503f4b35d95b4529881f0c0
metadata_rehost/518.json,1013,e86568c431587f117a05765f62f1e9be62f3ffc21a91884ae402f0d167236aca
metadata_rehost/519.json,1007,fe320901315efeafcc6c1ebdc0fbc40866f8b07ce25cdd9a04567c352a9a34fa
metadata_rehost/52.json,1022,60a9aa7d49ae738e139eacd1f0b6c5e2ec9c6796b48e3bc1eb359a779b64f4c6
metadata_rehost/520.json,1016,2fafcf3d46d2981c94a53c9a7b62d7b128611bc0892ed6f1fc4456fa0c23be11
metadata_rehost/521.json,1010,31166679c3946a750e29a79d9e412e14633ec5b9347d8ed53347cddb38de5dbd
metadata_rehost/522.json,1013,a3bff1bc804d7a7ca5cc11a6c39f6e5f4d036a5d006c66d70eed15ad8e988bd2
metadata_rehost/523.json,1013,87b95190904d5d55f413fb3379b4e4ad5d9672b7cd750cf062ad3fed8289a242
metadata_rehost/524.json,1039,770cfd69e06a1c5fd72a7ef83ccf550b860ebe3e64b85dd947dd2a27af4085a4
metadata_rehost/525.json,1010,8cd7599d78838f0c2ee4e5fd998fd0aee5a2f7e7935c7249f43c7bd324380d41
metadata_rehost/526.json,1028,121496f31c01af2d182ed38c33dbb6516e22a925bd3d8f1047b3f6d90a985074
metadata_rehost/527.json,1013,9251e99c3c87537031ca112f017baf4884ffedb38929bd0117110e7ee4171fbe
metadata_rehost/528.json,1007,097992eb7e64fa303e48540a5d9afab866d77e6bbe1700bd17b0b899420c7252
metadata_rehost/529.json,1028,639a02886dff6e9f53753601bc23871351a3dea4ed311f498c29cb16c9cf37a3
metadata_rehost/53.json,1010,5355de3644e26df550a77e1c071cb80e7db53b1625d5933bd9c7ee29c8f8cbbe
metadata_rehost/530.json,1043,8d77adf2494121ef3709c7a17814852b3d4add33a9bad113dd26668c484701d0
metadata_rehost/531.json,1016,b5d5ffe41e5d2ad4582c1c49ad0667849a3d7eb8a132629c0b27bfd257d9aa51
metadata_rehost/532.json,1022,4966e77a417a4c7418ceb56275a36c3ec6b34115fb839fee1ebab7959553e187
metadata_rehost/533.json,1028,cb453525615882f81e83646544feae63b5d51092251c7ad1a82639cf837d207f
metadata_rehost/534.json,1019,1666a6176541ed69f29673ce8a1f9e9e46696c7be894add1e51f1983812aa8de
metadata_rehost/535.json,1025,9cd174eb54940bf6c325225b10fb43e0ba454bb25e2b5264f33b5609c77fac65
metadata_rehost/536.json,1016,de50c1e0c608ca500d90cd55f87155c15a9ee72a291d67a91efb1c8e4f587d40
metadata_rehost/537.json,1013,f9620affb4037d6a60102a4862f362c855346b0dbb8f22a168b209a150c127f6
metadata_rehost/538.json,1004,851c4a0615f3448818dd0abb29d4aae4e00484ea1d22e112e5849a28d46be9f0
metadata_rehost/539.json,1029,17dd379aeb61e5122b75c8416a4fd6f53a2dbf243fe12b3c71afd68f018d30f3
metadata_rehost/54.json,1022,aac18e2d2c1df6267bf7a088869de6f77694e9079aa683f77649de150449efaf
metadata_rehost/540.json,1019,8b53526ffcffd55b237d055598f974e35d04963dce9929897158bf370e9ee657
metadata_rehost/541.json,1010,28041247d50a034f0d04d4c54bb6f00fadd4e58e40cb307f6650dda7b2660532
metadata_rehost/542.json,1025,46a026a1a7543aeb0b90ca2dfb2149d48635a01d5c203df217a53bb44b31b763
metadata_rehost/543.json,1028,751cd3ce80583d352ea9d1c6aa26e80366949906bc9083acb2c5081f7f99c11f
metadata_rehost/544.json,1010,2cd8287173d9fa6a0cd92e4fe09e3dfa17c653bc3d3197813d4a7883b71f638c
metadata_rehost/545.json,1022,a9af893237da06c967d23bc2228e852e8cdf9d73807eb57f60b06b88fd1c571f
metadata_rehost/546.json,1016,e1e56ed2887763e05aa4cb098247715ee129555987e270337be200bff294e517
metadata_rehost/547.json,1022,97899fc6ff9a65ae49343b0352b77276a113267051414d8e27c9eb1db6e0b2b5
metadata_rehost/548.json,1034,684b6439995870d45dc2e2c37dbd723314064a9e8a0bc61f321d20dfb8162df3
metadata_rehost/549.json,1007,fb6f1d5bef63323af6c7293cdf96e46b26665e117e8ea110c431391acfbbe57a
metadata_rehost/55.json,1028,721f29a67b4aa51a562484e01932e887609b70ab11b510f62f8c034e90b867df
metadata_rehost/550.json,1028,0da75e68ddf3bcb138bc733fc49dd7d42d55d25f107b866542dd33498f60fccc
metadata_rehost/551.json,1009,2acbf0722e9960435a5f30ac4d798c442409867c3f4e450e7d8fb81177504387
metadata_rehost/552.json,1022,64da3be921eaacbf93bb333abd08bd027bd11b263cf7c6a388e093582b828625
metadata_rehost/553.json,1012,6efaf92910766864b5cf71076b797dabc84787cee389fa52910f7ffda8b1d443
metadata_rehost/554.json,1004,405bb6ddee49a57bf14d0d696a959f65b289b573e3b3e7a4aeaf64dd8a162c07
metadata_rehost/555.json,1013,a11ba8ef2b68e58a31298a07b59c074e306752ea4115645f683eaf1dc0f0a2e9
metadata_rehost/556.json,1029,1b525acff67a151855c288511327f846c2b02a244053b2bdb5b61d13cdc05a4e
metadata_rehost/557.json,1025,11f39c0f0cad8a6409021e9fa698e36fd823a974c06e14814b8b623e383a1a62
metadata_rehost/558.json,1014,bd9156c6319e18be71cc9dc95fccc8a2dc26f5b97697226afce6f31b24ec48d0
metadata_rehost/559.json,1028,6ad7b2a0642cc5484376d500000f8a679d2a5bc197fde5323e4022a277603977
metadata_rehost/56.json,1013,f78c548491521faead701b8beab060834df90853f6806def7d5facddc08ae612
metadata_rehost/560.json,1030,3eff437ec752c1f88b9eff5c11e7dac8bbd0fe6c2ee78bfc4b5310bad8b94c63
metadata_rehost/561.json,1019,641011026942fec2b8f1d8ee8a4283da8840b6e62380f69fb36dec3b347a8e70
metadata_rehost/562.json,1024,7f77d2e2435a9609d4823e4c5e35cd1468574243c50ac57ea8dccd71058a15fb
metadata_rehost/563.json,1021,ce21792eae4c33299517d060c98516c510d4d16e8486c4dd2113abbe24db14a7
metadata_rehost/564.json,1012,a69a79fdd0b9115781a3a4baf6c7d4ec57dd7dee313f5c708f6e8a4c4798657c
metadata_rehost/565.json,1010,546dec59461232abe9e613fff28193c535fd9613e7556e3605c7f4052f064acf
metadata_rehost/566.json,1019,8d34fd9abac6ba5fe08fbe570ad5e5143b5b5e60688de29ef05679bf5c9fe478
metadata_rehost/567.json,1010,c5f6f7d92ca8d0fd05de54fe98f18023ed9c60e9ff49c62960ea04a1c4f6e219
metadata_rehost/568.json,1016,ffb3d28753673f65ba0e626d66297311b09003976ad104e8975653ff1a601853
metadata_rehost/569.json,1022,7aa594cfde67c56cae2197550b763169628bdd948b98e962b9bc56002f1aaeae
metadata_rehost/57.json,1022,eb236a2535abfd89f1935f24cb6ea78d2279ea92234a69018083139e36a49186
metadata_rehost/570.json,1040,337e6544e94e0a418290b9a6eb6e946d57db3129545a62fd512562ed524eb013
metadata_rehost/571.json,1015,ea6ea933ca9b327d231c2ea24e4a54e45aa52840fd53feebfc058e14e74fb72d
metadata_rehost/572.json,1012,93ab75395bbe5d8debc1bea063d04451f57de08a4926b33daea3d4066a2da367
metadata_rehost/573.json,1028,ccfe6f40981f3906a48fbeb801a9173e9c08e00f7b7d1602f2de4bc635693adc
metadata_rehost/574.json,1019,2899d1d3ea38f91d154a54bfdb69d988d2e15a9dfe3960e4a4c5d564f885677c
metadata_rehost/575.json,1013,98f28481c472900fdedc54ae0b720001b584e96161ab48d6f7f57aa224f4152e
metadata_rehost/576.json,1025,bf607d10163712595de001059686e134472eb044be29349a383247d8d8c4f8a7
metadata_rehost/577.json,1022,8d7f22aeb098e1c9065b9984924dd4f382ff8229ab201e48dfca7db60701106e
metadata_rehost/578.json,1019,56e90528ae1960c3089144835d123a5bc7a0d757d87ac04d38a3281492572a4b
metadata_rehost/579.json,1007,f6c8e45ac3b5b521a8c5672c17ccc8adccf1df8d7ca64cd0a7a4cfaa6caa3ff2
metadata_rehost/58.json,1007,478134a3d7b81a468b65ef9b0c1e6561a82b8e435507ee9aa002130936ec7f84
metadata_rehost/580.json,1022,4fbc9f597286b5b740d46079e7f11dfac443878457bd5295d022f8b343cd201b
metadata_rehost/581.json,1022,602b9baa1ddec31f6206b3cbd5847c94b0d2b85cf56c5aea411cd66c7a531ac2
metadata_rehost/582.json,1017,4fe9df3bb9b7c925e026615df7285a1d6867f48c9b2af58f89a227ac3f4f21dc
metadata_rehost/583.json,1019,d100efe56a090f9ec37734a15b8773a6dc172592e80352a32b62ca50cef34b64
metadata_rehost/584.json,1007,ee711689046940c4ec12b28b60381ae684c692cf87189cb37f4851777d40d0dc
metadata_rehost/585.json,1043,1b13f2198bcaf23dde3fb4cef7af10a2cff592fd3087defe66af49cbe4dbde9e
metadata_rehost/586.json,1022,4fa0a73da0e4d9b5fc3038163864be74269404ead7fe529b69887ec58c090753
metadata_rehost/587.json,1025,06af564f6d4daf96ec55e5d7698ac2c9114114c53845f7af204186c2f23873ea
metadata_rehost/588.json,1018,7a60510bd934edcbf0e293d3edcd90241748661407647aa2da7f8395d3e49015
metadata_rehost/589.json,1025,98e14b5c150a1d58d578a9e56eb0c5b4e12363a248637fb474347909f787f57b
metadata_rehost/59.json,1024,0a7f9a656132ccc4b969b986f08f01ed3d5b16fab6a62c99525326f1e3bbcf12
metadata_rehost/590.json,1016,53c2461626f3441e63ab01efad6cb21b17d9b43c79156b0da125e7515c61b518
metadata_rehost/591.json,1010,c8ec757827c0e41a2d0daed2c851dff0cd855a1b79910b943958284bb3ba9694
metadata_rehost/592.json,1007,de3689dbbca77d61792a859200f945d81f5637b767dd35b06e31212c3380b2f7
metadata_rehost/593.json,1010,fc14fe946489025ae8d1b48e1cf588e329bd4d02f00e1af0e558823abe3e64f8
metadata_rehost/594.json,1032,c05a1250a0a0a5692cf61d67c5bfeeb7cd7ab12c115fd66f59eb1ea44d2a6e9a
metadata_rehost/595.json,1027,ba576c4a57354ae6055cfeb252f69152458594db9d26b42ed11f2f77e94ae6ba
metadata_rehost/596.json,1007,a1ffad71113b7bc16542149bdccd64026a2ad617f6d4c71b8107e6a5d55b9061
metadata_rehost/597.json,1007,93ae410668f8e4f9b561f04510e246f1f0fc9492ce7fc757d462be9f62f86ec6
metadata_rehost/598.json,1021,6ee37390e5361638af37fd651c183f555ddd2a0408fdf1eb3a7618cedfb11a52
metadata_rehost/599.json,1025,f2070486b503e497f56c03e8fe61f546bdf9c76df67872979eb40b1ec6007b16
metadata_rehost/6.json,1013,095af31467cb2d43bff4ae9b6868b33e93874a99c913e4bf305aed7bd47687ff
metadata_rehost/60.json,1019,56445da9ea9f8fa118cc3353a92f00e69ce37c21a121f892b3ad423f04c11817
metadata_rehost/600.json,1015,8e49f6100c53583a9604695166b9ccb10fb91f8c01dbbeda5fb186f45ce4550b
metadata_rehost/601.json,1027,f2aa65bc335f5751ff2ba6b88ed0fd63fc79de8438af40259f237ff713f3a87f
metadata_rehost/602.json,1013,b377e92ef325425fca939ca5de6cbde2cc6fe01f15807deb83a2c4c8a50ace39
metadata_rehost/603.json,1020,3a84c100f8fbb3d5844b6a769e212ba92b8db196dc14cec1b7cbe9625aae4f63
metadata_rehost/604.json,1022,40ad05ccc2b56d7392bff77f7b4a7d41d0c4bf56f9705721fef2bdb47e96b1cc
metadata_rehost/605.json,1025,042f7b4e862cbfae86811a5b9e5b5991bb2a52ef3f38904f71e0295d0acb3bad
metadata_rehost/606.json,1016,2e390627d59b8372d263cac062eada5b4c0d01612910d25b7e100d52bba82dbf
metadata_rehost/607.json,1010,3242030f2d7acfe265e937a8f66313ebc5e3748a719e18a016f657933b7807a1
metadata_rehost/608.json,1004,d6bb7e20576398df51322233cef4c33709db07ef91c81da556a694b26bce8414
metadata_rehost/609.json,1004,c7be98520852146b8906b8c6f8cc621b0215001a029020ce87c0c6c3f6106b5e
metadata_rehost/61.json,1016,a1bc48f3a94acfcd8d05f4acd46723e818bea1c4b0969f1c3317eced6dc64478
metadata_rehost/610.json,1027,c354e93edb5b1191e0b9e6dbbf3d6f6f139f22b40d639d3a74f7789f7baa746c
metadata_rehost/611.json,1037,10d3152d09656e4633cc5034629189745832ad844cbb2d761ac6523acf658e85
metadata_rehost/612.json,1013,1f463bb7e8f6141e40d150a215b42551444b4d0d711fc00f301874e9f8a4574d
metadata_rehost/613.json,1016,1911d856aef80ee1b0627dd1c7423390182ca5399560901100c89077c21d0678
metadata_rehost/614.json,1025,e7ac295a58a061c0199451b8d7c304f2c04ffe10a4abaec2332c44478786b996
metadata_rehost/615.json,1013,bf7a57efdf8cd214093d83a80913d9ff859df0707fb8996c3bc5e55380e61333
metadata_rehost/616.json,1027,9ece9582a4347ec9eb7139b3618a418dc40fb2d8b4fb30145b9c1b8a8b09ca71
metadata_rehost/617.json,1013,db4897472f544e4f5da935ffc74457061be3fd39c7319e0180bad746a7d5654e
metadata_rehost/618.json,1020,61d3fdec6e56458f154e2d4b8797e1ef32bc1971c875c888dadbbc0350640aa9
metadata_rehost/619.json,1013,264acada2a8f3076c4f70b651b3b30f6d9395834b77758e0dcd29105b55182b7
metadata_rehost/62.json,1031,a43adb02ff62ccf6e9e15815172e2ab2455477599b2a2fd445f1385f4569704e
metadata_rehost/620.json,1007,4e4a5baaf8c24e38b22a45f9bedcd036a81815e9f89846fe84683a529e03696a
metadata_rehost/621.json,1028,81f11aff78dfb8c316db7981cc0e0e3d5a9aa66780ae9517fe4d4ccfd32eaa31
metadata_rehost/622.json,1013,8f537fce2b710adb21a2307931a88cc3bc4c721127ad24a9aab10f184fb5edaa
metadata_rehost/623.json,1025,c4b31dacb6eb806f011b5ba2a92c2e4ab407f7890377947e2e6aba7adf0d1abb
metadata_rehost/624.json,1034,87c99b9ad26ac8fd3a18f3cc475ddf9e3f394d37a63352a41758b3759338d7fe
metadata_rehost/625.json,1016,514a46daf26ea99bdd5b381bfa94696c1f95d5f44ba615420c5a54c51768bd05
metadata_rehost/626.json,1009,1f2ac527ba02226b8ec472fad1ac0d630c24ac5f7f203f81065f88298f03f308
metadata_rehost/627.json,1013,9da5386df27384455ece94e819157b09a3dbd1d6b3d2ddf0b802a38aa25a76dd
metadata_rehost/628.json,1007,6874b25d6be2eab49a12037162ee7faa916cf4640afdbf74794463761fd92719
metadata_rehost/629.json,1022,9f7a5c0cf64372bf3066fe84945761cd1351f6a236a6c526ddf9ed49149c1753
metadata_rehost/63.json,1013,8a05b4f83424bf314520b42de7bba6990fa328d4bbf1225e88da12fba0e90a21
metadata_rehost/630.json,1010,d8b7faee64a7ef668109fe43e4066a03efae8f3cedd0db30be82ab37fb5fd75b
metadata_rehost/631.json,1025,2be6ad019bec991ee4e129f27858010b24cc7dd86d3341704eee6d4cd6bb5fa8
metadata_rehost/632.json,1021,6777c15ed9c95ce038c3a563c835ebb2cb989532872a4474721580d5f5e5b8a6
metadata_rehost/633.json,1007,c7bd95ae02b34741d6918ff27be49dc22de1fc0981b9dcdf5e5198391d0359d7
metadata_rehost/634.json,1004,da6e5be644165bdb31572c3113157a12cdbd42c50073b9d2b3a32d503f4495b8
metadata_rehost/635.json,1025,5fa9b3c77948ee45a08243848a7120146d03eb08c96beeb2c3c62e4c7fd4661d
metadata_rehost/636.json,1016,4c2497766c090ba0589e7e0bd0161c006f9e7c7a1291f7cdc64ff75aab9b3f33
metadata_rehost/637.json,1019,0fdb0cf039e90cfd427add8d1f6f32f00147277fd34e8d3934e28963b6beb32f
metadata_rehost/638.json,1037,20d8de3a901128800347abc531312de011a98b58e6b66525d5900a6565089fbf
metadata_rehost/639.json,1028,cb70568fb22cfa58a39d5ae9315c121127469a232c7ce8979b846b7cc6de9006
metadata_rehost/64.json,1016,133bb4bc782686513f3e3df6584340f56a110b1e94d7309173d6dd1ee0a0fcbc
metadata_rehost/640.json,1014,111354e8842e50a0df6c75628095b67741c17cfa6c6c2a500c0be3eeb7c2252f
metadata_rehost/641.json,1016,29ce85a017fbc27f4b7cba17148784f474115ab3860c7f27f3ca85f523aad831
metadata_rehost/642.json,1012,802519e43f9121775675cf2cd8d974cd30f65a018a2ee7ee40f2b3651c69c5d8
metadata_rehost/643.json,1025,6789e5e035b498005610d6dfc61ba9af0bfce5a19271d17d9885fde19e840970
metadata_rehost/644.json,1013,7792b7c341dde3295c7d55898aa42b8401639697b1c2595ab95059584f66f00b
metadata_rehost/645.json,1027,a30ce93a4ff0209f42efeb1b87d630d42b3d430bf1ca6334c085ff9dc3dacfa8
metadata_rehost/646.json,1028,cb8c0f2aac75b9c7235100d8719527c1adf4b735533e520b407b467fe9b190ff
metadata_rehost/647.json,1011,035d156d422afae5d99e7417634547d890d3c3328a290228fc2c4af80a620729
metadata_rehost/648.json,1022,5f935beba807a6f3ca199865c6995cee029c9e338837c281e26246bccf8a0733
metadata_rehost/649.json,1019,89fd4ce07cdb7a719260ed3d6c20fa298ff4d73f5cbfc95ad12f1db6f7eb9655
metadata_rehost/65.json,1019,068a104f542dbc21c7f063750916656a7f021f4afefeadd1443f92b68c31f254
metadata_rehost/650.json,1022,96763296a0d945787342b2620ed62ac6ccc138cb4ce9760cebf1bf6ec18faa3c
metadata_rehost/651.json,1019,1cc12af5d6ef4f7886f2cca78ef997f04481624c302781c1e2a11b55dab3d110
metadata_rehost/652.json,1004,1bb047f89d622823f81bd17fa09b84a7986efc09bfc79c10e7643aad7937dadd
metadata_rehost/653.json,1031,75539c64be9ae61897c06bd60004143d51ae21445fe1aefef1ee0214bd55d2bd
metadata_rehost/654.json,1019,50c967f67c10f3cf295c630b74578da6e993e7fb728c32019ce0fcd4c4e3983d
metadata_rehost/655.json,1022,b085098704d67f7d636d397a8b94876b31b1066174fcde314447b89c295c99f1
metadata_rehost/656.json,1004,fb0ce5ed6906d47e1b4a68c6f61cc17bea5e10f8d5b7d7b717c539d6cad48c18
metadata_rehost/657.json,1003,83f60231272f3a99f9867d3ee63549823f572d3c480d5ad70ed3d480222e3bcf
metadata_rehost/658.json,1028,ea2d4a0e9b3b1abf7efe5f0f9c574d1a7ce7d39d27d6be9cdb2b8d0a8fd6c397
metadata_rehost/659.json,1006,96ad800841657d8d940eaeea5edf92897d6f3790a97fc40e0badfd50143720ff
metadata_rehost/66.json,1018,8d6a36ece5df41059c3ac54bd4de55249635778e1bdc9b030a81a359503762c8
metadata_rehost/660.json,1030,ee6e621cc1d216ee7c120dda36d7e816f7c119930b94b7afb13c09f95a89b60e
metadata_rehost/661.json,1013,e7ad24d31f294722d2713a4333cdbbe0fe0f627911270fae89d17769e1bc667a
metadata_rehost/662.json,1027,24eb460c971a0d6c4a6ba8b6e14ce3f2af3fe426e23d96a85b361306694608b8
metadata_rehost/663.json,1024,2138c2577c4b6fab9c184f9dbdf7ff38b4f867beb75e65a30b7bae518abd0098
metadata_rehost/664.json,1007,60cd04206d85d94fd19af229692503130bf59116612c92121c847c4853f05df8
metadata_rehost/665.json,1010,14e006b68ab28a564fe13b41f1491d510d96ce3257e3ab3720119c2750855f0c
metadata_rehost/666.json,1025,b3f252a6f3d4a8eda0575a8199cc35402cd7a5ae810f207d8732eb609cc6a213
metadata_rehost/667.json,1033,d10f3e9ef2bb942f0f200c91daa42204dc83a3a533aa26ea24bb154aec05bb01
metadata_rehost/668.json,1039,74db1400ae81f44ca33cebe272ac344fdcd35a7301e0b644ef1c8fb86fc1c2ac
metadata_rehost/669.json,1027,378cc1227bdea929cb82bd06d7565ab985c11a9f5603376d87394536e85d3446
metadata_rehost/67.json,1031,ebccf9ae37170adc69e4d5c95b6444b90ddb690065a07da1e5fbffd82cbdb792
metadata_rehost/670.json,1015,db0455c6225bcc4908c097b12d8cd0ba64912e128f43459b355c8211dfb7ece4
metadata_rehost/671.json,1007,3a552987ae920f6d5780bf1ce1fbcd4dc4c2453d414a0aafd94de3c38f0030b0
metadata_rehost/672.json,1007,63a47a2af9e1e4e6eb4faa1d8ff3cc18ba0c7e1b1316908eec8bcc1627e7ef15
metadata_rehost/673.json,1015,7d8db04a0f0385d308e29679959e6e92cdb31af1e8d57fb05511e15c34cc480b
metadata_rehost/674.json,1010,9cbb7a41135429593232fcab7249a3acb949e2fa18abd7eec46e5ad2a1ab5b28
metadata_rehost/675.json,1033,0898e34bc12c3243da968120193177af56ac443944193a472c1265db87e5f552
metadata_rehost/676.json,1033,12631d41989473a84336add22c84bcfe8dae305e049f7c638107a7c77751e79d
metadata_rehost/677.json,1027,bdf211bf8f2b5fe49959c50d51e08b799686807d48949334a8fb7503e114eb06
metadata_rehost/678.json,1028,28dd741ad5b0fe42782a3a418a518c0d2e6a4814598b5845494af25290551100
metadata_rehost/679.json,1016,093adf6bdc0be848e325483398ee044b736ad05c86ae7b048e25563366633ec7
metadata_rehost/68.json,1016,a5b42f3dcc52b8dd568d2fde4cb0a9526bccdedf8253bd3724ffc1a70a0d11a6
metadata_rehost/680.json,1016,d9de90a36f5999079a570ae6472910cc0a4b09f7a6d40ce9237db49424ef7a0e
metadata_rehost/681.json,1016,e9177356bb575338abf1de19bf6796ac09957892d4656960c5494a013a57d4ed
metadata_rehost/682.json,1010,e70479314c0f3498d93d23af0fe5720cb2466117784865c6bbd66df03bea220d
metadata_rehost/683.json,1009,439893ad89fcaa70d774a5c49015050939e694b75f99b46b71b6b347031145ae
metadata_rehost/684.json,1004,cf5fc0ffc3880dc5431fb5fbc43447cc72d27baeb679ef4a4efd958f7a770cc9
metadata_rehost/685.json,1019,28d2124d7e659904a8ed305675b7002492a6ad1c8d7c962403f1668139714d35
metadata_rehost/686.json,1001,510dbbf343a6514dcfce1d8726273eb4844fd8778a724f024017e4a799ba9fe2
metadata_rehost/687.json,1010,63c56e41b827cd412e4788858f8d1eb4a5c7a85e6950c905c8904f7a0d9bb07b
metadata_rehost/688.json,1019,44946887d42e9af4c4ab78b1bc393a627dc3d4ff2042510e1dd973ea33eb0e57
metadata_rehost/689.json,1007,9821e7e91005c0fcb8ef9e45ffedf15201fa5bf430393dee97223f85d62ea0b7
metadata_rehost/69.json,1025,f3b395c61ef128d102b4c12cf0a23c57065c5a49e3b3367038114bbc77ceacce
metadata_rehost/690.json,1010,d3c9982f229f9d88ab8ee892b495479c32cffa2f3fa448ab3e86eb2537f5db17
metadata_rehost/691.json,1016,75b713814a4c1c10f13061c2b20c530adef63d8d70351d537169e7749d1a1dab
metadata_rehost/692.json,1013,61916b98a4f4b0c65b114da1656f43e1d20a3087b2c5558a14e1ada4dcaecdf9
metadata_rehost/693.json,1019,e769a904819208d8361d10c4ba17f1f03950626d3debf1316dceb91d4aed1297
metadata_rehost/694.json,1013,ec466732c788dae8724c00eebd6b1f613aa0b0cb0ca360d7f2412b33cb938870
metadata_rehost/695.json,1022,76e4a542d92d644c911e83fbeda8029171808f757c48f22ed099f2df81aa19b9
metadata_rehost/696.json,1017,f5f7f9295a1315af84ff97fe360cab90be678dbd49599243d4dd45301b4109fa
metadata_rehost/697.json,1025,69abe5321fa4a93eeccebaf01d5366bca37234c8d292742c0fdab0fe2f9542a6
metadata_rehost/698.json,1020,6deb4fb22cab5ee080b352193a83b57de5a7bd546edf5213447c44574b3d80cc
metadata_rehost/699.json,1007,d66e7b7417ee5b91692474828f2777fd78d6ee1c98b54243f1144cf52569ba3f
metadata_rehost/7.json,1015,798c160f56eb141cb17b7f923e9930572c37cbd262c010587915fc3e18277f29
metadata_rehost/70.json,1004,8c95aaa3e4ae7fec05ee756493fe0ce5c20ca5f33af92b5beee4900f48a44094
metadata_rehost/700.json,1030,8676108270930c5001e3ab31b427927422287f89e95e8f04daad734da4ffeb75
metadata_rehost/701.json,1004,32306a44a08792e95057144fddf2313c80beabfa00cb2f9ee8505573c14a7619
metadata_rehost/702.json,1012,74ae010a0f7ba2ed8c4b0c68fdf4d4a49eae53cbd8fd86a8ece00bb6be46806c
metadata_rehost/703.json,1019,2fca373995d92021c96f0bbb9bae72c832a99108af23f40f9880d2e482787352
metadata_rehost/704.json,1013,c76ae1a89920f929aa0f381a65e5d185c8c0d6f1d0aad1b007dac925e8d63b61
metadata_rehost/705.json,1007,5f517bcb935641952f25f0fdd1e8c68ef0c0c9634c870dc212e7bbccc1e8da27
metadata_rehost/706.json,1032,a513755517cc1d5c1d1126dc97a05938b19da92f03dd21423c9a7d8b213a0e0e
metadata_rehost/707.json,1007,f82bf93fcf25758a5dcd2d18b1f8c3f6fc58c68bb77d372d1f925d4445a26ffe
metadata_rehost/708.json,1024,6c862aa5856f7a5c7cd3aba91b8008f8365b414269975c332ace647bcd0af1f7
metadata_rehost/709.json,1019,c9ec1b66ba8d0b3c4396f69bc70dbe0d4789adc18114c5f2a27aafe1acbcaa9d
metadata_rehost/71.json,1024,baa497c1adc578859daa97cf5036282b523cbaa5788360259d5070ace65f2301
metadata_rehost/710.json,1017,6ed8fecc44fb5a968b854c8ee5bcda5c1848ef91ea8ca300b5081534ddca6c18
metadata_rehost/711.json,1010,a7df3989a998fb66d1d1807567437da16c51956dea788d67f306ce5a9f44088b
metadata_rehost/712.json,1004,55263d5449458b608a6a8cf95ffb9f6564d6d1b854989d44c59b46a702ca5c86
metadata_rehost/713.json,1009,38c43612f1c0b8d58873ea527692ddb82942035bfe12da4e8f38427da6d57ef9
metadata_rehost/714.json,1007,2c0786797cda5f889b5c2032c86355aab7adfe366d904b6330f3944bb95c47a0
metadata_rehost/715.json,1013,049c7cba452bcad9c28a8fee715a423a21f1fc27ebf5a52407e24977c357993b
metadata_rehost/716.json,1020,8898ab5cc02c069b853be6ab093765b12d8f4eacd8cd0a17d829664eee924181
metadata_rehost/717.json,1010,53e17d7a4216c4ae3663835868751efa7812a4c37a2aa03adc7a6718c947ec3d
metadata_rehost/718.json,1007,e186c0dbcf4b23fe16bfc79ff08cc4c859b7ce90e35b8adc3ec2cec2c5460fc8
metadata_rehost/719.json,1007,c89ab6a0f02bdaea90c83e0f4e0406c24a25a376894551a2e96ac428953e748e
metadata_rehost/72.json,1013,f3499b6803687d55488970a132a4717d7d3e6995acf23f9bcbe89de962a031e7
metadata_rehost/720.json,1007,bbf258eb6b399a30e4feeda601a51e86c7450a5d1c1f1a597fd57d73cceea403
metadata_rehost/721.json,1013,ac4846e2b8ee6236395457e37a87ad085bfbce49a03fcc2e97e866ed3393f547
metadata_rehost/722.json,1034,d9e5dd26da5f8ac026a27811aa2875cff887ed318d2d0e5fe773b8991fc4aa31
metadata_rehost/723.json,1025,8074deee70c4bb86c735e23f072221762bedcc979a5502dc82bce2c2f468d1de
metadata_rehost/724.json,1027,f3f6ed5a954b24dfc2325053c2686de403668baaf6054630ca5d072be008f9c7
metadata_rehost/725.json,1023,6c866ead3100afd83c5be16f3b35276eacaaf102e482bdcc568b53c974858e42
metadata_rehost/726.json,1016,254093d9ba8b70f1b977de136d574ab22eb56ae9acf668bcb7f0d6a9061badae
metadata_rehost/727.json,1010,4c9264057d954ea88a37bfcb38da9ac74d7bc4ce6b27c708b3b1d8d9fbedb2bf
metadata_rehost/728.json,1010,f7460fd82c9830a27276be39fb9dd534dc77fc47989fed7d674f675da949b8ce
metadata_rehost/729.json,1007,517191cd997768cd6b2ecf4a796d3a279652cc9e414b8f472de6b61a5f95337e
metadata_rehost/73.json,1016,701a6ca4884d08d2955f762cb5ca2708c8944a2767f66e56e9dacf9c250b5851
metadata_rehost/730.json,1016,7a17ae7b3eed6802fdf02e9edae72259c74c837941a463cb2facf668d17146e1
metadata_rehost/731.json,1016,335ebc8eb0dc01782f1578826eaefc050388c75cebb7ee7cf9827752a5978166
metadata_rehost/732.json,1007,319f140b6cb463d9acc588cb0e785ade48cc0cf46a67b58554af216a50f2f5be
metadata_rehost/733.json,1033,6c6b6e8cfe1459893dce5b793d82f30729c7abd2a11961b7f83f2d3643718459
metadata_rehost/734.json,1028,79f5eb832ac6cbb64e83ab01ac4f76c399455adb05901cac736550d4b72b719e
metadata_rehost/735.json,1013,02774389d65ecf4243a6c60ec600697e733999d2aae89a2cf036f19e1b21802b
metadata_rehost/736.json,1024,2d972824adfb1db8a342c9060fad0f8de82d66d67f9ab25d526a86faa8748069
metadata_rehost/737.json,1007,c7b8a210b4aeccc061ee0d0e9b7ca9a8c93987e746082c135387d657bf9b45db
metadata_rehost/738.json,1016,a48d9141033fe718467b593dd997c1e62244d1bd3b8feae626dc4b1f5c07a101
metadata_rehost/739.json,1010,2ed799ba2fec59c8bca5fd0e700b306782a6cf3d1e6449c3a66670410b89abae
metadata_rehost/74.json,998,8ce90c01a2bc1dd2523e1a0e022903fc3631a31d86d6183f8aceb8e814743789
metadata_rehost/740.json,1017,0ad732ff8eaf127f33e9681eb091d2826aebbd40addc23e36ef3a3bf4b8f730c
metadata_rehost/741.json,1021,d1315e08717f3f276f448bec9ed73f089a54ada4ca44844ce1b532724316fba1
metadata_rehost/742.json,1019,26ca392fcec9b8c46a8af7ae417f1d744cd902b4f2558cf4f9c5536153d5c804
metadata_rehost/743.json,1025,600ed2b93082421f58d4324cc90c86e3afd73657abf88cef83816b1c93419fdf
metadata_rehost/744.json,1016,067c083b424a933dee0ecc04bdecf10db7e2d1441a4e5ecdfcdfc35c2a52f766
metadata_rehost/745.json,1001,d4e64a486876d913fd820f8ce0d72ce039dee5ab6d50cf50171031a1ed38b9c6
metadata_rehost/746.json,1015,f3910f305f28df6b0bbf05e15ed4c6ae8471a905b91c5f7cc79003ecf24cdff1
metadata_rehost/747.json,1024,ded5fe472d39570cedeab924611f06d979bbf19bc418404dea87737065c04d3e
metadata_rehost/748.json,1010,a573bbd0eb91254c54d0e6c7da4a28e0a43818d7fb63465a96ca07cc09d472ee
metadata_rehost/749.json,1025,4c510cf8dbee484a28a99e9530de84e8e1774d6119a7d01b8857134f849f76e2
metadata_rehost/75.json,1015,de12b0120c87ac9532ddb641a9f84a8bc1cae29ac1da9f7af789059ba667ae99
metadata_rehost/750.json,1010,10ea73798bf5bb1f2be4314fd031169904b844fba2f88ff6301757caf7b353a0
metadata_rehost/751.json,1031,4fe9f82ae8c6fc86f7e23c7c002c21dd080aee9c4109c9bc92e96806fdbd5301
metadata_rehost/752.json,1021,d9032d9c9323d8a09dce9462fd82c176e791c27e700946d518782ebdef87dd93
metadata_rehost/753.json,1022,dc9dfbe861018a7afb656cc949f77293ad58e92998d73152ddd1b961efb29479
metadata_rehost/754.json,1018,63c54626a8a54cfa16645709f6cda2adde91f42e65c5955e7e12f049fa904fba
metadata_rehost/755.json,1022,17329b88f3dc5e5192bb2aa459b306b6e18a92f5b54ddee9a45b27408f4a3ca5
metadata_rehost/756.json,1014,92b55c14c67ee9efe299e41b9ba65bc0b67df60bf4e420454e23ee1035b565e4
metadata_rehost/757.json,1010,8bf613ef0458c94c046a4fd06a4a6b19988c98000dfe53f2abe41e1fec49dd3a
metadata_rehost/758.json,1027,69f9b7f92601f14ecd386f863f069f67b5ec1d0baa01b8268ce8b66809c1ad1d
metadata_rehost/759.json,1018,171105ff13f01bf98ba3ffffd88d1790c2c0ca2ea81cb1978158062f59fa21a2
metadata_rehost/76.json,1025,2b4e4e9ca9d08e42473a60f2b220505db1c09433d430a61ab0432a8a7ca5e31f
metadata_rehost/760.json,1013,4fb2a41e5e70d8ca1e45cd7a83e76d1942342328a9c5806ed58767655218bb50
metadata_rehost/761.json,1026,1fb55f69d51e5ba8618afd5883a8e127708c53ba098829b202eb09966916685b
metadata_rehost/762.json,1006,82602575d804c481cb162ce04d120f15778a622a040f863e6058bdc00601f25a
metadata_rehost/763.json,1024,6a7532187fd3cd84885a3ec1b5bb38731ea5e61b3a85615c5cd5f9f01068bfe3
metadata_rehost/764.json,1016,eb7ad7657ebbbacc4b94654be3759b68a599a8c601f70475e66f908f1cb88443
metadata_rehost/765.json,1015,a515a52f7651fe5605d3a03c02fe6ae00331cc78355089163f8683858910310f
metadata_rehost/766.json,1007,fc3d5f48575ea78f72075193c6fb9d3192d31633b38d949355c3bdda95528e77
metadata_rehost/767.json,1013,9c4844a1389b60781b46f770bbd64c9688a05fbf87469d476ac2f062920bce27
metadata_rehost/768.json,1004,4ab91ef9c61acc0ee81d8593fa511eb10ba70f011516849fef991ce5cca3c636
metadata_rehost/769.json,1010,bf850b1899a267cc411156b8de3c7d5b57858250e3ce16f371ce8054cca55653
metadata_rehost/77.json,1025,8fbb5c16431b323fc74b9eb1becc4de706e71b05922d744a184dc0bcfd1c8c08
metadata_rehost/770.json,1023,97f0ed6cc474501ce5fa077cd7860bab02ac1b6918920cb8f3c47bcc42abc5be
metadata_rehost/771.json,1027,a4d2e4845bf41deb1ff88a42b366449221b5c3fd5972ade9f6a9af8ab6c646f8
metadata_rehost/772.json,1010,8bac14978aebff05c7b2a92f7f34586711302d62deaed55f9b205cef7dd1eb58
metadata_rehost/773.json,1028,119d62e5daf7fc301737644c7396aef9a4b3b3ee623b0a10549736acb149ce49
metadata_rehost/774.json,1034,a51a4505f6d8d2d1c6ffddeb2d344a8902478391da4a6b335a0740da934ad6a1
metadata_rehost/775.json,1032,9bf910f96df84234764a4c4256d227ec755cc9a7874a8cd5f65fd8dee15bbd54
metadata_rehost/776.json,1030,1e960a33c527dc5771ac529107d5def97b8378012ec4e6d834439f1dddf04383
metadata_rehost/777.json,1007,239292f524ab6f398e5c8b1aeec5f2f17baad5dfedb1a7b9fa9e28181720f331
metadata_rehost/778.json,1028,b7d5eecc86946412940ab870c443d8278bc9becb0973e7a52c04c4eb57c5bbca
metadata_rehost/779.json,1013,2f14cd2755008a8950105d50f2ebeea1146e1317d176f8e81958e1a94b999b27
metadata_rehost/78.json,1003,e4fb04669e824f5a8c87ede783b1e157b5375ad8a2b4ebcbaac54f051ebb4a00
metadata_rehost/780.json,1010,d040339efbf6750effda268a6cc087da7268879e15ac73b22c685d4feb20ee25
metadata_rehost/781.json,1014,aa96cb0030053446b446bc751f6e4345cec0ff6363a107ce6232180c253332e5
metadata_rehost/782.json,1022,889af819202bb6492cde0e1cd90eea183ccc4d1bd66417d4dfd1add93744af50
metadata_rehost/783.json,1024,d9b23a858bec621efda983a87cb8961ff606cdb70ba0cd775e6185ec6ae92635
metadata_rehost/784.json,1031,e7b9f8d6bdf7fa21bde60c61e975f0bd34376cd3f31b6bd1e1deb31813e04d8a
metadata_rehost/785.json,1024,13e8761b148e9febc0fa540db7b86e32bfe8d46dd921d5b7a80fbf0851fba236
metadata_rehost/786.json,1031,587b3f1d6bcdf819c12a7a7af6ada300a305381d4c2876a7db4b7d1f9657fa4b
metadata_rehost/787.json,1007,91d4c7ba757670004bfcf0c9fdb0b2ba5f1d36e08f1915eb701eb68d44631625
metadata_rehost/788.json,1010,52e2cb6aef927b01e5b451bf4426ac778510898147cca916a5410c7536a3c2e1
metadata_rehost/789.json,1013,2f54bd9540b3bf3140641da75a337a89af857553450e4e8602e8787b69bf77f8
metadata_rehost/79.json,1011,558e10733707a9056e0666673caac898e18612f3ed442b35b6f2fbbf6a1ce726
metadata_rehost/790.json,1022,9e351d3e1c2c484d44e838bb8ca6a3b5c7ecee7301e6cc3a03ebb194fc0d3076
metadata_rehost/791.json,1010,5336451725287e1b040de3e8904b883efff01ab0f9c0beedffea3f26b05fd7f2
metadata_rehost/792.json,1013,671a709efc2d33ecf3ba0f01dd10ed45b4b7a80bf4f6b9173f20bb6df66e628d
metadata_rehost/793.json,1013,5cb68c6e6c15a6f34725232c54216589fd8ecb364c09582abf8d5f734a8d3de2
metadata_rehost/794.json,1012,5033e637946b96ab348388b036d77f1bdade95bf45907068714d0aaf757797ab
metadata_rehost/795.json,1012,2b74bc7cfced13063d24c30f94396abe6048eb92fcb6710b0e2cd12fc5a44d3f
metadata_rehost/796.json,1019,c32e494e95397074333c3a73616629ba50c63de253c643627e2a31dc470c3286
metadata_rehost/797.json,1024,e9606ff6884b49b2bffad623160b8f2428837406e20e446ec0466c68d53fb6d7
metadata_rehost/798.json,1015,f3e7afa3930bfa6b682a2880f726c70a69234c88fb96c391c9e9d913acc0aee3
metadata_rehost/799.json,1010,2f6b4785497ca4240f1cacae529a131a3f7c83c3fd03fd88973ec014236bcbb0
metadata_rehost/8.json,1022,5fa350870d2c9c51fe22ca1234d661501ecb9b609eab6b080559664f7f160449
metadata_rehost/80.json,1010,2d7206fd51e03ef24c5ce430d4f22235a937ec628f1437e3eecab1bd71bb3fbc
metadata_rehost/800.json,1003,a6e5605e8bd5fa0ff5a5dd40581045a832372a4b3178002a94add67f1deb4179
metadata_rehost/801.json,1019,777ed678be5c49c9ef5b1988bb93e00531c359f26295607177b6eafe6e52f185
metadata_rehost/802.json,1013,8d504e5fbf9a89403dbeeeae395592eb912e08a64971de83ffcdbd700a70a59a
metadata_rehost/803.json,1013,55e03c0ecf4810cf2e06eeeb2cb2c9c9eae3d72590c41c3549cff2e2ab3e022a
metadata_rehost/804.json,1016,c47742b86c4727a7b9d72847ceadc7f358885770532c4b07728ab382d585ddf9
metadata_rehost/805.json,1021,d3a0e33e3ac31b173c93c500280a926ee84a63f920d849cecc5969a97ae0334d
metadata_rehost/806.json,1031,77ff93b872da784890ce907c3eb6d32fa616f20237ddd57529372f878d1a47ad
metadata_rehost/807.json,1016,e15562d386558c51a0240379fd1e0c30a36c32804128cd33303f04e44eb9cfa0
metadata_rehost/808.json,1019,94b1e327d84e97a7088a600d4fc0ca52aaa4dc02b6cfa013841d0e6c8e92045d
metadata_rehost/809.json,1022,f6c072eaf6025b27779584ab320499dafc64e398b53998daf906028a11d4baf0
metadata_rehost/81.json,1016,c2e1ad4950ff04c08158f111c919f404de9f32f258182132f1d0c45574aaae5d
metadata_rehost/810.json,1007,cd8bafc479f40e133e660ff6d305f5e497be35d24e410f450e2b0f409033a3e1
metadata_rehost/811.json,1025,60b6790b13a8ddb33f29836ae62d6272ba6cb53b12692e097fa2dec3a9dd9089
metadata_rehost/812.json,1022,aadfddfb1d6890115a0f3f6fa62c8f9dd63e9b64a0a5e74e4ff244f4be1933b9
metadata_rehost/813.json,1018,2862d4d91a4a8d370888bc2d568b6b8e947621193a63c4347e2532a001f6fe30
metadata_rehost/814.json,1013,e69b7e2f20406aedd5049b9d01325236dc9ac20cb273aae9a1b36dc460bbdb88
metadata_rehost/815.json,1033,341ac6ea8ff869b1841a1bb5272cd7bbfad41f382a546cf927658ac9bd66c25e
metadata_rehost/816.json,1004,d0a15cf60189deb13081b7b87d0ca68b39a5d89b0b647f12b9f95954ea554dcd
metadata_rehost/817.json,1016,545d752c0077036a76bf9faac8daa0b9435bcca22b633db67cf2f6ff3408534b
metadata_rehost/818.json,1013,0b9f9c276d00a5b632a274611c06c5d18993ebde705333b462375c98c092ace6
metadata_rehost/819.json,1019,3fb697c636adc96014faac33afdaa3d598891dbac3d1f4a46338a4ee6d13c583
metadata_rehost/82.json,1024,2a1f10b33e9d0fd6fa9fddb21492ef1f3b7ed2ab7d4cc1e2bce33b86ff40b1f2
metadata_rehost/820.json,1018,9db6d3a930f83d9cd2cf8cbae01200e2ca2ab08af982ff4717ea8a2c2106d4d0
metadata_rehost/821.json,1010,eed3c01369f8497e49cb85f44ed7f449f63f2891133e7dc325b4780a186ec6cc
metadata_rehost/822.json,1025,0e0ea2fbc72e048af0c1212287c141d0b4d8a082c0de73601fa6107356a8ac12
metadata_rehost/823.json,1036,9044936f7b98de2022ddf00d3fbf5c3a0ec3d4f22543c2dfae81aa597a674017
metadata_rehost/824.json,1022,414b91abf443324d8e00d5a6e42eccfd3383065fda0a8d209481d6c432878ddb
metadata_rehost/825.json,1021,5fc7b18dc82d801f3abb9ee0a6a77f43b554508b94ac86e9fa750e1e4e1399ba
metadata_rehost/826.json,1022,283f2ea37bf4943877fb8a5eaa5ee29a43582b40e8ed23f67fcfccca2b0898b2
metadata_rehost/827.json,1026,65b17be0ec88c81caaffc9a8cd8a1687c48b2808874dfc155a49e9e5a2e7198f
metadata_rehost/828.json,1016,969e8e06de7a2710fc7608c843df26f7ac83c69129849de3605a92899b128382
metadata_rehost/829.json,1031,1f3eed61e75ef4e302be5f758c712f9af6db8f5328f756952bee9f7d7aeba956
metadata_rehost/83.json,1013,520d69c5413fbc742cb067fff890f082e88ced4c3cb0b8d961df6c62e24324eb
metadata_rehost/830.json,1010,7aba8b726f672040b7bd4884262a61417a8ea99c9a2a719b318aab168a08adcb
metadata_rehost/831.json,1022,4c6026f8360cd8497f7bb3ca2224cbbea7d6c5a6c996aafdec4f155e9543be70
metadata_rehost/832.json,1019,9e04e325cda354c3fd72d03155d0f001c077e6c86aa825c97447920e5c615d19
metadata_rehost/833.json,1028,798f115eb6839217231b3b0c454f4ceb8fd4915749d1e770271a847e0ea21809
metadata_rehost/834.json,1016,38c70d7218d55fbf16e8eda9047b05fe5fb0fce9d646394369656b37f9d7f22c
metadata_rehost/835.json,1013,23c3598e9c0c15e0fc6ccd477fda9935b68f75be2b6db11f0177323850375d3d
metadata_rehost/836.json,1018,e928895dbf8f912ef351c30f18fd429cbda5b8f8c305c278d471042e48b3e865
metadata_rehost/837.json,1022,0c98a3109c757fa04e40c33aba27ad545e4af4c4ee56893640fc10ad4ecb527c
metadata_rehost/838.json,1009,804b9ecef63228b243aa14a062d1e8f266ab6f19cef617eba1f659d80bc29145
metadata_rehost/839.json,1015,261bc69498de83822f45f392a85c2403e02709a607ac0762f00df7e850e288ba
metadata_rehost/84.json,1009,b2162a5174ffba285085bb7fb7de6dbb00083e651d088ed263e9b5394b310aff
metadata_rehost/840.json,1007,49ae9939a521427c6d0a4601441184178228a631258aa6b567e29905b8c2030b
metadata_rehost/841.json,1020,718dcca0497435cdd03f8f3d763b255939c1e94426609f77e0d19be946a81eb1
metadata_rehost/842.json,1031,823b61d74c9247500f5ed27428aa39765cfaa9457c15f4b4ff7d0f9f0422c2db
metadata_rehost/843.json,1026,a676570746a0fa355632a8309362689092339a3a9f27f665f8c9128aa1f6b788
metadata_rehost/844.json,1010,75b99717c74cb2e1d453b9271d974ba2f1985e4e633fca345d0e010a92ed0fab
metadata_rehost/845.json,1007,6452041947358d939483f9263c9f856f9461fdae7395fa8f31960d30dfee6cbe
metadata_rehost/846.json,1016,86be4756a9352708f95d9744c880cbee2f5de24fd28ccd44ca5c61cf07467e2d
metadata_rehost/847.json,1025,25ccde89ac629b8ea5a16668174dd4d4faba2b7d7422b240110235c0b528439b
metadata_rehost/848.json,1013,3757a7fc703d62f2376d9dff234ebe4da235c2138f02cb854e781f46fda20691
metadata_rehost/849.json,1030,acfebefc73813fb5143e3371457546f46fa1f7fcc5c5a9bb1c6bd193478ab908
metadata_rehost/85.json,1013,ec9391518f5decc0bd9999941db055c15e7cb0e475cc7abb2b10320256c872c6
metadata_rehost/850.json,1007,07fea92dd03442d9356b51c066c6f9b585a67e1ddd11eefe56c3995f8669b3d6
metadata_rehost/851.json,1007,92b7219ccee48587051699bbc80c08377781c961b33077be2679a851388a3242
metadata_rehost/852.json,1016,b54b935e240bd53e35e486c8719f9d8ba7a608efd914992251134698aa396c9c
metadata_rehost/853.json,1031,a3ff12cd504d0145524f031c58586c189923d72e666783a56445979a7d1a0abc
metadata_rehost/854.json,1028,213005c8f734b206498326bc551af401b43624608826b815227037b9e8aa9c99
metadata_rehost/855.json,1007,c96f992241e5a6052bc8d1ea38f0aca6d39d97441d4813043e13231a352ef642
metadata_rehost/856.json,1007,457d5eea661dd834ef311afc908742de63f336e0c563b42a6381b4b92f85e566
metadata_rehost/857.json,1022,7bff31d488f1403e3ed7a6b21ee767a0e078873aee82bbab2dd307544a1a9c9c
metadata_rehost/858.json,1025,679739c7e3730a8d864d8a660f060846eecae411c83ded61975d44ba796d1a9d
metadata_rehost/859.json,1016,5b1b10f867439aa3fe2af4f7dbc3deda32df325b960ecf247b45ecf720c45619
metadata_rehost/86.json,1015,0393a7c63028a99ac63f70be99dbf5b3f58891835c17549fb27ce3a4114f6877
metadata_rehost/860.json,1013,e771f72d21b792b0c52b64938e831ccda34db9f038ecfe6b70dd6bcb48e42bbe
metadata_rehost/861.json,1023,514abbe29e4acaa12b7695af9f2a8e3efaa75771d3ecfdd14794330da14964c9
metadata_rehost/862.json,1007,93f3ac86649d846f7ccef84f455767a9b74db8e6fbeac773d3e17ba58d4438af
metadata_rehost/863.json,1022,4744a858cbb661ececf01c335185f2ba38aa4961ba7622b1a3bce6fbb4f88aa7
metadata_rehost/864.json,1031,ef6eca7a675f1c14769e5bb5692f623c3907fc4f734c39944be0b7eb4bf227a7
metadata_rehost/865.json,1004,41a521c2a12f82d919488bf4dba6e42f500f5677b3660bfaa341954b1d9d0ed0
metadata_rehost/866.json,1018,ff056ce20d57450de0b655ed9c1abc7255c404699a8e725d24e81f727e6cc432
metadata_rehost/867.json,1025,548987235c77dfbbbdb8a2ee688bbc5eb561d583bc994ab3e78c4efac46645da
metadata_rehost/868.json,1027,d3fc7bd2166522c2320228ddc206f96114c82fa7f53b58f7f0df20470fe51323
metadata_rehost/869.json,1015,27d7a0052bd941e518f2dcc1a123130d8244cc93c6deac7c8598fea3ddb39baf
metadata_rehost/87.json,1016,852577055aa2bd2b0307afd712bb8ee1bd6b8a2c8f508bbfaa6bd2434a440875
metadata_rehost/870.json,1012,a30a91b69c668ced83ba4a94eed39dfe52bfcc2c4e8609e01ec112ed4dd85e35
metadata_rehost/871.json,1013,ad45ee6392e074e9d9b1ebfd5fd00a9ac8978bdcf7a02ae2ec0f2fc8bc034129
metadata_rehost/872.json,1019,f11affcf91f095c9044a65b95dd5c83213db4295a7e8baaea61fb84113a46190
metadata_rehost/873.json,1007,9d19089dba806b66fbbf69eab68d23638e94a03e5fb0c8131d6e754d0eb377d0
metadata_rehost/874.json,1024,d00c91c5120c04b7cef37f5075e48ed1ffa752560b719f0ec364c5650b71266d
metadata_rehost/875.json,1021,523fbf0cbae28c09a46dbaa1a48ba6c04d09c1ad2baa97a7e525ba11d07e8fdd
metadata_rehost/876.json,1022,28f813fa278a632325f35a42221bc379a8f20723a22e5c0b5278db91a3ac1a27
metadata_rehost/877.json,1023,2a9d77d7df443d345dbc03596ba39393766f244bf2c146b1b9342c736af6f928
metadata_rehost/878.json,1025,9e92c237b496662c47d822d4a6f167e23daba8c72b92de474d7904654fd95b0d
metadata_rehost/879.json,1007,10a7c17d40aaac2c467b7ea6559ce1bb2b79ce54042b2ce3479391077304bb06
metadata_rehost/88.json,1012,a44e97269172f764a93f0e82232cb3532f6ac84a5ed31073c5be270f65a85ecc
metadata_rehost/880.json,1010,c8e323f619f23941551529fe2440b9fadcaef8be05af70377dfcbdedfb5004f9
metadata_rehost/881.json,1017,86790fc4d94d095bdf7056a5eb1d22a8a23f9c04f5d5daeebdf34529bd19e588
metadata_rehost/882.json,1025,7cd5b460777eea613a13511e590515a969c86eb763a75d52a473d11efd7e8bed
metadata_rehost/883.json,1022,a44b51fa696d630b12137d0fb1c6de113f7b7de035164b31d3bca229e2c3ef45
metadata_rehost/884.json,1034,efeaac6bad1093360ad1d6333ef642348674cad266bc30bcaaf155a4121e6967
metadata_rehost/885.json,1027,24d57b85fdb7d4303eacea2333681bac45d8250c2bb4be3e8effe9a789f68f9a
metadata_rehost/886.json,1019,8b11d89ffc7a2021de90e6291e6594b9c1c3d25d16114cc3e621b8fa6eebb5f2
metadata_rehost/887.json,1019,90d55b4d599425e121b6cd8b87826168268a5a6f7ce3388e8cbb096f64427452
metadata_rehost/888.json,1010,1114a9e1b22a8da90596609e40e6764507ee5848770b8a21bb314736e04c0468
metadata_rehost/889.json,1007,a3957fcf874e2c680bd6bf29caabba2e16d96f93e09998c9a9599a5cbb8ac9b6
metadata_rehost/89.json,1001,df9931a9f2d28b10107b07c33ade009f5aa62d6ed0228b49a00ce1ac8a77b169
metadata_rehost/890.json,1016,2fdee3033930d10b88502ba3aa415438614488ad8e0f01bbc05b508286f4884a
metadata_rehost/891.json,1022,4cf38eeab1d212f2641291b094f2e9269699dbeb8fc6fecede82df47b63534ee
metadata_rehost/892.json,1016,4fdf2cf2790b390d10dfe9811304ad487aad4fa761073b25ff289dd54bb47bcf
metadata_rehost/893.json,1019,be44c24a16273eb9e59f47bb9a8af47244dbf6f62c6d9139bec7b772d41b99cf
metadata_rehost/894.json,1013,b78929d9c7e6b0870a4ecd2827d491d9f108da2f24d91e02e86e33cce0340480
metadata_rehost/895.json,1010,03df60161640ffb21f4819b57c50f4e24d8b26343b3cacf88f988ac55efd1b1e
metadata_rehost/896.json,1018,f2599d22149e28e4e1d6c7f33448cf3d200ab547f3918121b04670e3a6343899
metadata_rehost/897.json,1028,a5c3bb4b0333d0829d599e32ee2a817ced83ce28abbb7ec88a2a22e08e103db5
metadata_rehost/898.json,1022,3d7a3d8f4805ce869453431e646ee92feaf68e216de1b55b8d3e9b43c5241718
metadata_rehost/899.json,1022,6bb68a9820f8f3830d29956b1b5c2799f464c31b435355e29da8105e05e9a6b4
metadata_rehost/9.json,1019,fcd54fe1c167ddbbfa69875f179a27168ee595c4bb4f9882b9f71370ee839d9e
metadata_rehost/90.json,1022,c40f1adb9c53e137cb16df567ef9d66676df5eacc37a8e75f77a32da70cc3b18
metadata_rehost/900.json,1016,8b81006d403741428e7d90b56c031234b1514dfb909ad32c1c639815c8332c92
metadata_rehost/901.json,1016,7aae58e156b6d7b6e9fb7e8b0a5e51d342a64f36adf40aed4fd2e7ad7e92ab6d
metadata_rehost/902.json,1016,d17c2aae9faad4feb6e45b96f8c7f886aecab0ee41577817a2de94be8722e2d5
metadata_rehost/903.json,1022,2b9f16c10e50253f96b51e45be02fb62f5862fcefa72ca43f68f3d5a657894af
metadata_rehost/904.json,1021,582ab9b2d245e8835a891c1a1864c69f812391203379a32122095b012207c8fe
metadata_rehost/905.json,1022,ec47a784df34a0ca6b4104736e07dd55b0747a28e8a469c9f5ac84a4b079f51d
metadata_rehost/906.json,1006,35803589a31a27097299b6f0e50083074bcd11cfc803e3c124b731ae9e19dba2
metadata_rehost/907.json,1016,288f956102c382b8d3dced364d8753d7565bfff325c151ca280bd5492a0114c8
metadata_rehost/908.json,1013,c0b09869f04bd7df8dab903f2e3310e175db72541101b7893f2fe038b381501b
metadata_rehost/909.json,1025,41c1f532b52728fb6a21264e577d6e252b3a620fd6aecd52dd7a3dacc23d1c24
metadata_rehost/91.json,1024,43c12cbc7787e66d7038122893bc7ddf3c627b0fb6a09348521a24763b1dadaa
metadata_rehost/910.json,1034,76f3c9859d193afd6b17debf56ce08f051b09512a5166b4ae61ea74b47891d12
metadata_rehost/911.json,1016,82abbfb93a0bbc03411a0d9a731219a625cf96d11f846b7bac4a40c42b743695
metadata_rehost/912.json,1037,ecc42acc63b4d36deaf104b795f92944c7dd5f6ae8409efa5a6c885251fdd858
metadata_rehost/913.json,1004,3bff53e1f6ed1fccee11afe686822fc2fff543e2e03fda51748076d1cbce9f9f
metadata_rehost/914.json,1030,701d2d76bbd69d58a0cd5100b99827528e405b670e874772a52a65fb4874d369
metadata_rehost/915.json,1028,7a06b14ce4fb2ca63c02caf56816eb0657070fc452969c97184a6f5c6670337b
metadata_rehost/916.json,1010,26b4b91379e873f00ef46e6e6721374812b77191aae0f3b008a81a2101e1c2a0
metadata_rehost/917.json,1028,3b30937250d3c85c0feb1c55550500dbcdc395cb1f7e17b5e67dfc164a1003fb
metadata_rehost/918.json,1013,6fafe80346bf5347015250693695451bbbfef0b1c98f35dc5227ad10c872f280
metadata_rehost/919.json,1019,c5c4d18b9f9d26dee4901e4acf9f0e5a8a38b6b5631191d849a8b3086aa71c1e
metadata_rehost/92.json,1013,169e63178cff08665dba63b6b02535d6270eb7358d7af5c3ef93723ff10f0d65
metadata_rehost/920.json,1019,06c3eb9eb926d9795a9d506c65c41f432ea848e58d3ab572cfa977e79cd3e2d9
metadata_rehost/921.json,1024,f2039a836fb5c9a5b837c665a4094c5614a73c039b1ea68ea15cbd708137cc36
metadata_rehost/922.json,1022,a5cf8cc49a7b3fc278907e3dd7e20c27cbde5d6da65ac6754a797927a4e37e47
metadata_rehost/923.json,1010,5854eb544054b86178f358de6581acfd0bcfe2533dd945ab8a84a31a4858848b
metadata_rehost/924.json,1016,39ed3b889cf4b93f40074521193667c7b326039bf365b26cb05215fa0f5e5a76
metadata_rehost/925.json,1019,e74f1c9ba350b7a79422a0557809a8482de4caba0bfad0b79c4806bd28075a4a
metadata_rehost/926.json,1019,51b83e7c9ead939c58b6f98739023d307563f43cbe1e678954f58d2ba4207fd8
metadata_rehost/927.json,1010,b65f11ea4e06dd1cb13e9a5a5485ca263244fa275300458116507a0b2dfa76d7
metadata_rehost/928.json,1025,c036a6b2e4ee35577d9f2bb1c3c2c69714401d48e206153cc82500a0ab90643f
metadata_rehost/929.json,1019,43cd3ef35ea3f171fe7b99f40b0abb7a16b3cff55cbbbeac8df04cbe32fb495b
metadata_rehost/93.json,1013,b444cae71bd99f002e713273c1de81380f81d0d9df0297b4ec5b2d4e70d97d2d
metadata_rehost/930.json,1004,9b85fe175e667d01e8705f2bea4787cda813a6b3adc0c6a4281afed16342c241
metadata_rehost/931.json,1031,7a1643aec6fbd0b70e947c8eeda1644dd00d4488a88a42208b5e20ebb26ac3e2
metadata_rehost/932.json,1015,47e0914062763c60e1296af61e0015c7692a81e06f5f28eccc394c0ad7f263d3
metadata_rehost/933.json,1013,041b214def666ce6af4f95ac524537190d2d94ba82816cc75c5dff24ebb2fa20
metadata_rehost/934.json,1007,153c953251dbdf13119628c46f355abbdf742ece2b6b0dc4e73df54c756be40e
metadata_rehost/935.json,1025,19c3c5be883b809459700d00d5c0c11ce7f2f4bb8c534c9e455bf806645b372a
metadata_rehost/936.json,1007,6f8dc999657945fe57c37c8efbfa659cb26a5f29a6017dfbf9f7ff58566f3955
metadata_rehost/937.json,1031,0ed4d7cf47b4e9aa8528c1bff9b36d1fab35fb0d59899b7138dba59d9034c4bb
metadata_rehost/938.json,1026,522d5a989f91f17108890e63f5d7362decb5b5d8388a4bd3014d152de6e3967c
metadata_rehost/939.json,1023,67ac702d7c4ac8d057a8029e03125059d3cd310aa81bc64cb3a717a2c57be93e
metadata_rehost/94.json,1019,729b3849784ca540d22be08ebf9a8a8a8edb5d2f73dd1c93a7cbe6e7f8e1140b
metadata_rehost/940.json,1010,e8c8ffa5531bef4b95c978d49cd8f5052024e3fea350105f9e22d6a18c199876
metadata_rehost/941.json,1010,64d748f0c477ba439a6e22c0c58fa882ead7ac82c70f4510eb1f8210c4132fc5
metadata_rehost/942.json,1040,3781697fececea8e5cf034210f4761b7ce1ea658aecbea41ccae4a62afacf7cd
metadata_rehost/943.json,1010,230d4e279f417de5f0b94960b630e03373300b08f910d59d80f238498e81fc49
metadata_rehost/944.json,1005,e14c57ddbdfc3f5f92b503a1e64d720bc74809ebc5447236438e089a9ad9a75a
metadata_rehost/945.json,1015,eb92abf14bec58c8d77cb90161ccd5c5aebbfb1ea8f43656dd0c1d58db7cf374
metadata_rehost/946.json,1004,821cc496414eaedea000e710eec15b657c7c3cd3a98e5db69a52bdb4e1b829e1
metadata_rehost/947.json,1000,a587c27655ae49676eeae96069dd92382de9934ca5f549358068edfe8bd3cab3
metadata_rehost/948.json,1010,fff9238992b7bd160794d3ac87df06ab573eb7a0c8ca8c53c31286faf4a36aa6
metadata_rehost/949.json,1004,69efd975f86eab1b5b46bec3b33ced1a80f75a4e023c90311861819cf65803ef
metadata_rehost/95.json,1004,ed69f76af3083f63c090b0df78e6dd4e84475b6f87dc20b5560c083e132653b1
metadata_rehost/950.json,1010,352d95675dd55a8701be856f2af79f28c2c3107959535a0db7acdb18ed05f206
metadata_rehost/951.json,1016,585d8610d0599dd9309d30b71354f6374ddecc3d4c0ae8c3d3df6aef0e06c556
metadata_rehost/952.json,1040,4a4a8d03220711da3a043a75f7ebade4e11e368ae1adb4e5e0c96ef928540911
metadata_rehost/953.json,1015,a3d55437de5d6ea5e1ee42605ca801a195ad4b295145692a254e49491862852d
metadata_rehost/954.json,1011,711830c6207d229773fa60579b978a89b137f1147802c5c05b3ab4753f8ab93c
metadata_rehost/955.json,1022,2c4df8d6ddc972c8a9a16ae59d4f0c1517f85e16fe5d6728a3cc14738e711e49
metadata_rehost/956.json,1025,2dbb80bf54654a03aa97c4d04fa5056a98f44117f3bd982a897ee4cc09203eaf
metadata_rehost/957.json,1016,46310f673e3d6a0ca823995f7a48af2311f7e3b48c8f35c9e250623796fd449d
metadata_rehost/958.json,1007,d16c08e4d634147f4c29e7dc28ece1bb2ed1fbdb789fb0cd0b20a57e582634f6
metadata_rehost/959.json,1020,3f3e2319a243b37a918b39639adb6729a6d45449a620588101d22ce27a17cc52
metadata_rehost/96.json,1031,37a0596d1f73c39c88c2d2e674702d489a518e4084ac8170bbec0f3f3d62cda7
metadata_rehost/960.json,1005,d02b1eaf228b302f7f0323359715e87660a5893eca828744bb4284e413d9a62c
metadata_rehost/961.json,1025,28bfef92f3468f3c4ba3c4212ad11d1c318a002153bbdd2b5590fcfbcbc33b83
metadata_rehost/962.json,1010,781187ca9562be73b75a0ca8e4d8c2f7b048e75bdac9deaacd9e96f04e6db5d7
metadata_rehost/963.json,1016,470a3b0ae22423a6324971f046efb381af7cbc1500d1259bcb579b90ca77c3b6
metadata_rehost/964.json,1022,53b0bfb4a823f278231cb6a591448af9b5aa919b8a148ac8bc67851c5d0e23b1
metadata_rehost/965.json,1022,60349b84649d201adab0a2c7c18760145cb2bcefdaccd11cdef1c4afd3985a00
metadata_rehost/966.json,1022,8a6df621b96ccd2e421151eef4397d148cbf7181724b46d7cfd84710ec00692a
metadata_rehost/967.json,998,06b34472aa4b117ac24ab4e8c6b05edfbb066ba4277c298bf84ee69f428aa554
metadata_rehost/968.json,1014,a2e49704429374633d8c08c5881ea1d365d76f5e49cc7d9c846a6dfb8dce9821
metadata_rehost/969.json,1018,cccbe9f5460b9eca3d5500732a4d44c1bd7d6e1e3cbc907eebb9f24ff773798f
metadata_rehost/97.json,1013,7b5028ed21bb74595e85cd90d4ce42a62b296bb949afc23786038a8569bcc80c
metadata_rehost/970.json,1015,4f12744e4a6fb2e3357a7e9d85b9b02c3f1a19a08dd4a6ff794833c2df72e633
metadata_rehost/971.json,1016,148853e92c5e1ac61767cdd62d9fecb949d97da011b2743aa5b208479f78ab01
metadata_rehost/972.json,1016,e814e5774db39d7d7d44d0b74594fc724e04c7f20cb61e28379ee5ce13c90d27
metadata_rehost/973.json,1016,7f73782018c60770e6bf605d556ddd0a5b4ca3bb10fee8bfc164a90db050736e
metadata_rehost/974.json,1039,fa54c5c137a861e3018b3ba51613135fce6cb5c885124623bd420e8ecd1c6c66
metadata_rehost/975.json,1022,96bd5a2bbdb7a2c65bca7b4635bb20504d359f1811feb3e586082827f2346f99
metadata_rehost/976.json,1021,18a736fbf9662749fbdcfc39c85f5f852e75ad547acd69a9158110ba1128789d
metadata_rehost/977.json,1013,82a7f00e844a340c5e9a96530d349910099ec35ec38505532fd065abbc0d1b41
metadata_rehost/978.json,1022,0f5835b286c58198a72f0a0565a3f0c73bc8ff7cbf66d3e8e45b9200b2df185b
metadata_rehost/979.json,1019,18a59a3983a57cb2d037e97e71875e5ce0646f10c1c62652b0a4766aa6104581
metadata_rehost/98.json,1010,e947c9046421da3d24eb1ea9e5361132812c2707ba9bc278e87ebfa89795f771
metadata_rehost/980.json,1016,a56c133f623b432973797862431d8973ef3c6b22ab6f2f265f9ca3c8bf3734a6
metadata_rehost/981.json,1010,92e9f4f9ec6d5aa38e5b9a440ba422c15c321a443965436ebb2fc741dfb18771
metadata_rehost/982.json,1014,17293a83b2569b8957659cc8b51ac4dabb3b7394e0032846a3e8cfd664fec055
metadata_rehost/983.json,1028,d60c0aaa170c869694e073e2b6d7fa0283ea9c49d396474d6bbad51ff0703e30
metadata_rehost/984.json,1037,a6021f3009847afdbc616f1cfd000540a6a2fb3afaa4283e25956dae8fa3268b
metadata_rehost/985.json,1019,441c8b288a0b3099027a6c886de466b6c2cf8675dfbd552fea482118cb8cd7dc
metadata_rehost/986.json,1013,04551c2b1a7fe04adf0ff57656d6237220b10be3697cdd46ed4bf56abac589ea
metadata_rehost/987.json,1022,2da55b15716b2224d4586449cfe13cbd0f5b1ab200ec1f613185390b1c41968e
metadata_rehost/988.json,1013,61cf583f499ffe871610209005b92efa5ed546c1ab10ffc258c73f8a91c51185
metadata_rehost/989.json,1013,fe5d30b43ffa31cb59b21848afa2cb3f99fe7a8d28ddbb93f4179b99caab76e6
metadata_rehost/99.json,1034,00d56ab79d43267440e258a5d636cb853da969330c0b2482a5f8044d8fc9c4b0
metadata_rehost/990.json,1022,8977dd0828ebff4a3ec548c7204fa33d875006c5b94572ff4d780bc1f96dfb46
metadata_rehost/991.json,1022,5930d23482dd376a525891c947cf4bcd5c2ff7b785e1bc8d900145667da20127
metadata_rehost/992.json,1025,b34e053e9b2ad9add2976f99d9295cf6e71da7a222fc9101337dbce8b4bdf652
metadata_rehost/993.json,1016,a9bad01f3b52ff11570ab46a73992c19c6a5b634bbb4cc105a2a7ebc67283137
metadata_rehost/994.json,1022,942099dfb4d36988e35403fbc20ce1e5a97406e9df3674df3527262da2e6db4f
metadata_rehost/995.json,1023,48dc847a6c4f899d1fec0c2e4e0a18d84d44b6b34de2f5e139ccd6fcbdb2650c
metadata_rehost/996.json,1021,832f2bac0408daa5a5e601c96d0d0b30c4cce1953fb46ee22ff74ed93b3e4c4e
metadata_rehost/997.json,1004,d71431d2a01cdfba2c78f3e1f1b6c1049dfe38773c23cfde70a193b42db38220
metadata_rehost/998.json,1022,14155b86a368ac2fad53404521f074ff22660524ed3c88427fa6f1cca0fe4457
metadata_rehost/999.json,1018,40eb3799ee23ae2478c7bf61088b6bfb68e9ed92321dbdcc0d29dfbe6b2636bb
rarity.csv,2531,30b9cb41bd87ae12473fbd5732c27419fcf44671172230056a9ee5f548fe6bcb
rarity.json,2242,f59a685060069814209632f2e764839f48be07accb97ae367005139f6d461aad
raw_ipfs_metadata/1.json,1162,d909a7f9ac3da5eebafdf4695c5c96f4a3ba6948c09fc5eb63968222f3550276
raw_ipfs_metadata/10.json,1161,21f17b19000256d5e17a757343c19bced9b24671369b58f312914f668f08a7db
raw_ipfs_metadata/100.json,1158,d377eb75e3165086b5d56bfcd763c40c06c3a77e3f2cf9fca7c3510517a2fb73
raw_ipfs_metadata/103.json,1153,d7e50623d9b0c52172c58b91efd570b7e83360bd1daf82c189ab6e624624c63e
raw_ipfs_metadata/104.json,1153,6f77cb181337df45329010fe47e803914452c5dac64690f8fdd22a30deeeab2a
raw_ipfs_metadata/105.json,1150,12c0fa451727ff52136b88154b4727579f8a489119e0c2f435fdea1b361dfa1d
raw_ipfs_metadata/106.json,1162,cc6772cf6f21422780a3a1dd2e1298b9da2cd8720bf4b389724646256cbc9d31
raw_ipfs_metadata/107.json,1159,0aaba05be45dcf229a06b0d1e3066dc37c45858a894268683f3ae04c949d8810
raw_ipfs_metadata/109.json,1162,80165e55e6e8a130ebc75b4780025a31302653fab380fc02cfbab0ab72a58107
raw_ipfs_metadata/11.json,1140,94dd53f5777fb0e358ece0e55a860570d98647d3f38b825514bba748ae367d7f
raw_ipfs_metadata/110.json,1155,4ff909235263f6af2f551fccd36758beb4d1596564b93050227c0d2df9edf943
raw_ipfs_metadata/111.json,1150,d47461f92496358d329c42de3cfe8ebc9f23e17a587ad723954c8375e098415e
raw_ipfs_metadata/112.json,1159,3de90c831f4679976693ff49ed5b82b645fe2ce006a08ab8af5332e8c0e9f73f
raw_ipfs_metadata/113.json,1150,b53ec6e048e01544c5f34687d485e1b4cddadb584a97198b1c8da11f8e4100b2
raw_ipfs_metadata/114.json,1158,7deb7b57683e916d72a17ef43ed8bd8bdf4836baffffb352a5c265ae384b969a
raw_ipfs_metadata/115.json,1160,f099efe0ad18554403767f6bd22c910636cb51b82758eeb0bf267754d3846b30
raw_ipfs_metadata/116.json,1153,42b64b7f572bb1d8a12bc9a3ccb65808fb86604047f7213d5563df2a5148b4e6
raw_ipfs_metadata/117.json,1153,b787e6bf15225c09200dc53c628d0996d0507ae7b07710b5cafe35ae352c540d
raw_ipfs_metadata/12.json,1152,2b93be62bda65fea66ad18dccc265f6bf14793a899d52406edd6b6b7b3b3a9d8
raw_ipfs_metadata/120.json,1165,d198e610f0af085f38fadf55c8f769744ddfd9319aa1a224c4a4ffb8f5a46589
raw_ipfs_metadata/121.json,1173,bb0a1be27e659963f39f0df7ad2eb025cf85a5d22b77ea5374bc7390420e4eed
raw_ipfs_metadata/122.json,1165,adb3ad1b75482f40a2be740bfb20089bec2ebab27d216863d9faa25fea4660fd
raw_ipfs_metadata/123.json,1144,784c7a0cf15d0d7395755b755fad2d71f70b1071c9e01c1bf83f17b93df18530
raw_ipfs_metadata/124.json,1150,a182eaf001a8c4896d39d26fb1ee2d7bf76bec2a1dd73542fa623e136bdaf2fe
raw_ipfs_metadata/125.json,1168,091983f0d01c80728a146b565083496c6a7c725f17b0cd12224a077575283977
raw_ipfs_metadata/126.json,1140,cf1cc82492db3969b7a92e4bcdecf86084298060a7a90ac80f1dbbfa31df9a63
raw_ipfs_metadata/127.json,1171,dc84d08a7c35d22f20f3f35b87df91a58496dbd3fb45c0b62a65202a9c57b6c4
raw_ipfs_metadata/128.json,1152,adfd6f1c3dffc488c9202f690baf6f652a8bd1786b778d33526150008e6deb5c
raw_ipfs_metadata/129.json,1150,305cc7e6f95964e79cc666e376ad3295d60d0ff001eade47353a83aedc5ea708
raw_ipfs_metadata/13.json,1154,fb4f8f895bad0fac973134e812f7bf03e4b64be1b6d71949c2f98c1e58e071d7
raw_ipfs_metadata/130.json,1162,d2f6c1a185e8a3d57c1fee7a37ec8f21dc1d0a6e8211b5e65d835f2dd77e7f63
raw_ipfs_metadata/131.json,1155,a1aa9f83820a490d6da318fef5a38b350e086a3227679f40a712bd1b6a7dac66
raw_ipfs_metadata/132.json,1146,15bf06c901fcd858109799c23e3f344722fdb4804ce50784e292997d46b8d72e
raw_ipfs_metadata/133.json,1150,55db2291d95dca1667be1962892b6a97c1757ec0ce9c5bab5663ca4b97ddc49b
raw_ipfs_metadata/134.json,1167,558a57ef7bc1ac0fbb7976e551ef3d1e80b22bd84dabef832eec8ba4c4d2a576
raw_ipfs_metadata/135.json,1156,86bcd7c38a5db0832a8c946239a484f4e47f792de256d982807ade30a451c11f
raw_ipfs_metadata/136.json,1168,37dd46e6569d2184e9547aa7dba0478f4a065ad8746f61964f47c9f2b2f5092e
raw_ipfs_metadata/137.json,1143,ea375b04c7704af7558c22d9da52149271a53933606146c8dab5a5d021ddfbba
raw_ipfs_metadata/138.json,1165,3b5a6b7f6a5ca1ce12f21c0ea7c982e7f68511cd5735dce4e1faef0f5302ebe7
raw_ipfs_metadata/139.json,1174,7e11cf3cb4342449bad98453bdd3712c25e0fc4c434cd38be51ca47bc4fe9eda
raw_ipfs_metadata/14.json,1154,42a885605fc27adcf25bb137032eb764092df4d2d78dffe0d88625e14a06c045
raw_ipfs_metadata/140.json,1175,2d9ad83d5b4b30ed5dfca04298590c69ef58b911d8a71ddd8c967f90424a07a8
raw_ipfs_metadata/141.json,1165,3bfd8712f5ab4ecbb9a7caec59ac6ed92da8b45ef8cc480d3e61707a4b70aa24
raw_ipfs_metadata/142.json,1159,7f379cf25a9cfbb1ce43f9e4dce305fe9c5c7e488b4fe96bbfbf686e10134501
raw_ipfs_metadata/143.json,1146,ae8b19d058982e10388be77b5a92f2abf7a1551d6300f5f53bd53068ec5e1e63
raw_ipfs_metadata/144.json,1159,b5fb9521a04aaa476420b5b53a23f44eecdc177d1ec62cdc97075ebfbb456249
raw_ipfs_metadata/145.json,1150,82f21b33dac52fb4e96e422cd90b7f420fd91adb9e60b344cddb6418e0549961
raw_ipfs_metadata/146.json,1186,db83a6e0fe42862cd0c4c90ece88b2bd1a81ddeeb1f887a05902bdc2a913bb5a
raw_ipfs_metadata/147.json,1162,318a10cdc5b658a0e754f2425dfe9ccfed9dc11939df0399afb7c58b0ad2cbf9
raw_ipfs_metadata/148.json,1158,720604ce7d93d6fea1e89b06019508dfd4b12589c680042ff819c848923927c3
raw_ipfs_metadata/149.json,1161,dd936fe9259a885c5828bc8d77f34b9bda448e1f3d22aa6654cb92d54f8c6429
raw_ipfs_metadata/15.json,1152,7a98c311feacf777dd553b0f7872d0f0164add5ca2f1fb1dc3a0bf5c65f69139
raw_ipfs_metadata/150.json,1161,9df81f51c876991ddd36fb38f27b72c7f14931d3e9b5ff9a2d4158e185b19151
raw_ipfs_metadata/151.json,1156,2d768a100cbc5b72fb974007f7226e5444f949761c37509d181dae73e6637342
raw_ipfs_metadata/152.json,1156,e05d09ef7c49b1c90b51782b70667f0f1b8891c5db8356212fa2a4beb3ced6f3
raw_ipfs_metadata/153.json,1157,c1cd1cebcc6e07cb19dfeec7ec9a8c41d1f814ad3413e1380a57da373c6a1323
raw_ipfs_metadata/154.json,1158,8fbf6df5924545ebfc3fd7db89116f2382d640fdc0ace6f7fb4eb4aa0e01cfcd
raw_ipfs_metadata/155.json,1167,40c3486e10570955374713cb828b8b1250aa211cbac4ee4e7b79e50c4b89763e
raw_ipfs_metadata/156.json,1147,82a0a8a46b46423fd5c822bd6f1ee3a151a49f726c75ee85c7103c2a62d1b08a
raw_ipfs_metadata/157.json,1171,c48e17e55715699391ef27a9910eb29a2936f0f9ad1f25581f7ebd69b7c67972
raw_ipfs_metadata/158.json,1170,02bd4fb118635a831e936682396e61e272cb2b07d5ab8b03c2246b10f84d2029
raw_ipfs_metadata/159.json,1156,fb2b66fe68d3ce5b957184d0b884cecd865472ccd4fbee8bca1b75bdc67d80a3
raw_ipfs_metadata/16.json,1164,ae690a7c83e7c5984868711de2bce44f8a1398f6c3becbf2eaf79e52e055f3dd
raw_ipfs_metadata/160.json,1165,270d831ead6159df86f7faf391600db393934eb50558e75efcf4b0d7ba9d915a
raw_ipfs_metadata/161.json,1150,8a8bd1a2d5f866ea3e2c41b2bef8beb18188f658af155aebd634065797d40677
raw_ipfs_metadata/162.json,1165,0fcfb65fcbceb7756dd32edc81e38dd5e0691dbcecf0d2a0cbad3baf0c7d8d3c
raw_ipfs_metadata/163.json,1150,22a51e49dd31c141f885db5689ac95930273dcf8aa97385a7f8c0937ebafd8e5
raw_ipfs_metadata/164.json,1159,c78667ce0ba48c297bd2ef56c97fac48693e54bed0d455ae74b9c6a6f5903aa3
raw_ipfs_metadata/165.json,1156,5288f5e68c29477a235a7414e60bb0fd342cbac2396503e347806dada1c069d5
raw_ipfs_metadata/166.json,1156,852507e2df8cb1fd1984227658d0f05f2e8d37bbd6101bdeea285f09272667c4
raw_ipfs_metadata/167.json,1159,448b84f3bf0e6add5d0e393d139a8f47b7b2791f477d2221f7fc853e3c41fd16
raw_ipfs_metadata/168.json,1153,32aa64655859b0553ffaabfe57b70e6f1fd1ad0d81da209ac419a2fbbd36473d
raw_ipfs_metadata/169.json,1167,a46036368abc03c39904114a07591062a59d385925769e3843b93181fb335316
raw_ipfs_metadata/17.json,1178,d52efc75b00813449ca255cd67b8930da45a374ed6e725ec96dbe7a78fa811a1
raw_ipfs_metadata/170.json,1150,6788aa55edaa6d70aaa7636820638228735c3ed4dd0e01db0c59cd022763a571
raw_ipfs_metadata/171.json,1156,2bdfb5c5bd47ee60f62af20bd29caddd2e106cfc1a960094fae8a5533f912ee6
raw_ipfs_metadata/173.json,1165,a0ad771af50fd2829108cc6cec42cd9c4d8ae2c5018efbf2a4ac96b8a949219b
raw_ipfs_metadata/174.json,1155,58578461ae8fcf71e7f00a37acbff55353a9a42c5c8033452b342390d0463e38
raw_ipfs_metadata/175.json,1152,65c1dc2b069159fc34fdce2de12251d44ff18e3346a91b6338aa66bb536f2a92
raw_ipfs_metadata/176.json,1155,ecf600778ddd91541fa53d71f71376796fa3492676af27d39c6af3c8d381cbeb
raw_ipfs_metadata/177.json,1138,85680987fdd7b2e0fd074bb07cb78a14cdc4677da40230a29c4bc0525943c85d
raw_ipfs_metadata/178.json,1153,30884af925a6cfe4ebe9710f3c3585760d0a451d6deff5d61ba28679715cd405
raw_ipfs_metadata/179.json,1165,b013182d259699e9cee50f2fdccba82e60f5d96cf748865febc707983256482d
raw_ipfs_metadata/18.json,1152,2c7557877da25bef9f107c7b0f4187e140f4edb8bc5767ad596d631ad54ae1bc
raw_ipfs_metadata/180.json,1137,278dba1297c0fa3c66081ce14ebbd4fa818a0ffdc86c6367b5ad538fc98a3f5b
raw_ipfs_metadata/181.json,1171,ca11202f998b126979dfa1a75533bac2fd5e346614fc36075649ba326d603410
raw_ipfs_metadata/182.json,1165,4b3cd35116f5896400987663576e00270435d7e6919d44f9be755f27598cf2a1
raw_ipfs_metadata/183.json,1172,157a52f18d052417203b5e64e860ff2647540746b18051d2dcea08de1f7bf5ed
raw_ipfs_metadata/184.json,1168,5cfe62f0b58622882cf0365b40b87c7043d24781040b40ed86ac2e4e1f62e048
raw_ipfs_metadata/185.json,1165,7836c2b76efdba747d590d004a1cea161ca0e08b68610f29a80646453943cc98
raw_ipfs_metadata/186.json,1147,78057f922b6be9086c7230ebef950b1983998dcb63fff13f7b036b6626eece06
raw_ipfs_metadata/187.json,1159,7b6d30c16694b560906c5a4b268a7b258575060293c6f71dfd7cf086ca0de742
raw_ipfs_metadata/188.json,1153,a6e35fefbeb2d6674ee0c5f5e8f10ecf10be8a70749c7e8952e485e9eb7caf8b
raw_ipfs_metadata/189.json,1168,3990aea63bc4bd1fb7841595db03cf65fa7dccf62b6598c8fd16378ff9a86446
raw_ipfs_metadata/19.json,1158,10680bb70008022c1bc468ff49c3cd55561fe52f5d388d392a05502d7dfef75e
raw_ipfs_metadata/191.json,1165,3fd3012b71abf3ad784cda37181f4e867ca8a966fea24776b287f1c42f7ccc4b
raw_ipfs_metadata/192.json,1162,ab3276277118d2ee1ecb10b8a5a33f296e026cc3137d70376ffe2e2e2515d72a
raw_ipfs_metadata/193.json,1165,a1b4066c89c6964e4907d7b31bbeec8ca0f237db03f2315d1ce42e5e92144acb
raw_ipfs_metadata/194.json,1165,5ba7ff0f3b6a0834bd5326714f7533ae09b3aac33fe8ebe823352a4d897e1709
raw_ipfs_metadata/195.json,1150,ad4e1b31a62cd329f2373251a6bdc00b69fff7a714968235fbb8f6354790ed91
raw_ipfs_metadata/196.json,1146,10e6321801c57daa82aa797c221e9ca7d57a5dc05b25ba6ddff47047181557a1
raw_ipfs_metadata/197.json,1165,b2989452bd3c4d7250c47fe84c8bf6435f5645b55e81e16733c235d868a83d82
raw_ipfs_metadata/198.json,1150,41f9bf7ab3d09030473e712931174307595c2d60b0f529d7f659c3343ae5b4b1
raw_ipfs_metadata/199.json,1162,75d57c0927d49a7f3354246976850e3ae345d8906d31d499ed8f6fd95b73eeca
raw_ipfs_metadata/2.json,1136,ea7a87eb7c275537530c461754712a3055d8bf885e17e40313d11a41a8c5fda3
raw_ipfs_metadata/20.json,1170,a13913e6dd19521f04cb50fdd71825d321d33eaea17ede5a481a4894117bbe9a
raw_ipfs_metadata/200.json,1153,6c9d0101257c23f62e735e287369881ebf7297aa8c46d879e595b41a828dfa2e
raw_ipfs_metadata/201.json,1150,94bf6b12466d4c7dc316c0bd7d5838f5de57f86354d88a904c332e2c42169757
raw_ipfs_metadata/202.json,1165,36e44d3746fa28769a25a2e5f806db1b17ab0b447872ae19d3b9dd70c9260876
raw_ipfs_metadata/203.json,1165,50ab8519ce60c6a6d60d0371f80990e427cf0693cb76d021abaae87d3f975afd
raw_ipfs_metadata/204.json,1171,47c3a0fdd18ca5ba8dc047b60509c0dc37dbfcba39cd42558abfc339de7dcace
raw_ipfs_metadata/205.json,1152,3512803fa738f1f921ddc1e3505cb00c6e804dd39e3be5f3735cfef2315ae937
raw_ipfs_metadata/206.json,1156,03c9515d928f135621087176aebc5ec7f4b2419e214297ba9e0c77680270fa78
raw_ipfs_metadata/207.json,1156,66d0a384d044c841ad43da7d89f2f91148936a904facd45b0a35698ca00ac518
raw_ipfs_metadata/208.json,1138,b3f2c64e6d2f22c9e2bfaa2ebd74979efda9440b332a894142f1161e4c9a4233
raw_ipfs_metadata/209.json,1161,605c6e589444212b82f07038407d4b3364400a195282940831b1175fff7bcca8
raw_ipfs_metadata/21.json,1160,5da7baa84dd606c97a99e8acb84c4b54a03560d645c5f73814078d7d99eaf110
raw_ipfs_metadata/210.json,1164,092b6e7609d9dbe6fb8319a4d153a5f3430fe9082c9c4f72da0895597f858767
raw_ipfs_metadata/212.json,1161,f13cb8088b55008d9ccbc3bded7e2468ea6f8ea45c6f9ecdeca446156a54f68d
raw_ipfs_metadata/213.json,1161,09ee9159bf31e3e457378958a6e2a7a0be502c05b58cc0633d5e2be8ba60caae
raw_ipfs_metadata/214.json,1157,5dccabc0905d7120a93ecd8782edf69f3caa20296a4a61e0b2f7cd4c944cb86d
raw_ipfs_metadata/215.json,1153,6e009252b21727fbde2ed88c9da5de5300034139b94321cf2d1e2cc4ea05fbce
raw_ipfs_metadata/216.json,1156,355be27e02a6361d41d0cd1f42b576d19dc917fa1f081f9b48da3bf08ccab90a
raw_ipfs_metadata/217.json,1167,968edbfb628cc11dd824f5319d49b39a66ce183395a070430a8d2816c9a630af
raw_ipfs_metadata/218.json,1153,f516ee8bdf2b2a2ad96c0a7e8f34799bf60efb1045472a9ec59f6e2a68110605
raw_ipfs_metadata/219.json,1155,d62f141d9ec56f9cfa8aac3d492b503e3882e981a30d700e940313f028ade9cd
raw_ipfs_metadata/22.json,1148,ae3f7e7c7a2baeb95cd34fb2d0dbcdad008b91ca2e9b8328170a973644ea10aa
raw_ipfs_metadata/220.json,1164,70a04ac6b547fc72fb26a031a142a6e2619c7df2b9aae4d920e46f1646baf72c
raw_ipfs_metadata/222.json,1155,eefafb82016aa1a2aeaef410b10bfcc3baa22093f72e703aa7f5519ac421ceb0
raw_ipfs_metadata/223.json,1161,7a0a511acbd9db7c93e84185515c34bd95139e09f90aab77417665d276a4ddaa
raw_ipfs_metadata/225.json,1163,b0e6e87ddeb2236a20a8734365ebfade28af295e28bd272fcd7900c649096ceb
raw_ipfs_metadata/226.json,1141,d88f68dd2e52099db5ec259e460675d3193a5b6b8dac0c50343f58080bfc4d9e
raw_ipfs_metadata/227.json,1144,bd22fb9949b2fd5cf02bf326e2ed851f0781479933134175902575dde865aed4
raw_ipfs_metadata/228.json,1159,36559039c1ef8cd3761bcac1862f738465faa715c6332302aa816ae58dc8964e
raw_ipfs_metadata/229.json,1164,f7879086703fd3209144224f390b30a426662c135383e23ed3cc7014737deb19
raw_ipfs_metadata/23.json,1158,a60b86ae1d943db2badc1492aad08e39f97a2319cf1deec3c83311ea6c54301b
raw_ipfs_metadata/230.json,1155,80b8d6ea2edd030d97569f20b9e52ccc59f750a0105d495867eb17aaac8f6230
raw_ipfs_metadata/232.json,1174,d7f98e1939ccd90d4f7486264383757b5e7dfe1403f815be718a9bf83dce13d3
raw_ipfs_metadata/233.json,1171,88d589cd40025be96505c237b2f8812d27324b802bb908b4eb2cd1dc4c76c29a
raw_ipfs_metadata/235.json,1138,c97c4f871a1ebe3bbd26910849325fde851a7578e6ef1b93d0b324162d9b274e
raw_ipfs_metadata/236.json,1147,750fe182a62585020d0d4ffc224e917d0f7b9605281b3779e8cc9b6559fcab64
raw_ipfs_metadata/237.json,1168,96550c8c73b8145434ce01873fdf1b249f7a5fcef46a8bd4b22e8b3f2e8a22c5
raw_ipfs_metadata/238.json,1156,30a284fd8a41dcbab91a2e8936ad77026c64787cc4e41ef1cf74616851ea6f16
raw_ipfs_metadata/239.json,1159,10a4fbd34c40be3f50a5ca96c909735d8bde971c0b1e6a11a5c01dc4fa1ddf85
raw_ipfs_metadata/24.json,1143,4cd7efed215b75915da8cb78af33435a972eb3c726594edf9b1af9c1dfd5240a
raw_ipfs_metadata/241.json,1156,634bdb41aab0086d3c2ea4047593872f7f461ff9b2ca1915b88874967e498ad1
raw_ipfs_metadata/242.json,1141,95b5664264abe69b48262d23676c5bcd3965cd45e9dd297e890af035bb3364da
raw_ipfs_metadata/243.json,1150,cd576042a5d54995225607723fc7535530e104cf05a6bd284d41b37410674f41
raw_ipfs_metadata/244.json,1152,8d7fc4434d4d2338e11f513178a64593c0adc8edae3ab197ebdc3db69c1ce2fa
raw_ipfs_metadata/245.json,1159,f675786e26b511a349b786139e3738848872f20e13abd9985ceb5b93df6fdfcf
raw_ipfs_metadata/246.json,1168,97bd5c89012aeb262dd64e22fba5f4a5029e7b6f8a39826afe78fe80a0f457da
raw_ipfs_metadata/247.json,1174,dcf96038b997babe641db8cf468b2190cdfdf533f644152614891d96e1f62c90
raw_ipfs_metadata/248.json,1159,4cf4a76506f3941d9b9c0f496f7091859acb3c513557ccb8ffd2dbbcd5037095
raw_ipfs_metadata/249.json,1162,d7481f87581bf758b0405f338c71c1781e82bff68ad8b27f4079f21005488e22
raw_ipfs_metadata/25.json,1152,d5b094cb59903ae6246c7a815e297ce4a3e0bfca5d9fa5f42e44b958e17e8c19
raw_ipfs_metadata/250.json,1162,a5c72278cdb59711e8ce111905f12f9f0bdcc5afda1aa71d285f590d70c73340
raw_ipfs_metadata/251.json,1150,4f3d5dce5bd4deabe36f64cc97e700562be7ca3a9d02fe683cc8486b00ed5107
raw_ipfs_metadata/252.json,1167,21e801e04198838e0711457da88db88ebdd60f5ffa52f6ac0afcfb1180d772de
raw_ipfs_metadata/253.json,1159,81bc39c06afa82cbe51cbb39b50b0a44eea7b96557eb416652c72d0290e19582
raw_ipfs_metadata/254.json,1147,3bf4bed294f3ef72e85681b0582f1e05578bb7b127ed1bc1f8b0a3ece51c2dc4
raw_ipfs_metadata/255.json,1164,51e41806e63ff1514fb2940469486592ad867bbaa2bec16f8394a8be29fb7913
raw_ipfs_metadata/256.json,1147,4852d8fad546bd2bf505576a574e5f59ddef161b28c16f6bc3916a835a065083
raw_ipfs_metadata/257.json,1156,e9d8ccf8b863585f791bc99274fcc4855014d1185db55710feba7cc102da8b81
raw_ipfs_metadata/258.json,1159,3496415074600f2c09dbc1e7a9b04b36845f1435f6439668fc9103598d0cd256
raw_ipfs_metadata/259.json,1177,f01f5c4e4d605474a296875f22e16ffd2f2237da04b23216f0bb4d5187a13061
raw_ipfs_metadata/26.json,1143,fd074b482935f1e09215421a0e5a464d25c19497e24e4d7da8ea4eca5c02ed97
raw_ipfs_metadata/261.json,1153,c6b62a646cb5ee2f89a99b94c44a2c54340969b8a84040d690fd1f4adcd384d4
raw_ipfs_metadata/262.json,1166,f67dfb3c726a14e10c4d564e4c0c90160fb838895f19fa5d4bf354ca91c8e75b
raw_ipfs_metadata/263.json,1159,31ae0d5eb731e76e2742ec408f1356e4a5792e63877b200030a4676dbb1241c0
raw_ipfs_metadata/264.json,1165,c8e91fd0e93575a9048bf7dd6fe67132b7580d5c64d2c94ec2984e75fce87078
raw_ipfs_metadata/265.json,1167,5087d69c0e8ef4bfbc6dde575adad20bb8bf1573d64e7ff7f8b38c8c0abe6070
raw_ipfs_metadata/266.json,1156,7c51457ce0e8fa8edda7f72cbfe8b6b5457fd27ae6cfbc66c595637ed9e7897c
raw_ipfs_metadata/267.json,1150,849760ce9c6f27b6f382b4b1eb605c67ca11ede629435bacefb4ec5c14587680
raw_ipfs_metadata/268.json,1147,a148dd010f109c6b1b7fcd48e195130d1916979ed14895ae060242df4ba46c6d
raw_ipfs_metadata/269.json,1153,f6b4b55ca11183f0f0ffece27d15777c6c651e6e8c99338145d815d61cd67b8a
raw_ipfs_metadata/27.json,1152,a1d9b259feb12b9037b73e64b9b76d9d19f2a1e0b67cfbc55f12513abf83f1f0
raw_ipfs_metadata/270.json,1152,4191c32f3d493a99d327acffa04fe68b03be42a80ee82e85f35cff839b103e6c
raw_ipfs_metadata/271.json,1162,788c0e2a010e10368f0bfcc43cd154e4c5b0a1db081728cb57889e80ab180bdf
raw_ipfs_metadata/273.json,1155,c069fff810e1af5fd048989dd73ff825f641075474ba2de05f89b40e60547fbe
raw_ipfs_metadata/274.json,1164,6ed00dcff7aaf8bf5a9caca44f9a7bbe5f895f4fa88362f94216c0790beba1a0
raw_ipfs_metadata/276.json,1156,79d6ea739d62d6a93554bbc8e590138b4120c5a8720076760bd69bd5bffc27b8
raw_ipfs_metadata/277.json,1153,b94b45a9b712c71dcf81dc18217d0baddb5368c475869564a8e482fb9a726d8f
raw_ipfs_metadata/278.json,1159,b3807fa57bf1515752b5f2dd0cd033164ff6a94b4034bf01dfd0861778ee2b9b
raw_ipfs_metadata/279.json,1153,b4e2eb767b544f4714b5b5ace020a98bd1b1b44e15c3abfb24d3c3a03463025d
raw_ipfs_metadata/28.json,1155,a1f4f15b0244622f5cafc3178e9d5d7f23fbaeda529bb885e7fca74ff2e4ac32
raw_ipfs_metadata/280.json,1165,653ec580f14729af3a926899d7fbe328eeb234f9c9f232698f5daf8b69744f87
raw_ipfs_metadata/281.json,1165,60db5253e06aba659d7e999f1b25ba6f251a58689ebd3a7ea492abb7871920cf
raw_ipfs_metadata/282.json,1159,8229d980b5cc091e25ad7606092400b6ea299b308338f8eae8ed0bddfac0c2d6
raw_ipfs_metadata/283.json,1168,2b1cf3b212d4edbe41d9ca16e87072b081f6835885337be1af24ea32a41c720d
raw_ipfs_metadata/284.json,1150,438bb7aaa9e097a592ecfd67f4c5b855478353a52a98f7a923a19f4097bd63e0
raw_ipfs_metadata/285.json,1162,df912900d23f602526489b6315d25f2c24c60535e9e0950b11e1d72570dd28e6
raw_ipfs_metadata/286.json,1167,fba9c4cdca5177298879fcd4bc50a64aeb2633f0bdaa04083eeba3ac211163eb
raw_ipfs_metadata/287.json,1159,f9b02b436d0cf4ff8e7cb1ad4f9d4d567a023161a1dad7c6bbce3e1110479443
raw_ipfs_metadata/288.json,1147,c15fde57f3f6c87445810f6cbf08ce1cf224451e33a603646283d8e37439a6e8
raw_ipfs_metadata/289.json,1159,e0e5e77244f3fe12533ff1983652ad681bc8639bf260eeaad031d7909514dbb6
raw_ipfs_metadata/29.json,1137,5882a4edb2dc288db5f480fcb25d7a3f05d8edaf72a31c6881b555d714edb744
raw_ipfs_metadata/290.json,1153,0898329569af53bdce1e611c98e9b92adb9136fc7bdacafcf47666107966021f
raw_ipfs_metadata/291.json,1156,61dea96b7dbc7f6a8f1f30f3c63c09f067469e907b8753889d41db6a7e91eca1
raw_ipfs_metadata/292.json,1156,e7f13e1f06ab988cabf54a01a89e65a57af483607209621d5ee1aa89b9b58706
raw_ipfs_metadata/293.json,1174,e178121959d977b65787b3ad3b642fa713df4ef30b353b7483a2eabeed6eb980
raw_ipfs_metadata/294.json,1144,373353cd56f43edb20b8ff7c61116a24603949cafd00a09593abacabab73de15
raw_ipfs_metadata/295.json,1150,c90a8057fed4f58c3e949e6ebda50449b823479cd6abaa4f3171fd8e691fc8cb
raw_ipfs_metadata/296.json,1159,8c6cea1936ac78d05b05c3ace9930b5938277adf7040610475a4680787eda20d
raw_ipfs_metadata/297.json,1153,545a5268a23773c918da088f8578c2deb9669807da7e537bc7ef25ea2fbcb9fe
raw_ipfs_metadata/298.json,1168,5fa3ef70e089ec5812dd165a6aea6736167a5a478a5fff1b076a819eb294d1f9
raw_ipfs_metadata/299.json,1147,7a219e33195e7bb55fe23885ead64b94898da971b26364363c00b577817b7548
raw_ipfs_metadata/3.json,1151,1b10fd586eef2719726b3b4dc70e1ae796c3584035847af710424cd9648c5e5b
raw_ipfs_metadata/30.json,1165,acc2f211962deb3ec2de4a7d31d949d09879d7a0a39cfba91df92034494222cf
raw_ipfs_metadata/300.json,1159,4f22ee07781a8a5fe1ea32d43407008fd63d816f9d0267619f8b92b95f2d9727
raw_ipfs_metadata/301.json,1156,03239d3445cb719a72d9cd3cbd018dc69722a42a1a5dfd65e9bf96ec6606cadb
raw_ipfs_metadata/302.json,1162,4f7909b212dcf0bc91ad3660cc7c8c16a279834254fb734e14a6f27ce3ce378d
raw_ipfs_metadata/303.json,1162,9714186a3c073edebe09c3ab3e67c13f8a8508fa2dc3a34e623aae100fd9f912
raw_ipfs_metadata/304.json,1160,fffbe01881ac90fa5a3347246054a9b55981d563b230998e9d21a606ca617c10
raw_ipfs_metadata/305.json,1153,ca02a89c5d13e75d72fa0450be423d65d8604bfdf07b28fdaff43285837d0895
raw_ipfs_metadata/306.json,1159,b24bebf438ec4453874b6b63851b95f39426250529d0ed7de66365c1bd4acb52
raw_ipfs_metadata/307.json,1171,e1fde9caa501d1d8279101f16d5faa06b29be577ad00a070f3ba125d48e49921
raw_ipfs_metadata/308.json,1146,905f302596c385d6b838c8764a680e397ea4a020b9850e2b73b5224a6714fb93
raw_ipfs_metadata/309.json,1170,dea73d094a6e20ed09c240b6e8dad9ca5b7fe0a2f44ad70bbfddd7c07002c1e1
raw_ipfs_metadata/31.json,1152,37f9a2895fa78d40a0a9b38bbb3068b8f48439e03891dd6b865ba81addcc4294
raw_ipfs_metadata/310.json,1159,e175f16b5b1a42add089774c02ebd22a61417680f84000badc01f5ad10e975f5
raw_ipfs_metadata/311.json,1150,53d59a4048d8c1e675867e49972d9caf5ee04d81d473eaeefe7e36340e9ad09c
raw_ipfs_metadata/312.json,1159,69b518a1fc156d23673dbeb3adcd3ec5dbe1f865f6123355766763761dc02d04
raw_ipfs_metadata/313.json,1147,d3811b05fbc2eeb71f40cd0153974659df22a93f5cc52e6729c18125a708b5da
raw_ipfs_metadata/314.json,1156,d410961884e41a3d48914731023a8e6e04e42b0ddc8be093a7cf6820437ddf3d
raw_ipfs_metadata/315.json,1153,0c173e609f342a161e7e1b2f335e4df35dc9ef7361d21c17d1fb020f18a38e2d
raw_ipfs_metadata/316.json,1143,1b216c17a24190fcd1273bf5e4729e8bb7ee272352968e2219a15049c841e89a
raw_ipfs_metadata/317.json,1164,f3b51d22b1ff7bed004ea9af28528870a6c63519b82d5eeba07dc3e5ad4ca50f
raw_ipfs_metadata/318.json,1159,b5f73825b03637330269cc1b9d613b70373087b9a67d60cc01289f05a39446f6
raw_ipfs_metadata/319.json,1153,aa3ffc7ded3d007eccdeab1120581d75069bfb2873aa33ddfc0fa616b8588b7d
raw_ipfs_metadata/32.json,1143,a0af0e3dbebbdc2b166697b2b15c5fa594f4b59d1033d0a5b15da374e763b031
raw_ipfs_metadata/320.json,1152,e2ce87e611da2ce2bc24efa392d445c4f77e19f6478065c319e7392fa364c49a
raw_ipfs_metadata/321.json,1162,47fbb88c0506ebb1081227b4ba48c996ecd43c8790b30c349d6607fa2a34899f
raw_ipfs_metadata/322.json,1171,3f94db8ef7c2d8bd362b108b567576a13b548034326e8020b8bf24acc6bbc8d2
raw_ipfs_metadata/323.json,1177,da008c30f8d1e78cbd9df3d58e406272f64416bff5c0514261d08e84924ee5d8
raw_ipfs_metadata/324.json,1159,e42fe0779d5d816e974b0b0ca9153b69e4a6834e9a3f74ceab8f217a9dd1c6ff
raw_ipfs_metadata/325.json,1159,d0c456e4235495bc65077442d3d1916006100ea86f8367f4738f3da0b93c0c16
raw_ipfs_metadata/327.json,1167,6347f0882ca280bf9aa5ce0bf4d8dbed0ed2992b93d2fdfbf9039c9d1137ee02
raw_ipfs_metadata/328.json,1156,602e2b4b80b4037c1ac4847c54b575ff14fc698ca59389fb4dae0505cf6c46db
raw_ipfs_metadata/329.json,1162,11b81c42ea4d7341f9bbbe972dbfbc5f2361f10b2c91a735ed019b3eecb371a7
raw_ipfs_metadata/33.json,1154,91ac555455a93856ae4fed25c1a76f57b6222bc8eb6f9eb40c1ebd480fe44699
raw_ipfs_metadata/330.json,1162,e733942a8359c8137bb89a8e2ffb1edb9c180655147375df2c482a63012a5a79
raw_ipfs_metadata/331.json,1156,ad591844e3e01e4728245c0055454c067208e3b16ce8c60c6b4b5f30ba709695
raw_ipfs_metadata/332.json,1175,a89b94dd1164d3a979288c6e54d36f0cd3c46ff77e47cc483809fa1d541cd209
raw_ipfs_metadata/333.json,1162,99de1a6382b7a78298003753c7893385dee113686366a9c44a7ac11557c607a6
raw_ipfs_metadata/334.json,1168,feb0c1d54aeea9fb84174bd7593fdfb56732ccd545ac7d1f65b9a7679d63f8a9
raw_ipfs_metadata/335.json,1155,85108596217419802a81760c19542d26359155ecfff2f7d4febb4e9b50ec85ed
raw_ipfs_metadata/336.json,1158,09ad8962e098ef266a494d339c165bbf840b368d62620813aa8c1e2bd21a90fb
raw_ipfs_metadata/337.json,1156,6bcc85afb60d5396b897f58bf60369149591fbc1b520a728bfece26e0eacbfd1
raw_ipfs_metadata/338.json,1159,b41dbdebd78bdfaa73bfa51ca90efa362551037df65f845db2d478fc76491972
raw_ipfs_metadata/339.json,1158,3eb9bbb313d8b05ada4284639f05a994660f2a9ad797537809944096896190ff
raw_ipfs_metadata/34.json,1164,4939640fe68bbd3fdc2762565bb25c45a3ce4ad4f54daad96ec8e90b493c1baa
raw_ipfs_metadata/340.json,1162,0c6cc0195816ff9f2455a084bbef6e0b6c136eca63e01b039395934c48992346
raw_ipfs_metadata/341.json,1179,87d17e1484a1e5a1ea186c8d63a6ce031b39d3ba95064b7043d43042b8352f7a
raw_ipfs_metadata/343.json,1159,ae5685a9bf0cc790aedb7ba671b4787f4ddf1d548102ded3b752530a58f1a2be
raw_ipfs_metadata/344.json,1167,66c2be2cd5f6141aeed5fc7375e27d67a923999e088e04125fc5313c2044106d
raw_ipfs_metadata/345.json,1160,cb30f19220572dc621d02d06832564bbd84afa6be741ff798f4230c2d099db06
raw_ipfs_metadata/346.json,1159,23f5836abea6c7d232a2c0ead487f739e203f107d790491cc64a06412a1296d5
raw_ipfs_metadata/347.json,1162,2696226802b157b8a560fcac73a2b4d7567af78b088fc93feebb3946f5011e59
raw_ipfs_metadata/348.json,1171,018c2dea8cbbb6cb238d48b0834810f6bbe5ab81d89b45c6ba005765cfb0ab1d
raw_ipfs_metadata/349.json,1159,254571c78141755eadc72bd0d56007f81a1f2696150ddb1740d139135c744b3c
raw_ipfs_metadata/35.json,1155,4d723ee638822831e94b632334e7e4ae49e7b5362ae16912bde521b296a19715
raw_ipfs_metadata/350.json,1168,2010966efbe9eb8b171144acc32d7fb6f025c9062deb485f830c3f8733b587e9
raw_ipfs_metadata/351.json,1154,71ab592c7bca7be0004ae24e075f7b0692124c2a5bac2897673429ca914af91e
raw_ipfs_metadata/353.json,1147,fbace93bf5c10febecb47e8ebb8f609a2be66ccee87579d8404dabb366f96a52
raw_ipfs_metadata/354.json,1168,48ba2f962f25f8830c9f39438a40a7f1d02e4f1bd829a44f2ccaab2661641052
raw_ipfs_metadata/355.json,1171,8515d88c85aeece0b159222dfac6239e9f67d9f76614feabce7c4a62297a952f
raw_ipfs_metadata/356.json,1147,07f92d6bd3424109e2addf530e390c5171ab08ac33f899c74d614cec149dcd3b
raw_ipfs_metadata/357.json,1156,488fecdcc6a0cf478098b0c016628ac9ec8598c8c83dac7b847ce15ebfdccea0
raw_ipfs_metadata/358.json,1153,007e904046e5ce2d62fd006472662d20d19787a423da6175754dc0022f692976
raw_ipfs_metadata/359.json,1154,bf135e17f5964478295127ec26b408985f0d6aa0c22753c26fd3e2a9c874ed1b
raw_ipfs_metadata/36.json,1161,c323edd65d1435fd9fb1f2fd3bc1dd7eb89ce72c2df37cf0ebc7e362fb824a86
raw_ipfs_metadata/360.json,1144,117a2bfdf9e07b84834a9b172654069b6b45fc9ee04e1c1fb45bcd2975f09036
raw_ipfs_metadata/361.json,1150,5cced9143a0bea31e78efb861432938911ea0187ecb25144f2a54fdab5449f3b
raw_ipfs_metadata/362.json,1165,0ccc01e772eb5c61537db48f3f9d5f5c6fa889504c43a1484cee23afc89e243c
raw_ipfs_metadata/363.json,1159,66a6348ad471d432d2982d30235dc286eb6e3ebddeeb23db29c9f8e2e695a610
raw_ipfs_metadata/364.json,1144,2f5ae289b6ea4e95d91ca9eb9dd564e3d0f0713cc3ba654fbe5812868f6321f3
raw_ipfs_metadata/365.json,1156,b7813b42a17b164c75e341325b3add94fc06825f03041274efce71e29b9579b2
raw_ipfs_metadata/366.json,1174,46d1f2d22cac32ad626110f7ef97d6bb1494eac47f3d145ac3f3c911b3b5f537
raw_ipfs_metadata/367.json,1147,94995138fd2fff7632779ac9f5067afffafea17df15e17b833a8274f6951d79f
raw_ipfs_metadata/368.json,1159,5b36d8669b8e915b435279e117e8da6762afe02c8411580c7b99e052c8bd1d0b
raw_ipfs_metadata/369.json,1153,a7c2633f5c06f5ebbc29db7cac3cc85ef7fdfabcdfae35089a3277675665aa99
raw_ipfs_metadata/37.json,1152,c4ebfed67d9af5a06479358a9523c9fc38d36b5c4b290bed7c19b99117ccd4f3
raw_ipfs_metadata/370.json,1149,d0b0fdc3b5582f1233dca263727fb9d49b88ce5eed8f14bf3a0068d4933e2159
raw_ipfs_metadata/371.json,1156,73f142028270022947739724f7e530583ebe3ced83cefe87e4fe18a4078e4200
raw_ipfs_metadata/372.json,1153,756269a2fb8949f414ee4d732c5960da1db69a3c3068396f456715689d84a882
raw_ipfs_metadata/373.json,1162,fc5744edeeea8f270b53f4140393382ab554731e43558ee83485e45c032becaa
raw_ipfs_metadata/374.json,1138,89555f7b1da3fb4e2983903a730399350f9ee60d1469f562a13652a6e5dc9a4e
raw_ipfs_metadata/375.json,1162,37a5efd50f31f1522775c198f189d12acaafd4cee99170db74936deff20ba59c
raw_ipfs_metadata/377.json,1159,6c0fa7bfca49f67cb4ec9140ce745188046b29577f661cae75ac6b65987ea7b6
raw_ipfs_metadata/378.json,1147,48bd39623d7520a3e98883539692900ec3702e3cda1782cfbc6a30ca46aa1ab5
raw_ipfs_metadata/379.json,1141,48089ec2c0e697abc4b44576db3980dfebf479a7a26685f58a8ea8ec279ece54
raw_ipfs_metadata/38.json,1154,101fae86f25c5f0c5909d5aa58c86c169a70f7b8ab1779a771be998178413eee
raw_ipfs_metadata/380.json,1150,454767121aeb2b10c8aedc1c7b4492b9db50d64f8d96c3c91a3a3a228328fc46
raw_ipfs_metadata/381.json,1144,6403329f358127aa7fd2bd0d7dd8b330d6192cfd678d38f482396eaf0274ab1d
raw_ipfs_metadata/382.json,1158,4cce3a3963a65754219437b8d55fad95ac9e6b47883cc927972c8edef2dc4537
raw_ipfs_metadata/383.json,1150,371d52c25c1175c49d211dde26e1788683cc3073f6a52b07464f1e23aedb993c
raw_ipfs_metadata/384.json,1150,910ce456e1d53b99fb3cc69f59c5be1a71ba5ee106569f90997febe9663f516d
raw_ipfs_metadata/385.json,1156,7d15d9e6ec78214e8c9ee5981ca0121fd326b29ec11a817cc30cf798a3f93143
raw_ipfs_metadata/386.json,1153,e5b7e4c5e07b1207e7da48d5d9c9863a482f742a535de941fbc788307b9b60cb
raw_ipfs_metadata/387.json,1152,7c426dcf7bf66c894b7b40b4383bdf25cce4a8d02718cb4cde414e5e2eea0b3a
raw_ipfs_metadata/388.json,1147,a255b5415885595ff644997dc493a412da867625c45cf4a07d3d70bdaed9f31b
raw_ipfs_metadata/389.json,1165,40afcd22002ab6a56f558d319b8877115a707e03826585bc0d5d07c3d2842d00
raw_ipfs_metadata/39.json,1144,aca60db6e9f3ca1530b076353a7c6beb8bde436b3e48b120a71cd1001f98ce35
raw_ipfs_metadata/390.json,1161,e71148d0a8742ad667d76410c972a644bd1ee5369629f7ae96985621d9d72e59
raw_ipfs_metadata/391.json,1156,2aeb2c273f6fee5e3f60e6106223c10092024def8ae2d1df93e70ade4ac02ae2
raw_ipfs_metadata/392.json,1156,685defef30b2fa8fd1a70bb682ec57424a24713dde28c4348d32730356a302fd
raw_ipfs_metadata/393.json,1150,3cd9b812f61c4e30a3ae326731cfe31ef8a6982f94b675d7cbf6433cb480ef80
raw_ipfs_metadata/394.json,1162,60de4f270fea38181e767c149cd57d7e265eb0abc23074084d3b9814e7d16d94
raw_ipfs_metadata/395.json,1141,1df4eacadefdca0df778746ecd1f52fc66373da9d5dc0955b669371696dd4500
raw_ipfs_metadata/396.json,1159,0be51e1d3c88cff418a34531cb5c5243f5fdb15bf5f656c8c7dddb709a0aa607
raw_ipfs_metadata/397.json,1165,e2eb58049d9b825d822933e346c3b705e090cfa9a514eca4bdbcb6003aead268
raw_ipfs_metadata/398.json,1168,1d3dd6a340a9fd68290f1310cee9ab5973513eecc6e160b173d4940e75ed4e31
raw_ipfs_metadata/399.json,1162,2bc2c6ef98b0f23708ad20841b8b9b5df6d47a064c55e1749f5ab62fca0b3933
raw_ipfs_metadata/4.json,1165,1a9d5750d1d97050e00bd6ecb254a496bd81585bfd60e7a1146e049d4e4ef9e6
raw_ipfs_metadata/40.json,1152,46fdfd0bae36f1fcad6a8f2592370aac11ffd2ecc95215889d39fba145d595ff
raw_ipfs_metadata/400.json,1149,ab7858bcfdfd6ef9d8a611c095084cc5a3491875fc39d3d20dec13783f734509
raw_ipfs_metadata/401.json,1159,5315076544d9495778db965d0ccf8e65c0c7202fff5b3e0963b8820aa27e411b
raw_ipfs_metadata/402.json,1159,ecc634d731ac163a08deb6a76d6a2a9bc03ce54cf14d8ecf2285a0af329ae82f
raw_ipfs_metadata/403.json,1150,ae3d9f78c0cc2d4619dbe2c8adaf2c150f604daddcc56128ab74695bd89edec0
raw_ipfs_metadata/404.json,1162,064603c3c4a6ce1e70854124ffb0378cbf750daec520c8047ed8fb3de4836941
raw_ipfs_metadata/405.json,1152,06cffac443dee79077bf2f4563a5fd2f3ebf033afc5b6097e84a5a4b6ee711be
raw_ipfs_metadata/406.json,1156,6ac2d2126359f698e3c50475624b0313e9924d5abfae9ecd20761d5fa099e707
raw_ipfs_metadata/407.json,1158,8bd4edbdf8f1bc52fa858513fdaf5d7d59c0f78ebf9b2ac201fe19755696f85c
raw_ipfs_metadata/408.json,1165,0911b9243bc8abe4446e673b8e3924fc4c392d2d33b5bd86d70d17f5639c948e
raw_ipfs_metadata/409.json,1167,c6240f1efe6beec8f94e9f1afacb8193f7c8e90959abc1a8496240f98c26e082
raw_ipfs_metadata/41.json,1164,ab29ce9aeba9987c68c0f28551d3649e6c786bfa8e1fa179cb5baaabf8e2ec8c
raw_ipfs_metadata/410.json,1168,4b24d147bd227813bffd9794ea650f82907d7244535dc3c92b1b578e0dbd4f64
raw_ipfs_metadata/411.json,1183,136a5bf4d75bea0618b20128243e412c2770fea5142bafa08f5d1617168576c7
raw_ipfs_metadata/412.json,1159,6b8dcc1eb2e083b1fc0da150f72ddfd58d8c8cd82f5448db4ffae16e82cba42a
raw_ipfs_metadata/413.json,1150,037a0f85c8a078b5e4b10e4115392070317dfded7f30c52596fcce22baf230b3
raw_ipfs_metadata/414.json,1168,9a2c7e7f3cb1bbf921c69688c2fcf937ec6fd413daa0b777ba8c8210e1b402ef
raw_ipfs_metadata/415.json,1157,65fe6a292309e46c5b9fd5d02e9f2368d84c20a0501cde30046dc99c0a951095
raw_ipfs_metadata/416.json,1152,90908b3338b083dc5f60a25de5edc4364d73c53f3dba4904f2a9eb7962e1fc63
raw_ipfs_metadata/417.json,1162,38d94a1b0218da4714aebf641215f2f55680d1e3d0dc45e8d575691bb6536304
raw_ipfs_metadata/418.json,1163,ccee1ee7b784d2d179d7c0c0bad41f8089444bff94608e7ff4a23b99f8b9c47f
raw_ipfs_metadata/419.json,1150,e1118577d31e51a361dca5c33ea9cc47a8aad1494c5290ea41eaedff3a8ca0ea
raw_ipfs_metadata/42.json,1155,1adedef41011615d4f490f17bc52fa14883f1438859d85ac4b21ddfa0161c6ab
raw_ipfs_metadata/420.json,1171,276e9da9ca0e6f90dbc76b24d1eea357bdcb30363c18856e3ca8b4c9439f6c7f
raw_ipfs_metadata/421.json,1153,debdddd04f79c2c9da495bc1c18f9e0941dee979108a3d5c27262d3c2c2ffd82
raw_ipfs_metadata/422.json,1150,7af2c271073f8100f09a90821cbf5ff8657d42b1376e19ab82cc964af8beeafd
raw_ipfs_metadata/423.json,1150,e81a2083cbc98c184367802cf530bfa4ce0e4ff547b88bca31b1e71a92383e67
raw_ipfs_metadata/424.json,1171,7cd1d485bd19c4cd16e672618d3c0c65e032669180e4408b8bf6d2f63463d22f
raw_ipfs_metadata/426.json,1153,7f92f66e478a5428ae5e6723f405759e78e50adf346879ce026049b191ce925b
raw_ipfs_metadata/427.json,1144,f38e56f8fa5b609cd7bbdb78a79c4fe51e3d6dbcc27e62c9b93049c293034b16
raw_ipfs_metadata/428.json,1162,2285f2c1037c2bb0bde274241b55762590c919c328aef2f7c04a778051638194
raw_ipfs_metadata/429.json,1173,e11f734461e8809e9c1a614b37158e275373663b8bae88c7b036906ad84ac428
raw_ipfs_metadata/43.json,1148,24903d4269016dc4a0072ff101742bddc1b2698713dd93d43b7832737fa926af
raw_ipfs_metadata/430.json,1168,38d26521f8a12397370fa6911f41bc0ad5de2ebecc417cd07c354b5cd23a19b3
raw_ipfs_metadata/431.json,1162,6938aea4f9775d4c36134e1783c8cfb94a71e1ed275ad5e7d032469d73f203b7
raw_ipfs_metadata/432.json,1173,1185e078ffcc828809022a9a56e86a12c1f64b8c9d0de4e40fbbcc4947a47914
raw_ipfs_metadata/433.json,1165,8a44e35bd8a5c32f592002729aab1fcf8fa898f35d5782f2646826edba426007
raw_ipfs_metadata/434.json,1171,29801e955df78d5818b0060887b8b2073265598366656c4606cada9dc3e2129c
raw_ipfs_metadata/435.json,1153,0ce07c5d9877e23fccc9b3fb7dca21eba1a5ce9ac2d4755bae359c26a8cae784
raw_ipfs_metadata/436.json,1152,346ac9799e8cdaf5c52cbbbc41bd62d37a9cb770f940263c0d3ead35d4e3035c
raw_ipfs_metadata/437.json,1166,ba2806d29e7453887cdb5c1d85503e787d92db44f95704c3e01199b4daad9d79
raw_ipfs_metadata/438.json,1173,23aeb39f8c73a83c4556a0c161799d5edcb4fcd804bfd1a936c2c371fbbcd200
raw_ipfs_metadata/44.json,1152,9be8a52eedc551517fe4986fa70705cb975b39220f6ed123d73a92cb803dfe76
raw_ipfs_metadata/440.json,1171,e678b871c5bebed966a443d72330a67905c69d5b4d79d5a79718c5acf50ff24c
raw_ipfs_metadata/441.json,1171,341da657414d2f8a67e4268ecf371f7375d1e6bae94657e1cda6de1a22a9a45d
raw_ipfs_metadata/442.json,1156,c110844763356874224d20af49e9a76d31268f2b0bd0464637021e95de20b7d9
raw_ipfs_metadata/443.json,1165,56984aa7731d89eccb0f5784a8a92e2e7f7250a064fb9445f398597684b52c7d
raw_ipfs_metadata/444.json,1169,6c73d59eb3cdf0e15a87df3121b8c84d2df7ca238e30b870991d69cdf4d38601
raw_ipfs_metadata/445.json,1144,b2491d663de4eda644725cbf4d8fe09109926a0a1daa4b10781ad75331a3e901
raw_ipfs_metadata/446.json,1173,2718803cc18f0b17001358f958a55f39c29ad2e6bf397c2f8cfa34b031c392be
raw_ipfs_metadata/447.json,1171,f81bd2c226d0c6349886b43c1930c937b99fa4f89f7f6c9e6fd5e72c735bd8ed
raw_ipfs_metadata/448.json,1147,b637aac6b2cce688cdecd21636604f3a42f89ed98ec941561d221c24eb711778
raw_ipfs_metadata/449.json,1174,710dd08fa5de065942d40b79e014f644a02fe2c8a16c48027c97ff2e610deaa7
raw_ipfs_metadata/450.json,1147,9c144251dab8e8bc77e1ea148c301feaa6286fd5eb01a9d37e059a74b31a5259
raw_ipfs_metadata/451.json,1162,7227199ae9b6078cd579a3351650243df69ed04f29100461128a1ffe17f7be64
raw_ipfs_metadata/452.json,1164,eb02a867ffc0bcc77079112bc179fee21e3a0eb500cec20e466041d9410dff41
raw_ipfs_metadata/453.json,1143,1215b4e87d31f67926839a6b3643928e43114d9b7a317b43ae39805b343af7d8
raw_ipfs_metadata/455.json,1156,c30f5bb2e1359be6f8ad56d94ac568af7f79f15e5c1eee15156d2159fea6f06a
raw_ipfs_metadata/456.json,1149,9c7d026cd54928cd4cd7341911f9f9d210fc9bc2ab0afe7c4b199b05031b0e6b
raw_ipfs_metadata/457.json,1180,1d6a225adc00a3a213c8f6f93f672ec48f3a152c15ac79f07559d7adafaac4bb
raw_ipfs_metadata/458.json,1147,38cb17f7a57e8c6838bae601b9ae527f1352bbf1b425b6786efcfbdfe1f485cc
raw_ipfs_metadata/459.json,1159,a302b9953677ba922dbf6f3a7c71ad644c67f8cb8169e1f022e9abeec2126506
raw_ipfs_metadata/46.json,1165,662c378222f0d99612cbb9fe086fa340f07ddd06215dc1eed199e3991eb942b4
raw_ipfs_metadata/460.json,1159,6809fe5e73aa8a9a7fb2eedc0586f71f098d6ce4ceaed0d57ab01030745d1502
raw_ipfs_metadata/461.json,1165,694b0c53b956643b23119bd69ee145fd49012ce8ed9d40bbb2b98ea47d24fd80
raw_ipfs_metadata/462.json,1152,4bf364da0ebcb5738a0ab1430748d62be7d4cec95c46aabc6b027705449d209c
raw_ipfs_metadata/463.json,1150,36391c93f8e8bd0ac34300c1fdf16dc3316f8d8953481f1029430e3882a4fa5c
raw_ipfs_metadata/464.json,1159,e931bd18c792ffe461d9199a1c73134d1a055d67889ff02294c63cde1938573c
raw_ipfs_metadata/465.json,1153,f2684ff1326f4de03d439db120380c3af691b80fcbb009f473fb3b8aa8313266
raw_ipfs_metadata/466.json,1174,356fccf864882bd74af6dfb8ed8f6789f811bc0615452d77dac4265a28993b4e
raw_ipfs_metadata/467.json,1159,5e13b9465e3081a663cb0ba3045f5d73a5c11987b70623882e4fd0c6d7609a26
raw_ipfs_metadata/468.json,1170,a3b493ff1f0558fb4437382ff1d2454b737398e01c2074cf2222049993591064
raw_ipfs_metadata/469.json,1149,609e6cf00b210d14f7aed3dd6f5911de30bb94bbb57c3ee644fcb0847c892191
raw_ipfs_metadata/47.json,1164,0a553e9929279dfe778bcf7321402ff9a23bee8121d011e1c4589ce0461faa1c
raw_ipfs_metadata/470.json,1171,daceb89c49e0e6938a074b74de4848dbc1aba96c4921d8495ea3c80185349634
raw_ipfs_metadata/471.json,1165,53b3f34066802bec73f43eeccc5ff86fad6081a05ec65daa3e003fede22c3ad8
raw_ipfs_metadata/472.json,1150,cc5cf124cdb1a4b30a36181fb944d098073ab989511456669d235e38ffd7f35d
raw_ipfs_metadata/473.json,1162,ae9d7b5644b0ffa0decf8e4a2a08a2b74461aee041d07563ac7fd3b85e87bdb4
raw_ipfs_metadata/474.json,1165,bdb8f67b4dd4549c97e2cb83e69c97ca2d15c0210c3e445cb1094b3517590cef
raw_ipfs_metadata/475.json,1147,8ffb970e12efd54846d9e1857c6a4a8f4ad6495de2676b5a65eedf60a0821f20
raw_ipfs_metadata/476.json,1152,05e064b3f4888a9cd4ccccc0c5b14ea1ebdfa00a47292fd70f46c415877d322b
raw_ipfs_metadata/477.json,1165,03eeaa86a8e6ab0587f6642fecab9f42a423007b029bea007004b7c93fc12665
raw_ipfs_metadata/478.json,1156,e5381f83a4c69684bd1da1d704a1e4ffe8e9f2fc9d38305fdb40b0f8ce210ece
raw_ipfs_metadata/479.json,1144,79ff5d4d26e7e676d15d02605666e5d67a8807f4151ec59775778314c5f4b879
raw_ipfs_metadata/48.json,1155,2aa7fccac1414fb6b2f078c61a9378fb23cee35ef3517499dc23cca0bc64cd99
raw_ipfs_metadata/480.json,1144,d2774473890a24db69ec42a85f5bedce188c302f3cfed375965f37fba5f948aa
raw_ipfs_metadata/481.json,1151,a7d11643327b676b9e7b1e420fe13a63a9601f423b96fd5e988462e6af3c6e8f
raw_ipfs_metadata/482.json,1155,a5ef3ed2f671424549ec729bd48daf43c7dabe20488d6f75af018437a0b4bd4f
raw_ipfs_metadata/484.json,1171,f418fc43d3518bb028ef2e99acdcd6871f55342e078b545785dd0b6e1486fde6
raw_ipfs_metadata/486.json,1158,f1a9ed131b7157fac19e08264826f47df9a89dcb50aa03595d327785509055bc
raw_ipfs_metadata/487.json,1164,dafce804e97489586ce481b58a37e4fcbf9c12c212dff3d2754f1527787c1e34
raw_ipfs_metadata/488.json,1165,7db400f161cd7f4648c392b3c572b6168001d31ac1d3aa599df9f0aee3501757
raw_ipfs_metadata/489.json,1174,38ff68fc008e025da4044603d2747d10ef1d0cd29e7853e79b481e254fc8dbfc
raw_ipfs_metadata/49.json,1155,6b5dc4aa35d0df91c117371b01935d3d4a3268def8e93df21f012f24f662c400
raw_ipfs_metadata/490.json,1156,5d9b23345cbd188b1538d7fa6f7ec63b38f8b721b34b35302ee416b4ea36612a
raw_ipfs_metadata/491.json,1152,938659a00a141b5ecc79529e7022490922f0feb9c1be8c06727fdc5fa032086e
raw_ipfs_metadata/492.json,1141,49f7c98e0551660552aed2dbdf4adae2fcbe08bcf6ebe478897c4bd6fb53a1d6
raw_ipfs_metadata/493.json,1152,a843c6e0b0117f2b73a2dc7e5ba92b6589268908e4af3d92c6a9ba7acf792957
raw_ipfs_metadata/494.json,1162,69a74bba876ae3b73dcba13abee14803abf86bb24f312bc171b5c2508a23d7f2
raw_ipfs_metadata/495.json,1155,29fb1e3cc709730877a93c7b808b554a3c6ed31e0bc2bb82f5da67cf5dee40c4
raw_ipfs_metadata/496.json,1171,bbe9844eb0d376babc36a791d64ff203504353540b3ad2a7a44ce81664807f4c
raw_ipfs_metadata/497.json,1165,fb2376acf50825f65bed3639d8ea0718892ae0b35b946c3ae44162a3dfc8b406
raw_ipfs_metadata/498.json,1156,5f3ef5fe435a183439d40ee33439d551b9321f7625d666b9c531fd13c2637fba
raw_ipfs_metadata/499.json,1162,86b175d893aadab68b6de71ca5df42335a8b7d31f37695a147dd0e68c14eb926
raw_ipfs_metadata/5.json,1158,b3ce7eda1de25a42f66da43f01b7b137fda032ef77114588f84d2c1c4a7ea2f6
raw_ipfs_metadata/50.json,1149,e6ed2de623dabfd2ebf7baa79c0600cf07d32887c2c53015b65d4b5c5f998ddc
raw_ipfs_metadata/500.json,1147,ce31421af48e48a6e61787368f95c038f3fc73ef84d6e1dfe5579ad3d8e3ee90
raw_ipfs_metadata/501.json,1159,189b32b898ad85d262f615cad169facbd76eb93bfef210ada7547b020fb2ca24
raw_ipfs_metadata/502.json,1159,516997ee8aeb5fcea7daf0eae878778c7834128ede5bc30f99854a1399daa07f
raw_ipfs_metadata/503.json,1165,d1118289ec4133a75d64828261ff8507842cd253d2bb723643fdc1766ae132d0
raw_ipfs_metadata/504.json,1168,d358fda7b3d9bd640f9bae09b503244469e315417cf097f3d290cf14383279da
raw_ipfs_metadata/505.json,1149,ff4fee0fb81db86444407d3cc42cacac795a1f9aa634e0ccf0c694dff82af45c
raw_ipfs_metadata/506.json,1168,f5f72092a28c4622475faccb4034e4d21f116fda2d57186d0a3b145a0ab1d8cd
raw_ipfs_metadata/507.json,1171,e0f6c8aec74595d4d05812da73afe8b120a0c980693e94f06976816e09faab36
raw_ipfs_metadata/51.json,1155,b64b2831949a2c5ad27a7394246a80439a82e5906039f9c4a7f0b6a33db2cc57
raw_ipfs_metadata/510.json,1159,e72ce56a49092e6517ee7c6dc73918d26f6176ecd3fee1bb5e7ca5aa9c59f7d8
raw_ipfs_metadata/511.json,1149,eac891741058c7f76a7ea5aff25df2d6b3f3d21839a370a5aae4491533bee9ca
raw_ipfs_metadata/512.json,1150,9b28ce336533b323e1d33eba8860e51231afa21d6ad46b9f87ef37e901f676fd
raw_ipfs_metadata/514.json,1153,41e2b02592fc4da47ab3803b49f07d3d2efba96693c10bc8b4d8595db343bd64
raw_ipfs_metadata/515.json,1143,7423305e7a65e712ac90750ff9e2858945b92eddd1c5b2d869ade0744a7ea117
raw_ipfs_metadata/516.json,1141,6958968ded0b084ebdbd9ed785e19acb4754545d8f1c146190886a1852ff6903
raw_ipfs_metadata/517.json,1156,12bf98d281f0875f51e1d463cfb02767f950bf5ce9869314d670f5dd365693cf
raw_ipfs_metadata/518.json,1153,c19546420ae3217cea8bb5e01adb4bedf6741e31c6bd55db6d64078bf21b671b
raw_ipfs_metadata/519.json,1147,dc74f31462b3ee6b42fe4703890acd10a23ca64da62797a0820b976a48d7dc0e
raw_ipfs_metadata/520.json,1156,2cda552d2e18778774b471b2a9f8adba88a55d1d65ca7b818f606401ec05efec
raw_ipfs_metadata/521.json,1150,140eb5ae3e3ce48d4fb57428dd818b2ca1f40c1a6f8c6a33eb1333fda400e6b4
raw_ipfs_metadata/522.json,1153,60f2e88135734eb6a1231bf052df0d65137c3ff9713ab36e24613f34b6439f79
raw_ipfs_metadata/523.json,1153,d54e4810853b17aea29b3d2cd8c085f3997f2f6cb8c7d7718c84ad0a08e5e6e6
raw_ipfs_metadata/525.json,1150,9d9f1b8d9d23a5a7637ba60cb07b4af2a221d421a0b013e4100b06ba8025fbf2
raw_ipfs_metadata/526.json,1168,adbd0096f2926c0e0c6b29a31a551a230df248a4dc5e5bceb9f6f89196ed984f
raw_ipfs_metadata/527.json,1153,67837cfdbea2db65548adb0351feb02ef03a21404547b58cf1f94a757cb11fc0
raw_ipfs_metadata/528.json,1147,fcd3eb54b370011341f968aa22c956048aff1f0382db1467b149d9f6ea71149f
raw_ipfs_metadata/529.json,1168,b5892cf1cc692276a180f994f9f65ea915d6c8b134594879ce788c554852ec1f
raw_ipfs_metadata/53.json,1149,ae774c2e9ebd580aa79a2148be84627726c214dfeca4eca5a08db0227b6bae5c
raw_ipfs_metadata/530.json,1183,1f71f0348574a3b0e6b807c3d7508fe9abef77b08ee5a060cd34ff0688dd1d55
raw_ipfs_metadata/532.json,1162,28f1c37ec9bf4829382f9b94de7b6aa8dd72cf190db150d0d804fb2e30756989
raw_ipfs_metadata/534.json,1159,05da0be10ead51e9fcb2be820f6fce693edd6cf1fb757d482991967e7773f610
raw_ipfs_metadata/535.json,1165,139aee36fe13edbd3ec8921678fcfe42b9d38c7f3fa8ca95d719d13d3b430acb
raw_ipfs_metadata/536.json,1156,8fb42063ae0704af56f525f49bca5a59a8f198e66c601c767ec1ecd17959792e
raw_ipfs_metadata/537.json,1153,7fad923627c9fb426241a7d7c1c080a8b54e5f090ebdec66ab73985de484e7f6
raw_ipfs_metadata/538.json,1144,15a87f1fe7bac92d2cb49b4f0dd7866b402aeb3ae77735f4e02849d270c7782a
raw_ipfs_metadata/539.json,1169,34851a54f799702f5f682ee83354973c7c9c4845f8efe18f5431bb029c8e8d3a
raw_ipfs_metadata/54.json,1161,bc930ffa081718808fcab3b6095880b43df4dac5df7e59276430a7930f1e3097
raw_ipfs_metadata/540.json,1159,1a511b921c25bbd355c5da088351bdfb479ccd80c2cc5986355afbed1f6e9fa1
raw_ipfs_metadata/541.json,1150,ce1df0e0cb440789205b4ac15d827c60cdaa1d3422eb35dcbdf3000feaf09bb2
raw_ipfs_metadata/543.json,1168,f335420cb36691769a0a65bfa12ceae5538ed68b889e9f74ed6cb5489424ef7f
raw_ipfs_metadata/544.json,1150,1144f9ee8ee77bdc9d10754f3707fee9317e3143746ffba6ac9bf2ee0710226f
raw_ipfs_metadata/545.json,1162,37ccd0ae9b1469bfe081b78e48c00e4a96c65bd008239f683544ca67cf4a03cd
raw_ipfs_metadata/546.json,1156,81d185a4b2028bc19e1068b88d882b0dc26c75476f742e4a5887b827d6010d04
raw_ipfs_metadata/547.json,1162,686da0d958aee2fad31786288cf2b0c1449b1fd03bbe12dce4861d1d6a3cfa56
raw_ipfs_metadata/550.json,1168,859a7da417e96be3d8445994e224f3a228e8865ec2ac3dacbbc33521816f3a5b
raw_ipfs_metadata/551.json,1149,b563874078d62beb3956d9ee1678a3bfabbb60bc28b5e6f99521089560c5c3c4
raw_ipfs_metadata/552.json,1162,13e1fe86a6f7eab29286177176c9635b1089066f3ac9f3ab1572d31d3a08d639
raw_ipfs_metadata/553.json,1152,299d6a84ceff7b10be717b74a4ee0ff50e0791844ac7919e227cecb594b9c023
raw_ipfs_metadata/554.json,1144,5a3431b0d7f05917885803f87a83fc9932f6bba7bd31fa64a6a3e2b721044724
raw_ipfs_metadata/556.json,1169,a9532b90e34a8a2eb69b0251b79baedf388029029f6f4939bb5f055a157b277f
raw_ipfs_metadata/557.json,1165,d8b2ca8d9967fe368adddc79f6ff8172d814782d5de39d379ba2eacdeaffc091
raw_ipfs_metadata/558.json,1154,5b3424e1de2ccb891bef1ba3b9111a27469d391bd0140364ab2074fc63cc9fd5
raw_ipfs_metadata/559.json,1168,d1f494168e39c89fba340a1ab891bbdc0526d053d7c0157e984857144f9f66c4
raw_ipfs_metadata/56.json,1152,f36dcbb9d7ac3e634c8cd61544150592129134ee58b39992aaaf9842e60ab843
raw_ipfs_metadata/560.json,1170,dfd179023931510263e12c6eba6731ae1daa0ec4ad0b3cf2367bb1a9f39687f7
raw_ipfs_metadata/561.json,1159,5e7bfd23f3475a8295ce7514a531e10a59317b28d566501424928dad9733b634
raw_ipfs_metadata/562.json,1164,c7d79f88b4072768ddf83c42092a20d3eb42009fc794215201a9aa4375df6962
raw_ipfs_metadata/563.json,1161,ac790a1a7319311aea3d96c8d0dc92988b3f72cb7244c29b4179291f38493f4d
raw_ipfs_metadata/564.json,1152,15bc7932c89eb48a78a7c589260f593f6b2b0463950194de16b6f262db5b31be
raw_ipfs_metadata/565.json,1150,9a6dad68a878f6a343fca6fd3ba982fb6213eddec248dfd73b34f7c93c5afaac
raw_ipfs_metadata/566.json,1159,c7733bc903098cdfbe616ca113891c691932d74b79730d1d9ee0b313681dfbfc
raw_ipfs_metadata/567.json,1150,8c48484bbbabf81037b2988c47fdf3d1fcfc8947485b54c17432053899e27d80
raw_ipfs_metadata/568.json,1156,76d3325f099680f733a7a491312e5fc9fbcbd25241cd6dc48a0679b2bab3da14
raw_ipfs_metadata/569.json,1162,ddc4e935cb00dae1345a61d9d2d670d4c1ddb2efac54905cef7bd5793f9a10f5
raw_ipfs_metadata/57.json,1161,e4d5f7ea2b5ebfd13854a03687d5aa3b0112ff150a2128337112450bca709b18
raw_ipfs_metadata/570.json,1180,f4190e4916050268ed3540be9fbfba298a02cc4c284d527d7faf4197a4ac536f
raw_ipfs_metadata/572.json,1152,ef6b064c4a9a4eb4fe41d646fc7465e30f3b58647a04247bb3356129b729ce1c
raw_ipfs_metadata/573.json,1168,7c2aed2c655a72038e9203107c4a9d3e6708d33aeda2a3be9edbe5ea38ca0c21
raw_ipfs_metadata/574.json,1159,6fce30c757cc83a6c25eb6016bbaee762c3c892e85efbe3271e8d4148377a2c5
raw_ipfs_metadata/575.json,1153,b6901e38ab9526d785e51c4f19855410d96af9d205aeaee9def7809733b1421c
raw_ipfs_metadata/576.json,1165,6784ecbcbc27cacf526d6ab457e2587b03b2d8e72169c4151753bb001786796b
raw_ipfs_metadata/577.json,1162,6fdda8a6e9e1638ff2d780fa682306630837c84e896813fb6c3b5975a6662155
raw_ipfs_metadata/578.json,1159,e4f449a866de3a333fdf93667417b3bfa9cced956fbcc4f333b827054fa18165
raw_ipfs_metadata/579.json,1147,1a4f5a9f0ed031e3ab2b09ab50a91e7abee24efd7b612c42b88d06f213c6f37a
raw_ipfs_metadata/58.json,1146,077f5f041bf2b7cba48000ae2af307c62b9a4c0f6133d7cfef25443098785a7f
raw_ipfs_metadata/580.json,1162,7607373e23a3dc0aba73ab9f14ed0fac641503c1bbeac38c77e75b02e259ef67
raw_ipfs_metadata/581.json,1162,de3638ff6cc32561d7088f2d3fbad33d32ee33ec369ebbb12b049f99af576b57
raw_ipfs_metadata/582.json,1157,d516f9f043916376d52a178b8ddbdcb380e4c5c8e70532b680a3d9abe0c377a1
raw_ipfs_metadata/583.json,1159,2e9a50994f99a9b66c3bbdf3a9558ac140f84e025cf14c2571cb52079801148d
raw_ipfs_metadata/584.json,1147,bb837d33e6fb8850d74c4040aa72b46d81373bcb7d06aa40f3546e2dddd2f954
raw_ipfs_metadata/585.json,1183,f02c2e1eb6458f8400c5b409ddd97da513bbc7aa84223d8567ad9ab514420860
raw_ipfs_metadata/586.json,1162,db177a275a6e538877f0c76c5e3e482510155b047d2e3731873a55d9b4fccb28
raw_ipfs_metadata/587.json,1165,fcbbe2b701c4c70aeff71663a55e8b4fe07d6a72e62885f7e17a3559316a5cc9
raw_ipfs_metadata/589.json,1165,2ec19764d81c22abf65bae4a663640a144530e74371dd7d91a85f6bd7ec5653f
raw_ipfs_metadata/59.json,1163,e28c3510206d8baebd4d4c39eca486248ba5fe2c35fe61c2ff5d1774a6e84836
raw_ipfs_metadata/591.json,1150,8c53de5b5b355de4b8d700f533845f58b2a25126dc8f26f4953370bbf5a3407c
raw_ipfs_metadata/593.json,1150,2be46ff174ece7cb85deea2126249fd874ce52c02f28ebc3ba1c2dda2aea45b6
raw_ipfs_metadata/594.json,1172,ad114b1f6eae8dc76365028eb98c17f37e46181b73881bcd86bf3dae4beefa68
raw_ipfs_metadata/595.json,1167,30f6adf0fb3a37c7b2faca6db7e021baa6a9127f3c4d49a32b18091dbe7fb522
raw_ipfs_metadata/596.json,1147,23b826b10d7f610e7b54097ee64470b7739708cd7c13eca364d116a9ddb7421a
raw_ipfs_metadata/597.json,1147,956aaee38d635de74a200f7bb02fcb8f4c3873b2ed0fd76aff362e5334b3081f
raw_ipfs_metadata/598.json,1161,52107af844d4cfeed1decaaa3af4706bf68fdabf2e44a3129ac75bbb23a86ad3
raw_ipfs_metadata/599.json,1165,3a037c3099983ab920b824814b00b6dcefbf035cf726bedf26385e83948d0648
raw_ipfs_metadata/6.json,1151,cead2980e41d690bcd4d356070aa6d1ebb4d8342f08991e7ac68aac7b7d2321f
raw_ipfs_metadata/60.json,1158,6e66de12f9608568ce34627f7ca07ab59f49d15852a34c977c0f3309a24557f9
raw_ipfs_metadata/600.json,1155,5308726718074d29a1f4aa2abe827ad2b6cca680c8e319287757c7c3bae3b1ef
raw_ipfs_metadata/601.json,1167,c504c3b0825349db76c5229fccf4ceea861bbec343dc08054cf6ae45df3ef090
raw_ipfs_metadata/602.json,1153,af5e2176344ad1fabe7662c20298071aa52dedcf7bf1fbf802a1e7d79a34c411
raw_ipfs_metadata/603.json,1160,7993e3901c24a67d596e0c5dc519811cd3cf0743d5c68da88ade8f21eceec8a4
raw_ipfs_metadata/604.json,1162,681cc2977c298426640ed776f2dbb5592ae5348618b5c5476576e5091259c9c5
raw_ipfs_metadata/605.json,1165,4da02ccc06b3ee0b7c8dbb14e634e394c7677f4b11ac57b9fde7129828f60ef1
raw_ipfs_metadata/606.json,1156,9d5dea8e5451ec02796f095f92c9ede55938e2007446d6943e2bcb3993f872c7
raw_ipfs_metadata/608.json,1144,072395e40f176e5a5ca40495bee0b0957860293d1def09e51573f3618d56e27d
raw_ipfs_metadata/609.json,1144,2d887d700f0e97479382ce1f0fa892ea1efde04f7405264c1af73f91cdc1c1d0
raw_ipfs_metadata/61.json,1155,f73bf29fb06466bbce9c480062c9e0cece4eaac6073cdc9f5e897ecc1265edba
raw_ipfs_metadata/610.json,1167,3a56d7142527b4840d068d9f6c4fd423745dea9ea052a1663ffc133d41820dea
raw_ipfs_metadata/611.json,1177,6f834e1eb32df6d71e929178a0e585fa6f1d41bbd19f40197bec129e4f122d0a
raw_ipfs_metadata/612.json,1153,71506674b84730ed9e4818fe50f9e21dfab8bc2a981ac81992e07e2d0927d97d
raw_ipfs_metadata/614.json,1165,9d50f9f05623f0be504a1f5967b7a1e004acd9d5e187ae4612dbf4bd0241aa26
raw_ipfs_metadata/615.json,1153,9fc4fbdb82dc9809dbe6bab24debb50e62b3b2d27ba2775be612b9da7b5b40d3
raw_ipfs_metadata/616.json,1167,060df4cc345e109c0ced2ab2b8fed68aef25a9d657ded220b1696af71c2f9a82
raw_ipfs_metadata/617.json,1153,1e8d9744f38f9b7f21716300c629a8f285ea05b1633dde1d3813c7b32f8e2f08
raw_ipfs_metadata/618.json,1160,2a96ad0cdf029d7a0634e8e3b2f4ff8552cd467cacce36961efc92ac3009e8cb
raw_ipfs_metadata/619.json,1153,6c3ee736f094f3501cf5e6ccb616f18984c3c29c274beddcd748afe942e7ba66
raw_ipfs_metadata/62.json,1170,5bbf316cd20cf2f63e0fd43ac24dee96d5942801fa4319b5ed36cbbb3859a106
raw_ipfs_metadata/620.json,1147,865c1fc8df7dd24b19f29eeb5fe4fe8f414fa9e260ac384a4eacaf7083c199cb
raw_ipfs_metadata/621.json,1168,b1878cfcca096856490b4741db1c9d82e37d758aa190912a1be4291971e906c6
raw_ipfs_metadata/622.json,1153,d62025e7c3382145dc09880f1f141c7579b215c999a00b24ff1dceb799dd6bff
raw_ipfs_metadata/623.json,1165,956596dcfdba24806e41f4cf1d5b46da494020274f154901b41e807617259102
raw_ipfs_metadata/624.json,1174,cca2e09ecda3180aa112cdea2dd1766956c3cf71551c51fd181d36a0a0f6db06
raw_ipfs_metadata/625.json,1156,422dcfad67a84fd704ce9d45f12606f6c9a9c6633c0cc538c042a5466a090e9b
raw_ipfs_metadata/626.json,1149,0cb6594d767b26f833f0f3ac6527e1ed25a1676f667efb06b3d42070fcee4172
raw_ipfs_metadata/627.json,1153,f06c15ac9a2fc87c9d55c5588f521e6351d8b548d55a66c40ce1293146831aff
raw_ipfs_metadata/628.json,1147,5bfa560f14467328992d3b65a25099a8ab44762ebe60e1ecee93312c824d397e
raw_ipfs_metadata/629.json,1162,01c12a2da951b66d74f848fe0545c08b0ff330ba3023eafeee6752478ccf40de
raw_ipfs_metadata/630.json,1150,1b1371c3a1031da3e8b78ca1f4c2b2a939c43094feb0db2712bd9e5b9debe4de
raw_ipfs_metadata/631.json,1165,ae2bb8ea0d1b033ce61992a84d5cf265ca8abaf7d7089c533fa7b6acd9b32736
raw_ipfs_metadata/632.json,1161,fff969b7ac658adc856568c07a7e634ee6b2aa30eaa3573098c38a1e5813a18a
raw_ipfs_metadata/633.json,1147,93e8c513955cd490cfff958d8dac01b4d705364038ea301c4417b2a2b9e35c61
raw_ipfs_metadata/634.json,1144,b55059c890f60179b5191f8f33497e3fb14a800abf8aaf35e91a17aa27aef10a
raw_ipfs_metadata/635.json,1165,2d84c5c81d628968c74060472f15021560bdb9e4729810794944357f86094fd2
raw_ipfs_metadata/636.json,1156,7e8a3d2e47295377c9648b6e6004405a260eb52705703e18e010035dac787810
raw_ipfs_metadata/637.json,1159,16e2a4cd3adb7213aa609e315080e6b4287e028d0dcdf5d77ac88750da788459
raw_ipfs_metadata/638.json,1177,eb9f3ef245364608e7087822f33467e5ac5f874d7ccee907302febddf18fc48c
raw_ipfs_metadata/639.json,1168,a2186fe53f06bb6691090a3fc421a50161106718429eb78d0b39a2b369b3dec5
raw_ipfs_metadata/64.json,1155,05752d8a4475fb9797ca4fa62be078b7b5cf0f09762718c6630ade2493d79002
raw_ipfs_metadata/640.json,1154,24a091f4ab734db80a338999d7c74efa1a9fe295cf812602d24ba0cdca1cce46
raw_ipfs_metadata/641.json,1156,eeee200b27cad8f2dbf8d71401f62ce25367ffe54f8a18018f547c293a81a27d
raw_ipfs_metadata/642.json,1152,847a431db2835fcd26ece1c7705b4b7ce599e3a9ddb3088184cb4f1a038c0894
raw_ipfs_metadata/643.json,1165,f92989449dad8ffa18508c0d468e4e12a1dbe2c802fe4128c4b6bf7c3cbb411d
raw_ipfs_metadata/644.json,1153,022c20ae4c49712392d184b2c114fcfa37c100749517c90c76c93bec99a257a9
raw_ipfs_metadata/645.json,1167,fdfddd267cbeefb33c8328f6d091668abcb344d1594623de1525ab395ee9bd81
raw_ipfs_metadata/646.json,1168,65e75318e3054e6ec30d59915f8facfa30ecfc331eaeb61bb9da2dd81e50150a
raw_ipfs_metadata/647.json,1151,a40dc5f47ef4302f836b60b0e96c03b48dacf4b5689fb7ba418c3ae21980f646
raw_ipfs_metadata/648.json,1162,90976e29dc3968895862689c097f4dfd73f20c9db95e2c64a93ffed6e87b2cdc
raw_ipfs_metadata/649.json,1159,56fd718f4dd21d97293f29f2e0285cb8f3df15f55790a84760d97804ea2726e7
raw_ipfs_metadata/65.json,1158,5c3c72c3085015bc1c298dd20776e228425c2cfee56aaa1ffc38f1da984783ec
raw_ipfs_metadata/650.json,1162,8c4c8cfc436cad0ef7926e4f9c5da794bc5beb0240a345a4b4e1478ceeccd906
raw_ipfs_metadata/651.json,1159,d6098d3d7d1c3aed28b3e946e4ad215a61122db79107c4332b0133b60de8d86e
raw_ipfs_metadata/652.json,1144,c3891ddb62631091176af9b0e42556fc1a77efbaedfe6125208030270cd39698
raw_ipfs_metadata/653.json,1171,874cdfb0d528c65772d4e960f01e23323f15ec17702116ded395ba84c08de62c
raw_ipfs_metadata/654.json,1159,6fb04c24a9cf8124bd8582fef9f3dc30fa64d2fb1f3ad35c3a7f9751d5be1376
raw_ipfs_metadata/655.json,1162,5747329a1b9f7328bc410fdb29e494d49fc44b1e6fd832d22218bac061de5cc4
raw_ipfs_metadata/656.json,1144,30ef4f71e1950c28134f7478da6d6bed8c9e009380b92b09b792937b10b9c593
raw_ipfs_metadata/657.json,1143,67d2c6fbbc0d7bbf257acc4a0ffad9f5ffca88b913e64df281223fb0f18e0051
raw_ipfs_metadata/658.json,1168,0c2588fa0d2f69526c11abab3b54a856de20dfbb4943589fa63c2b33f21f5f02
raw_ipfs_metadata/659.json,1146,972f17488555cc54502d0d72fc9287b5048f166132f4ad5ef8df167c98a8ae6f
raw_ipfs_metadata/66.json,1157,0318263f05e667d2057ee74fcb814baa3157822eaf27a01c2e9ac88b5a329543
raw_ipfs_metadata/660.json,1170,fd1b4fa4e6bd42d2e6511553ef8ca650f1cf538a7c4604bea9139ef2321875bd
raw_ipfs_metadata/661.json,1153,e0b9daa92edb2ff78e6e00199bd07cfd869596a543a00914d77e444c77d6be91
raw_ipfs_metadata/662.json,1167,4813354ddbcebdeb3f54b610175a51d65573616d9a8f3bb9c460f8ff488db9ba
raw_ipfs_metadata/663.json,1164,f7d9dea9a265961b71728a274ba98c1ce0751756619f26fe1b1282168695afed
raw_ipfs_metadata/664.json,1147,44ce89392e1e9730a57819d7c1ccad3d6d21de77f28c2d4e00f22225e2dfb218
raw_ipfs_metadata/665.json,1150,db5f17b9f7f855625e56f361931814477dddcada0b9bf379259ea312643afb70
raw_ipfs_metadata/666.json,1165,1b436211847b0843a58520288bffe591c2c4e97833b60494f464aa1b6b138e61
raw_ipfs_metadata/667.json,1173,9ba2000b8359dc13143013f161535c88fdb0803df63f9e79e3bdbb3203343540
raw_ipfs_metadata/668.json,1179,8d713dc3ae13697e9bcbd22240100a730d1015fb62d61b4bb416c0937220902f
raw_ipfs_metadata/669.json,1167,8a41113a4d88138daa68b4c6f2445ac2b1621afee0d7f2b4870c7717071e9786
raw_ipfs_metadata/67.json,1170,3d5c1b69ae53b298dbb5162c79cb8090aed4f8c0a669a577a939ceba05a939bc
raw_ipfs_metadata/670.json,1155,03eee1f60c908a1001eb8b52552e81e8941ebef24175c3213171b04a125d2c0c
raw_ipfs_metadata/671.json,1147,8d5111a66d3fff59ed60867f0ccce2939c01fbeb8b8969372025eb7398a70e3d
raw_ipfs_metadata/672.json,1147,c4cdb1972bb0a9bf1581321c766749af6e9222fb5a68e8ce157d28e163e195b3
raw_ipfs_metadata/673.json,1155,d983c3a5347614f1b26e7a8aa8020f03a3682928fdc0be454d78e73d06f5cc34
raw_ipfs_metadata/674.json,1150,db00a86ea24b5bff753ae752701aeace326c6fc9a61e2dbf772cd19d87a883ef
raw_ipfs_metadata/675.json,1173,ce6fd04c791c82d17d74c4f315138e360f652b3d50854fe6f1125bc690d3b767
raw_ipfs_metadata/676.json,1173,78aaae446951afc91cf156d20e31b2fffbe922c53293037e11b27bd79a64a0ec
raw_ipfs_metadata/677.json,1167,8c833ccfee5fd1b6e1fadf8e44a617a2a53ec53465e36ac7dc258296ed3763c3
raw_ipfs_metadata/678.json,1168,5ab5d92fa712bcca47d491ee162cd18ae7023e07b555e6e4f574762e885f2f1a
raw_ipfs_metadata/679.json,1156,35e2b13dd588c52d3b51c4e8ba8c9fabd1f9322bd00f6128d0782dc8a4fe053a
raw_ipfs_metadata/68.json,1155,2b0d9fa58b0dbc26e4a9e9dd54e3ecdc2fce3f5ec4e2221d2073e06cb5c2ab9a
raw_ipfs_metadata/680.json,1156,3f29f7ff336ab4686098796775306ca8ef7672a3885fbf848c1cce0e4d848863
raw_ipfs_metadata/681.json,1156,e0efe095e4f98e66b26541a62652325ad70b0618ab47718ccd4853ae3e16c8b4
raw_ipfs_metadata/682.json,1150,ac800beedebb96bd405447731c5afe3172170437c9761be750f854b1f038e0b0
raw_ipfs_metadata/683.json,1149,9125fbe45412e2654c449a7e3e3c50437f160d67b267a4690a30850c7bf90a3d
raw_ipfs_metadata/684.json,1144,0cfecd16062977ee2f83cdcd5e243c5f8aa07e2cda7a712024b2bd9c8b99900c
raw_ipfs_metadata/685.json,1159,880f64bb58d254815210738c50b9578bddf16c386cd7ea13a9221f1993096d29
raw_ipfs_metadata/686.json,1141,97d11d86b44c915c3545a442d064a2439bd498078b779ea1be9561135f70dc8b
raw_ipfs_metadata/687.json,1150,82cad79efd08cb9396af10028d8d4ba7f5e653ff29d4f33e029b05361d4c139e
raw_ipfs_metadata/688.json,1159,851cffcb21ab5f1a0b3c66c820fcaa6fce6084eb8dd2d4f300d0adb121017e0b
raw_ipfs_metadata/689.json,1147,a056f40b7332019043a874e6dde1c9f5e1ba6fe37cbc920f43fbf7c84c9adede
raw_ipfs_metadata/69.json,1164,dfeca30f607e860997caec93c007488f86276b1865630bc08e2efd43bc584e6a
raw_ipfs_metadata/690.json,1150,15bfd2e9bd357e32f7f010c601c37ab72564de3e0c032ab9bc0c4213526b584b
raw_ipfs_metadata/691.json,1156,5182567bb1f8dcb554f3fe9c3e779e0db8ca1c905d6851bc488dd0eb417b6cd1
raw_ipfs_metadata/692.json,1153,e31e6f3babddbf4269e41af1645f85707d145e310e43e51a66adfebc4bea3a9f
raw_ipfs_metadata/694.json,1153,274a31c4272076a6a6128a1fc1ccc5310992dbe2f4867bac248fda24729061ac
raw_ipfs_metadata/695.json,1162,dca302d27c4d689d431a5533acb7a4774d252f072ca364de34df93c29edb863b
raw_ipfs_metadata/696.json,1157,8534972cc1b8c101e46f6f5cdad1b422e0d15874cb20135386360d3e1b611106
raw_ipfs_metadata/698.json,1160,146264e6e6810b71411e5ff32700f780aa13ab84155c38422165a4fbd36f9fb4
raw_ipfs_metadata/699.json,1147,727c9f5b8c75d7df29481122603678266eac9915cea617d26081188f9b0f8435
raw_ipfs_metadata/70.json,1143,53245541ccd81a2ace39759d43c4f4cecf438674aca0837589b2fbbcdc1c6cc7
raw_ipfs_metadata/701.json,1144,d5ed9e1e323b01e2104687992acb52dd4c2ae32cbcde0e9c198ff9126256252a
raw_ipfs_metadata/702.json,1152,6c50f70b2b2da993ada69a352475385ad4c64f552df4c8d3fa433dc8534b3f45
raw_ipfs_metadata/703.json,1159,44faa63d16435595e9cde18cfdd6e28ce6cc137f4e6e83e7dff72184b55ff66f
raw_ipfs_metadata/704.json,1153,49ee636e530a1ebe16526f04f34bd9838c6606bfde2481daca1461c3608fae61
raw_ipfs_metadata/705.json,1147,a6759995b50488ae2b8f95be49eb92def12246ba8c1aec22002561231b008e18
raw_ipfs_metadata/706.json,1172,eaf65e1712ef64f7f7e5b30241380dcc366c102a59cce6c5d4e074c6e53b40ef
raw_ipfs_metadata/707.json,1147,c3176e1774f9295cad07661803004c7a9448e2c0eb89e52237f1b61e583ac2e2
raw_ipfs_metadata/708.json,1164,e05ed49d7c1008d17b8afa35b1854514f56439d300773f4a4935c408e6f53423
raw_ipfs_metadata/71.json,1163,84fa716cace367bcfe81ed4434dc7bb1ae3a1c9423b118da8bbdc4fd3a53d01e
raw_ipfs_metadata/710.json,1157,ee07b026a4084995ad3cf8deeefef146e2662879e27f9c3527a57193d8ed18ac
raw_ipfs_metadata/711.json,1150,2e991eae2271fe376e54252b1ed7928f14375aef8a9f32f8ccf823d712a11bdc
raw_ipfs_metadata/712.json,1144,41cc82bbe92c1acd55bb7dd19b5762979533c6c5f5bc6b8f6e66c32a2537069d
raw_ipfs_metadata/713.json,1149,d140b1072eca7b39d2cbfc46c09d1361736899bbf13cea9392d5e89613878bd7
raw_ipfs_metadata/716.json,1160,670fb0b8d43c7f3a57491c51a753a5e98afd7d239d5d35f04b8ae6392b0dcadf
raw_ipfs_metadata/717.json,1150,de187f58de07acd5ad3d12fd73fd3ab12174b99323063cccce9a1df949787601
raw_ipfs_metadata/718.json,1147,3a4c37bc44bcab2ce88f0017f16969c9729495dc3cfb970a86286a9c63249d2a
raw_ipfs_metadata/719.json,1147,8fd448fd98ef3a14def944bbcab1abccf61369edfebcbbc38d8133d6195b448e
raw_ipfs_metadata/72.json,1152,b97dc82c3b78770217d4d3d68fd5786cc24e4ce10c23e52bb377794ce7fd0524
raw_ipfs_metadata/720.json,1147,e683329106f6babd5bfd8252ccccf2381ec752d65b459e14b83146234a14657a
raw_ipfs_metadata/721.json,1153,a11b30135a137a71a6543c0d67bec1108e1a2edc8f3d1c87884ebda3d6fbf05d
raw_ipfs_metadata/722.json,1174,4b2f34b0f109dc6d3b98e758df9c8c30db1c1f903d5479897cd49675538a792e
raw_ipfs_metadata/723.json,1165,d50e6aa03535dfe6da56862ed7153c1cdaaa2744ae9a5f355df29c708a635fd2
raw_ipfs_metadata/724.json,1167,122c222768be2f0b1333e324a14cb11dff6e59c95524dd4dc93074e078e1be2f
raw_ipfs_metadata/725.json,1163,7ab280e866c28e56ab61cd80c58b0bf101d91ee6fa09c240988d8d06e2b2c8cc
raw_ipfs_metadata/726.json,1156,baa3db0436f6a9426ed455849733b0262c62007e34360924357df6bf00402a0a
raw_ipfs_metadata/727.json,1150,95c77bf3e5f5e51df7c40705e9260a78b5acac22d21c3a533d9f8161f7e2f34a
raw_ipfs_metadata/728.json,1150,618462edbd55fd62cd9c25de7bb14f528e1ad3ffc1885941d6a2acda3c111dd4
raw_ipfs_metadata/729.json,1147,24423cba6f532b0c733af11a8c5ff89b6d1c1dcee94bbdd0278d1d886c445e48
raw_ipfs_metadata/73.json,1155,a34f03b4caa175710c3bf259351edb816cf1c506500d200088b4ef1a9bb5c89b
raw_ipfs_metadata/730.json,1156,4985e15a0107ca98ecd0dc32a9593fa0fae4b959cc92165d89da1852d70a7244
raw_ipfs_metadata/731.json,1156,ca50462b42d7fca80b4961b12c63040826fd2ae8d007b0f779b6aca35112d26c
raw_ipfs_metadata/732.json,1147,50f30f050103cb6b717990406b4b2b887a247cd852eaed83abf1fb165ae0aa7a
raw_ipfs_metadata/733.json,1173,041da4a537482263fa74cf144640d85073afca3907deb14d2ffb7e8d8006da7b
raw_ipfs_metadata/734.json,1168,c30c978b21717370360bbadd237de1e7b7592bce4453b748d5b7c3cf9ec4f75d
raw_ipfs_metadata/735.json,1153,2b493710e69cc126f9adcb57ac9f1b446e094fdac470bd5688e9e5b684a3f788
raw_ipfs_metadata/736.json,1164,44785bece4172c0392c9f4ec9d611861021b0ce5282c295e43d68058e6d20123
raw_ipfs_metadata/737.json,1147,8caa1c5aadc6692f83cd4ce278eb89c2f1731437c632a24f14302ca064984b5b
raw_ipfs_metadata/738.json,1156,2e8cb4f2bf4d8a2a50289dccd99c5f0263d490b13bdfd2df5c01e305bba675f5
raw_ipfs_metadata/739.json,1150,f489b5dd106a73a3deafd10f465215524c727b7b6af68564cb23bd9d037aec23
raw_ipfs_metadata/74.json,1137,1aa2102c92e667398e8fcebc17c041f185978e3402d3f5b3540c4bc0ed0b1da8
raw_ipfs_metadata/740.json,1157,4868fbd6b2d853d0555f82e2187a2ca42e16b7ca27bf0b6888b7a269f70f4cbf
raw_ipfs_metadata/741.json,1161,8e31593b7b352bd076fb36c22cc4f9b736ac9320c963ae7b976c0fcbf76a6cab
raw_ipfs_metadata/742.json,1159,a286c910a9cbec9df1c46f85cb468240d602071a74e129009a0dc3ad1c36163e
raw_ipfs_metadata/743.json,1165,d326034ec07562bc5b9990ec7ce3ba5e532108827c0fd9d638b375abd84ade1e
raw_ipfs_metadata/744.json,1156,04dc4d3ecbfeeff2fbe1c082eb6415290e98d5ca6382d61b74ee40efdfe9342e
raw_ipfs_metadata/746.json,1155,a67963d683ae64e651936be01f36eb7de01487bfba36910d7c2f1ec8f0be5476
raw_ipfs_metadata/747.json,1164,1bce51b33343b739b888cd735780a53e43a107f720c09dc155e02726e0e96444
raw_ipfs_metadata/748.json,1150,5cb3cacef77f4106880d20b3531e240bf55c93ae0fc9067088aea02f032a8776
raw_ipfs_metadata/749.json,1165,1f0174f30bd0d22af834c4b4f5a43ec89c250fe1f5eb80c69420d3c5c6761ab6
raw_ipfs_metadata/75.json,1154,63393b2d99c0745fdeb6def2c7e6571c8fee5b3357f2b5afcc96abe48df57c66
raw_ipfs_metadata/750.json,1150,831f746de9ce0820995e40d1bfb1771b0eae5b4f815835eb75ca95b8068f99e2
raw_ipfs_metadata/751.json,1171,3e4f925016e0d1b1a50183e704c93ad58a80ba9a31fc9bed323a37568f3e0a27
raw_ipfs_metadata/752.json,1161,7331eca7e340ac8606a800ac6cdcc72f7733fe78957f6592f4ee3c5f397cae17
raw_ipfs_metadata/753.json,1162,fd5f27917450ee2fae086f2c9ecad887cbdb2083bb96a0d3afa63893af14d8bb
raw_ipfs_metadata/754.json,1158,ae022a72ece622673d09c73984c6393dada624f1496bf29b0cf13811e52e796f
raw_ipfs_metadata/755.json,1162,9bfa777c9f6996fc2885fc8a51c799159b0dd07804ef6ef6f1f1dcddd25e563f
raw_ipfs_metadata/756.json,1154,0733ae2b424a5323c49a06b8cf12c058622bc4e44d96f8fee6d1170d33cb8bf0
raw_ipfs_metadata/757.json,1150,361587bf97798218d4bd46eb1a895258db144dfbc29e61db22d64d15eaef505d
raw_ipfs_metadata/758.json,1167,15fb1b80ca307237b10760aa9fe52257b9dbb74d6c9fc3ce1056a5a6b12deda6
raw_ipfs_metadata/759.json,1158,8609a1433ad3b45941473d18102e56ab41be1999034fe7dd2586317e24261be6
raw_ipfs_metadata/76.json,1164,ce0276fefb9003774f5b531d6fc3ab36be78aedf9b092526d6d64684db5dc4f8
raw_ipfs_metadata/760.json,1153,37e78bdbaa17d87bb019b0662d53a4df99f8b6b068e8e4c11bb6215d4b690a1a
raw_ipfs_metadata/761.json,1166,df13ffc77ff3c314b79a2e38b75723a32ba40bb4a3c309b8bb33ea7ac4d5eaaa
raw_ipfs_metadata/762.json,1146,5d82067f5132b9dd688454aab9002450b015dd969ac400f243751c3a807925c1
raw_ipfs_metadata/763.json,1164,769523176f410497ac0ac0cf89a8dcdeea73b41d16afd97b28cd756a043cc8bd
raw_ipfs_metadata/764.json,1156,9d35186f9b3a2e464cb0ca962b268b0584c4b2e22651dae48a2f75c449b74b44
raw_ipfs_metadata/765.json,1155,ee69ff5b9d44227f7cc9764f912127810843e31d31e559a216b5417ca3def64d
raw_ipfs_metadata/766.json,1147,f71cc5e5fef695f0118ffe20bcd0bd15841d4dbdcde43c8185e489d9b24d78ee
raw_ipfs_metadata/767.json,1153,3473065737ebfcb79bbc1f19be1d2b69c52903fd3faa0187e0bf3ee36ced3f05
raw_ipfs_metadata/768.json,1144,11add38d3c7e680fa3536942d5eac0edec4fc84d4b84f8c8912e6114232d8328
raw_ipfs_metadata/769.json,1150,8aba6809ca9b658f0b0ffee50f67ccf8071d8e0fe43ff2b26e6018b00954b91c
raw_ipfs_metadata/77.json,1164,d188dd56698e375c4ea341e93d2b40583e6fdead2ac515ab98fe35da4b5bbf8c
raw_ipfs_metadata/770.json,1163,2f60eac2e2c3ec03b11f75848755e217c96e6e47be7d910e45b5e7d8aa201aa8
raw_ipfs_metadata/771.json,1167,ed3493db78b0e50b888347b7eece125fce1847c835202a0f12bb13e45bc6e35c
raw_ipfs_metadata/772.json,1150,21921994f2b027de896ec3e0e70f6a6a235c4ef462f1530c8f94ef4968400da7
raw_ipfs_metadata/773.json,1168,ef5ed1ad94ffab9b595b56b944100f79c86bd4b81b27e2720f517150c87be5e0
raw_ipfs_metadata/774.json,1174,a8f1b99d5da2874e7bee4c15531b87dd9bb794e348d5022c0e1d87afa40753be
raw_ipfs_metadata/775.json,1172,5a2934628f305682d3ae348169c0145bda0222066a37a3770d19e18659e0f676
raw_ipfs_metadata/776.json,1170,ff063d23bd146a8fbe8b7b8f1f4430db1350ef822ab01ed376f3f87b4114876f
raw_ipfs_metadata/777.json,1147,de4283b53207ddc0f1c7738878ecea7dd3f6bef9b012a2cad6920f3166fd4a14
raw_ipfs_metadata/778.json,1168,0beba71cc04da526c6d9f0f0e34a1b6c4fd8ea3697b6d6b4a38a5c8e4cfa5ded
raw_ipfs_metadata/779.json,1153,ca2b609484d39beb3478dcd437e10310955963fe011b8888492c319ba635b11b
raw_ipfs_metadata/780.json,1150,08913efa8dba24edfbf7e4410f25e138a4848df3b0fa7771c2d4f226fd5930ed
raw_ipfs_metadata/781.json,1154,75477076c9332fa0091ff8f8b0faaa199b5ae691e74e7812faee6d0a63e8d7f9
raw_ipfs_metadata/782.json,1162,430fd9cdbe89e853e8005d121e53866c6ab7aeeb3a8681f75578023e71a04dff
raw_ipfs_metadata/783.json,1164,2229507782c14dc07781a09fe3bd432f95cf724781031b6aefdc46abd3b2c7c9
raw_ipfs_metadata/784.json,1171,a06a86e985dca0d886a76cf8fbcec15b2b2a666b06a390a6e65c75f99854b9da
raw_ipfs_metadata/785.json,1164,3344e6602d3135e7c5312ab25248bc250faa71b411f989c2635f5068466eaed8
raw_ipfs_metadata/786.json,1171,eabf481f63c4b44282bef94e28f3cbb98c4e1fc9e91ab783dde86486bcbedc86
raw_ipfs_metadata/787.json,1147,90e85909e4dee14cff87c317a85d873b34a8584a57412e6d254438eb2b129afd
raw_ipfs_metadata/788.json,1150,e7fc9477c596bd22edb9209ee9d3caa650ba55f03970ec4a3291593d61cc487f
raw_ipfs_metadata/789.json,1153,82cdf8da078eb07eadc76f597fb992555ecdfe654e1ab6d6470b2e52536ba289
raw_ipfs_metadata/79.json,1150,1dd95a216454ea423e30753043105dd5087a22e68ca5b0fed903e7429b514e7f
raw_ipfs_metadata/790.json,1162,7a29d4a8371d5115ed1f93255f92340a7cb009932ae8d9b5c85c5e3ce6ecf349
raw_ipfs_metadata/791.json,1150,4a97a6eb0e41ca8140315243ec4a04aaeec628977500f1c9f337baf68a110fd1
raw_ipfs_metadata/792.json,1153,d02cc84170aa2f348dc932a572b585f9690a19f6b64bdf3801fafe6263104a92
raw_ipfs_metadata/793.json,1153,a3970e336f0ddaeff9c6b3dee151eeeb08664df1da4ebb0e4336c21834707849
raw_ipfs_metadata/794.json,1152,be0aed977f72175ae74817c8c94cd17c59806543ccc47769a5b16f3c8d1811d4
raw_ipfs_metadata/795.json,1152,ccf58f7d09d0a86df08832d02e09fccd964fc65d43fdf966085d0bac2b2a1e1e
raw_ipfs_metadata/796.json,1159,25a9e08f741d50323f6f7fe572739a73fce4e0107cecc39dc98a876c1b87613a
raw_ipfs_metadata/797.json,1164,2f9142a97a38fd9c73f03ab24830cf54f42fbf5119b30ccf0457a243197762e8
raw_ipfs_metadata/798.json,1155,d027191fd064655dd051ea62e17e40bb3770ca61161b7078109a3a44ad03195b
raw_ipfs_metadata/799.json,1150,760273b5415eb142866d8f78a86b0d6c8a0130929361c547e6635c5ca79f6846
raw_ipfs_metadata/8.json,1160,8606ef07bc7117b58b6cf4863927770ea639c6416182d74b78297e037f65e06b
raw_ipfs_metadata/80.json,1149,16db73233a94bcffa65d48d87a552f83c5318541d687baf744e37b1e32fc6a35
raw_ipfs_metadata/800.json,1143,cc77767bd4ca74bd4a99dc1215bf7266ed814baa5a9c0e752051ec8c9a165a9d
raw_ipfs_metadata/801.json,1159,a8b2f34e7edf3838e7a4772756f95975a9321aa165ba904c4c8057bd44a04633
raw_ipfs_metadata/802.json,1153,654d2d67f536358f1c9af54db572e3efe1190cda37c120aa8f7324b6dc438eec
raw_ipfs_metadata/803.json,1153,b5f390e1f3277088ea66af4683a516120bb042304c98267895377722cbfc8031
raw_ipfs_metadata/804.json,1156,d099864cddab2b097a0dacfd240d4f11f4dca8431e6cd56ae092e052136627cc
raw_ipfs_metadata/805.json,1161,b984c8f8c54c4216b4e068d4cb58c2e01c6f74b63025b837d9e76a7999175653
raw_ipfs_metadata/806.json,1171,43598d95624e18ed009d983295bb0bb61f09f9556beda75dfc6d4620ad8ba586
raw_ipfs_metadata/807.json,1156,a7dbf21ce92f2fb1a873ed116de3412c1cfc67cf9245ab6a0e91f7cee51bed7e
raw_ipfs_metadata/808.json,1159,932b482114535f7e8ce3982749ab1be6e749ef3830593d3809a57352a31d1898
raw_ipfs_metadata/809.json,1162,3fdf28bd555da414be236969c972ef6b0b29920b53ae2285a59db8f0a3a65f66
raw_ipfs_metadata/81.json,1155,e1a00e3bc8ff55a77ef8cb582146e0fb596872422455a2de3f915543d30a8803
raw_ipfs_metadata/810.json,1147,d9d9bf65b7cfc7f570a8d9996e3fd21c8d60a657f6aa12a1f3e7ebfc2e8b2e80
raw_ipfs_metadata/811.json,1165,2a9f6e86ba6ecdc1f4e35c8d2a3e9550c665e3af6f7d7b308b0b2c93c8c43762
raw_ipfs_metadata/812.json,1162,586ac91b2f01507922f36446fcd48f862afbf72402bca3c5ce63cbb1586387f7
raw_ipfs_metadata/813.json,1158,b68477c90a033a05964358721ea9bd44da8442c78a1398979d8fb237aec18bad
raw_ipfs_metadata/814.json,1153,85952df4e44b4058baa5843d73c37dbc650d7d558f231ba5b9f09410336fbc88
raw_ipfs_metadata/815.json,1173,c0651564599e7ef57502d1e5c689609135598b68ef4d466519fdf0cd0e0e5bf8
raw_ipfs_metadata/816.json,1144,ba5e38b8f789ac17b67df89b4385e155c03c69b91617da060635ebfdcf9d4f4e
raw_ipfs_metadata/817.json,1156,50514e5fcb068e502329944ba5e65a46711cba6da4fa6948ecf9c1b5f69b47b7
raw_ipfs_metadata/818.json,1153,8a614530eb2ddca9e6c1d83955ae9ec60db094971feb1936f7f1f4d45accf6a9
raw_ipfs_metadata/819.json,1159,51c7cf2b62da59d3fd1104b1e83d6cd16b58322d12e7134fe4d2ec75ff3074ec
raw_ipfs_metadata/82.json,1163,bca911aaec1c76fa4b6c367864d8a24cce99d5379cc84ff50acb709d37f4e1bc
raw_ipfs_metadata/820.json,1158,9c6e1ec12a8dd0ce98149aad1a3cf55d2c4ef50f71352ba882d4b20518fb31de
raw_ipfs_metadata/821.json,1150,445ff0fca052bec60ad84bcb9c5b07699af62765cd5ff5ae3ffc23d2bde1af68
raw_ipfs_metadata/822.json,1165,be3a87c2655fca24280d5b73cb9d5ca099900d458275c3ce9b56af2a5061ffea
raw_ipfs_metadata/823.json,1176,fb78206cc9d035cbadf96dc0f05ba78a083c7c1667744637adb6df9e8d04ef78
raw_ipfs_metadata/824.json,1162,121e31ad4db07d88b04138e297c6197f9976871c21a8a99cc70fdf1651d76ad9
raw_ipfs_metadata/825.json,1161,694dad6c237ba409016837b3e1389770b68aaa7d8c3cbda29d3d7d92d4d10ccb
raw_ipfs_metadata/826.json,1162,e81e8fce4766bef27ab35dc3f772c059c3414a62b6be8642e6984a3452134cb3
raw_ipfs_metadata/827.json,1166,44bc4c033b186b2f31f7cbb56ae51a176518215535345285792abc88d6b54bda
raw_ipfs_metadata/828.json,1156,4058385931b85b924daf098a2748eadd1c5b2bdbd20d11f3205c243072584b8a
raw_ipfs_metadata/829.json,1171,8da7c3c3fa98088a5f623cd416bb83ad1366e6981fa6d259ede8d6ffcdf17ade
raw_ipfs_metadata/83.json,1152,d37eaa7b87dc67ee95ba04b1c9dc7c811cbcbfcce7da761b2849b3b8911309bd
raw_ipfs_metadata/830.json,1150,d83c20acd764a327a33bfcd0e02f7a880ac4e55e5259dc32273a7149a9b71886
raw_ipfs_metadata/831.json,1162,e8df9e12a5429b65e18077b2cb572f37de1ca034470eb40d73a84386a5a5c98f
raw_ipfs_metadata/832.json,1159,2de34452a42affddd9052758b2baf872129fee2764a8e87249295d723c4a7b1c
raw_ipfs_metadata/833.json,1168,dccec3d0233613631b194398932e4e310de34a18c1412240d31362a06ab30c96
raw_ipfs_metadata/834.json,1156,c5608511f4c6686e2a70ffef2d99020fb138045dd4af2ba649aff1af38cd9a75
raw_ipfs_metadata/835.json,1153,ff1119930020957f8c5541a00d184f27ec7eba27e5e96051619a359794e5cd76
raw_ipfs_metadata/836.json,1158,add93ab1b74fa8c26e17835e399e648f7db0c2a42d4b94b1839139f6494cc695
raw_ipfs_metadata/837.json,1162,af8c1914b7a46963d48a4a776eda165230f87ba60e11b9cce0a0ced5944ebd32
raw_ipfs_metadata/838.json,1149,d13432be19e765015a0320c4cb7501d81daaa4f91ba1595a5e302e0190d3925c
raw_ipfs_metadata/839.json,1155,6c79ffe94f223fc2a2ae9dbb5d105b93f3469b7624f463bf1f73dee6a75eabc9
raw_ipfs_metadata/84.json,1148,29bb5e9d730ed5d7d4e68d64f694922ab178a23f1fd7a0a9f3d2c0ee2a974a65
raw_ipfs_metadata/840.json,1147,8940ac805d4159ea7fe00413ea523a139f5ca21cc2c441b5498379cde995e3da
raw_ipfs_metadata/841.json,1160,ff9e1fdd2712d6aaa6ff42a687c98b97c7390e5cab8684dd5a6f9b2dd34df7a6
raw_ipfs_metadata/842.json,1171,620fbe7fb7250d5a185eabf3e75832cbb3af4da17a7da2c1a5681ded8b9e0ac1
raw_ipfs_metadata/843.json,1166,a5721e0e59adcf9371578d877d0b7c5e4e231862c6804bfd49b25020734bfd3e
raw_ipfs_metadata/844.json,1150,dd3ce28126af39280ec53c06995def4de66319bad322e1bf6864aecc4bf48e38
raw_ipfs_metadata/845.json,1147,666c2f449218b418312257e857cc5c31b948f04c72e30874dc3fecc4573db507
raw_ipfs_metadata/846.json,1156,b10a297d19c9c7bcee334d49b1fc4685872d95226762b098237d8c5307644977
raw_ipfs_metadata/847.json,1165,02106f3b265fda35e803535f200cc1ac0af8be71213ceafe0bff4cd647e45944
raw_ipfs_metadata/848.json,1153,26b1d4a5b5e0cdb492212d9d83283f9151db142ded3fcb5e80705f0c6c496c8a
raw_ipfs_metadata/849.json,1170,4f63becbf900885500e8b220ac83257050a9b48fc23b81aa346534e3eba6a2fe
raw_ipfs_metadata/85.json,1152,515d3c5fa5ab362736bdf4ca53e662eaaf83091421335ee13a90062bef3fef56
raw_ipfs_metadata/850.json,1147,3b72e5b6472e9f037a911cde56569ebfccac8e194d399d13978de4492f2b06be
raw_ipfs_metadata/851.json,1147,ee27d58aeab15d65d889004ce10d848ddecc70dff0e0b2e485144f914bcf3c02
raw_ipfs_metadata/852.json,1156,0821f9fd6edbbd88af38a6173f5b92bfab73afb9ce65d479db67f0672b700207
raw_ipfs_metadata/853.json,1171,eb187fed63892efa785601c994d723972c1a38223401a417f0195d5939baac6e
raw_ipfs_metadata/854.json,1168,f9189298688c1b47f6d145a8ae2bedc58914748ce171ed5a74454e53888c672f
raw_ipfs_metadata/855.json,1147,a6d9910282e63dc20ad09576da91361833f17164d0fe97484e9c7cec5fe044e5
raw_ipfs_metadata/856.json,1147,0b97ae0f0025d5ceaf035d33132a87e7ff8b9c782739a120c67aff09314d7ab6
raw_ipfs_metadata/857.json,1162,bb6cdf827d20e995712792c447c9584a3c33f97a6876a42c3b111c18ec160475
raw_ipfs_metadata/858.json,1165,a1230c6f3c7cb12f905b8a391e87294cd99e5f21e105be81d4fa814369c694ad
raw_ipfs_metadata/859.json,1156,27a893ea6f989a477541651f836251aae75494a713f9df00b03917c49fa34342
raw_ipfs_metadata/86.json,1154,76dd63b80c48188689cf8bfd599da33709d82d2ed876557a0c937bd47f723adf
raw_ipfs_metadata/860.json,1153,974490e01df239907c44bc9818e3e0ce5af7c18d54e2742375f5777f23a48579
raw_ipfs_metadata/861.json,1163,785a4e39175a0ee51fda22466e954dfb4b0806ff9fc826ae06ef10c914068242
raw_ipfs_metadata/862.json,1147,3bfd69208b75fde44078df6d086ea8c92413ea27ff752c2e710a8137122dc677
raw_ipfs_metadata/863.json,1162,fd1e89d8d4846d35e0b2d6d6356e85bccb7f86b0d2bc4430edd8170a4d0d2609
raw_ipfs_metadata/864.json,1171,052641b1361dbb6fa8886f004d5e6a63316407c69f88c4a71d7f1cebd9d7ff57
raw_ipfs_metadata/865.json,1144,ec3a40f167abe109f733756e3892aeb1c91347cba246ff613a8480e39e116981
raw_ipfs_metadata/866.json,1158,71600ffefc83143cfa322c60d1f22997cdad2fcb77305a17e32b18a8d1e8b617
raw_ipfs_metadata/867.json,1165,0b0fd47f2614c24d64185aad8a7dc490734082b600720028af1ffde95f997c14
raw_ipfs_metadata/868.json,1167,91aac0d9cf4772ec531d0032834411718a0566febe4b211145c08f0e8952fcca
raw_ipfs_metadata/869.json,1155,abaf254c3f8f5ce74c9c42aaec82bac6e423a0de4e7d40d7f9e845fb8207922f
raw_ipfs_metadata/87.json,1155,7bc873b778db25adf02643ded00f8f881bfeebbedd6e3ada9ac156737513632e
raw_ipfs_metadata/870.json,1152,3d3cd2242fb5e70e34b57c3101ee820890010aed99d2b9ff78dda37daf71053e
raw_ipfs_metadata/871.json,1153,f4ca910dc4101b9a1102770bf86cae23e473297ded08032ce821b5fa8a126d9e
raw_ipfs_metadata/872.json,1159,c1ce0d9fd2d00c96c2b1e222d75fb1d92455a070cddd80ea3b43d4f00275afc8
raw_ipfs_metadata/873.json,1147,77248e92e5274df410cce65ba86aba60744df006075f988c919d55f865c13c70
raw_ipfs_metadata/874.json,1164,90bb9e4526003e5df5476cff5fc816ba24c35421eddee0bf995e3c6b1a4ea16a
raw_ipfs_metadata/875.json,1161,76b9e8017077dc78399e0f550fbed2652ad829874c6ff9dd99a887555d491aa7
raw_ipfs_metadata/876.json,1162,9222b81d2b79e5e64628fea6de0d3f17c2b51877351aee93ccb44f13eb3c6d17
raw_ipfs_metadata/877.json,1163,f74ea1d79fd3503b51517d431c57f551beacfa91aaf2435c7b60d0f50fcffc72
raw_ipfs_metadata/878.json,1165,6e484473585081c64430793e905c00d7bfd39c3c8e59155e25d3d960af58dff9
raw_ipfs_metadata/879.json,1147,44856d6f2cdabc614ee96241885e3a094843a9482339fd46f26d5dd31c85018f
raw_ipfs_metadata/88.json,1151,325c008c2906f4daef83b5249560f388ac9b893843a54c0fc917812c1f53710c
raw_ipfs_metadata/880.json,1150,2e5153111907da449a418e3756f82240e7452fab8bef88820800f29d818522bd
raw_ipfs_metadata/881.json,1157,8003e79591f0304b415ec5da190e033c5926707302e8f6e68811863f47e1986d
raw_ipfs_metadata/882.json,1165,c9104f54d3d0f9d02d19453d4b30fb58da4e70a0641c2564af3cd3c126f28f55
raw_ipfs_metadata/883.json,1162,ed0683ddc300210a0ea7ee382deb9cddb30dab4d5eef941111cc94a4bbb442a1
raw_ipfs_metadata/884.json,1174,eec7edd5818ec48ed5b4569a1b8b97743d693406b95b6c9e12c3da1994b21e51
raw_ipfs_metadata/885.json,1167,f20e83a11e6b988dfd4fc4f1440d5a56014f408eddbd0597e85f47ad5a87a480
raw_ipfs_metadata/886.json,1159,2dba149c01bb4068c29ccfb072597424b7be24820fb78149f2e3e8d92f518eeb
raw_ipfs_metadata/887.json,1159,416d15fe94d3ab55f2dd7b2f018c84d5060f20e943131ff9c286c3811e865f3a
raw_ipfs_metadata/888.json,1150,f211140c55cfabe7d4bdb048b4c6c810dd4dff2f02fe227bcb3fe4f802adab49
raw_ipfs_metadata/889.json,1147,59f058987e689776ce78467afb7b2b37b2f92da71b80e1083ea096eb0c919dbd
raw_ipfs_metadata/89.json,1140,471dddda59659e00fc58e68bf09abda0357449d489a4f0ae5a294270890f254a
raw_ipfs_metadata/890.json,1156,526710300c42cfc34f882150c39c6a947a6a992f1f6c7b06e86b01f0690c269c
raw_ipfs_metadata/891.json,1162,b5e32a483002d3da4bd33a7b4f02b6681ae652f9c4294c2905647d8fe2a124d8
raw_ipfs_metadata/892.json,1156,b62fb2210a84273f0cbee2aff485291913818a30864adea24c5b5be4f5bfe63b
raw_ipfs_metadata/893.json,1159,578c66c184ab06fac0c41e55a6aa4341b03fd9e34009a12f24824f1557210e8b
raw_ipfs_metadata/894.json,1153,47106e91adcdfdc5b1c89e92ad27773eb2dfc2f8a0615e609028b79146e5c7ce
raw_ipfs_metadata/895.json,1150,b2e25ab86ab4c562f006d7bcc5f3b42e1fb491b3218da891c264f7e4782af68f
raw_ipfs_metadata/896.json,1158,98718ee629a24116bbbd66670e6c5cdd76c435f90ea69c242ecd0eca12f48cd8
raw_ipfs_metadata/897.json,1168,be52fd8042ced0649272dcef219218bdc52a31bb74498f01b3350bddb53325bb
raw_ipfs_metadata/898.json,1162,0b4d1d924211eb204e0ddda6d0003ce84a9e6fb6229b256550f2cda2bc2352c1
raw_ipfs_metadata/899.json,1162,b67896b90d4a1db0cf02772335ab33fe15a4d34d48f2dd736c40d6057a17ba78
raw_ipfs_metadata/9.json,1157,cf45971c6b10e4b316ce536f8c358c1ddc9a93b3598ef18929fca66659861242
raw_ipfs_metadata/90.json,1161,9582bd48cc957e9a942702ef67716dc641230afe34e90e94f5df45277bf14deb
raw_ipfs_metadata/900.json,1156,4dacb5990444d5b2bbc4968ba5bcaddae01bb9e63b85ddbec53b84c6c101d7a6
raw_ipfs_metadata/901.json,1156,056fee26401aae33b782a13f22ae6d5d8905386c50c55dfc131e5c1766bd4b8d
raw_ipfs_metadata/902.json,1156,3f2a77f4b4e074bff5f2837d0348c241da66d5b3c343bfc8af7f196ab948bf10
raw_ipfs_metadata/903.json,1162,c2837ef700fc57e32401a45afc93074ed1a0a57ce7778dffe84c2d805417f1b8
raw_ipfs_metadata/904.json,1161,48aff0e736c867009d669f91c965e2a5f088fd32bce520fc7ad8b1cefc058fd9
raw_ipfs_metadata/905.json,1162,fdc635a8e97a81d6bbb5b5f8d4864a22dfd961f130fed6e4e069993a0519200a
raw_ipfs_metadata/906.json,1146,d5ef44e7fdef4a4b3c8440051aeb553a220d79819da13423aa8434614574ff61
raw_ipfs_metadata/908.json,1153,71328ff711fa2e0077181542d59272d3eca505808ed7002e898bd59be36d2d09
raw_ipfs_metadata/909.json,1165,eca3d9e3f61610b47729c732e37ec3a2b47657ad2164a568c763713c1c5baf7e
raw_ipfs_metadata/91.json,1163,77caca1957bce33eb96bc07f50fd5b88839226506539ed1002f52f06109b2300
raw_ipfs_metadata/910.json,1174,8959d681ca1111ef6983693b8cbd6a4e4a20b4d468c005e2ac85e764775b57bd
raw_ipfs_metadata/911.json,1156,65678aa8dc3efba2740258cfacfb7a881025030a2941e81cd5fbde6c01dce8e8
raw_ipfs_metadata/912.json,1177,99d66626b9306825cf0e983c1eae51b96759f10137ab35a5f2e37819a25d8dbd
raw_ipfs_metadata/913.json,1144,8cb4b0c8dd09cefd24e099c4a842d9590ca65bdbd61a35705f40189972f8cc0f
raw_ipfs_metadata/914.json,1170,47a9652f5ed012b4f10632739ce867a8b5275a8d0ae870891dbb0bd1fd338384
raw_ipfs_metadata/915.json,1168,f8aa6291e031158de2a39a933d5ad8549e182946e914c939c5dbdae3ad70b823
raw_ipfs_metadata/916.json,1150,7b325287cc9637ebf19531c01d22693f1d609f623ceeac71484d71d04743086e
raw_ipfs_metadata/917.json,1168,f26f755e4fcfba9e397a29dc95e0d8a39503de1abbfa40af314ae54e58e0f9a6
raw_ipfs_metadata/918.json,1153,cbb86db1b2ff93e538ee3100a3101013e2587a9e6d570da87e94531a73b2b69b
raw_ipfs_metadata/919.json,1159,c50f909ddf02a0b87755de4f63c5fce49601e91433a676dde4de12bbf8715b7b
raw_ipfs_metadata/92.json,1152,d03b6164e5a7647eabb6e7965e967b4d175870226f15675d9b50c09d19c4d221
raw_ipfs_metadata/920.json,1159,dc189823fb5b78ee884b02a6968cd809ac7efd24b7349eb0621ba290c155204f
raw_ipfs_metadata/921.json,1164,61ef5e7d1ae2d4a361c2af3a07bdcc15ecf1ad4b9bc0dd5f9c9b0aae791e5f2b
raw_ipfs_metadata/922.json,1162,2dd220615e6f44bb8481d10e3777653ebeef38686f10fad361a138d2d227728e
raw_ipfs_metadata/923.json,1150,978ed53fff6fc55c6c01d85511f522de1543d4b40d1ae596e3176936a5c1bcbb
raw_ipfs_metadata/924.json,1156,8931acf511b05078a3fd91371f727768e1596b3367dac816383f6221bc033163
raw_ipfs_metadata/925.json,1159,625e52d549263c5aad7a85d93c507575c90cf3492e39df28e99620c5a52dfaa9
raw_ipfs_metadata/926.json,1159,b53079c1692a399e9c49e00057fbb1366cbf70ba1d45068d473978dd49d86226
raw_ipfs_metadata/927.json,1150,7cd9e45c05114ee5518b7c8cd52f6baa1e3bb63d6d5acc8c053172ea0b7a4082
raw_ipfs_metadata/928.json,1165,b8338c971cec327dd00baf735e079a58b0038dc87732bc1f63762019359e26ed
raw_ipfs_metadata/929.json,1159,8ce1ea818f9fc16a892b59634d4f4e94a965da573293d175dd8a817d51534e7f
raw_ipfs_metadata/93.json,1152,c7dc531a5f226daf05757bfc458548ca0007a89cba3dea9da4b18b5572830b63
raw_ipfs_metadata/930.json,1144,910c4139d474e8a9707b250a435d7e4c878c7b0c27a3d97d8e27a2c266296ed4
raw_ipfs_metadata/931.json,1171,76da110469f760b062661513bcee5c4e4d90e933f44884005e8e43ddfeb30517
raw_ipfs_metadata/932.json,1155,47d440a5cc461bdd510f5524b059cb0c29fe95a7ac7a8377226d1854e608b81c
raw_ipfs_metadata/933.json,1153,c8bcfc231413d3b44cdeccf637d3beac0ff628cf9a6655037c3373f8de953af6
raw_ipfs_metadata/934.json,1147,3100f36d7103cb34e0278a488dd5b6f09aabc12009aa61bbf7602bfa7db4dafc
raw_ipfs_metadata/935.json,1165,aecc222d7fa495b5fb7759d60fd6da39b71a0751fe346b77cb2cc016c3950d8b
raw_ipfs_metadata/936.json,1147,439a9f1c3580358d016f9bcae4f4afdc70a8ff56ab045f884f0930f88bef41a9
raw_ipfs_metadata/937.json,1171,ed9f648d893612f4a446f8d3ba9709560c1bc87b07f327a61c9495f734a065b9
raw_ipfs_metadata/938.json,1166,47e830324576e316aa4a684ae2f2d8240908f45edce51e3edac70fdc277792f7
raw_ipfs_metadata/939.json,1163,5e3913d1f16bd9b10f14ce51c338502b1c8715cae08b830da3d9649575142050
raw_ipfs_metadata/940.json,1150,a268065f6ab363e3bc4e3898b0eb6c0f69e5ef253a2088452cbbfe87d1519243
raw_ipfs_metadata/941.json,1150,698c80603e38c30d3a2da8fa700602ecdf1bf291caf11ae9b84d3dfadc54f9a2
raw_ipfs_metadata/942.json,1180,cbcc1a6f1738b7f725812af3b3c8437f48e7ec5ee0ec42f1d0060c7972310200
raw_ipfs_metadata/943.json,1150,49a345f023eeb369817b17dd9a1684346a93a3383db4b720da55570b7128236a
raw_ipfs_metadata/944.json,1145,4d9a26af4e3e52e1a4eb949083a06705c540b6d0d8125304e76e31b4eb29a412
raw_ipfs_metadata/945.json,1155,992793068a3ecba2b6e088732d1afa6c8384a068701d3c0c4bdeed455ca8f828
raw_ipfs_metadata/946.json,1144,9bac08c90f4d3b1720b617de52204a1f5489199e4bcb094a3b841700c5c4d9e5
raw_ipfs_metadata/947.json,1140,0f3303d6ac9f3c60d8d814dda1b3b9c129897a82717cf4867010b1ae8da6a09a
raw_ipfs_metadata/948.json,1150,b660bc9f163dcfc26cf6d38f623396d312f2bb98f8c96d585d1798aca6228ff4
raw_ipfs_metadata/949.json,1144,07ec04bef03560bb9c83b67549be2d3c360b44f1b8ea3c7c1c2aada3ef9159c3
raw_ipfs_metadata/95.json,1143,93410b61478e52eeacb10c256c57ecc27951c0e0fd231bdb4386b1873da3092e
raw_ipfs_metadata/950.json,1150,a04217e13e76f7146e4d3916e5e1bcf3dec96b2cd97cc2168f60c9ec67bbba3e
raw_ipfs_metadata/951.json,1156,ae29867749b5600d6dbb5b3410c7e49feb3a91e2789f1806cc81098c00e86779
raw_ipfs_metadata/952.json,1180,2e3d5b50b7c4d015ecb75723784bac3cd8628e792db3ae44a3a91d55fe3dfdcc
raw_ipfs_metadata/953.json,1155,b71ee19fc32b6852302d9f4632f8243ba2e511430bc8d52021789df3ae257d02
raw_ipfs_metadata/954.json,1151,472e9c8e03809a10ad5f2b0fbe846942d128bb5f10e90d4a48c83cc985b5c432
raw_ipfs_metadata/955.json,1162,7cdc8b36bccffacf87585b9e22d4f0d5953cbd567e2a15319093a37266c1e724
raw_ipfs_metadata/956.json,1165,11df1b35ac38648ce18d13967264310260dc1e47247f0aee982473fac5049e6c
raw_ipfs_metadata/957.json,1156,6779deacbad79d20d53d0d10de00eb471cc4243bd58fc7171b0feed6745d514b
raw_ipfs_metadata/958.json,1147,c9bca2fa9b49ce8de673e27af86c3819a8b5defb902d735eab93f3dbbdbcb7e5
raw_ipfs_metadata/959.json,1160,b6305891600b5e7ca44cf02a5bfbfc03b1f49316f0bcf1db6b69293c4e10e471
raw_ipfs_metadata/96.json,1170,845618cff4b8e1a4b4e4982da8645c49366fc59ff903126b58054a586be0e7b1
raw_ipfs_metadata/960.json,1145,952521001d45eae1e680e1f683945b04dd6a13ef9426f2f0aea287edf1765e5d
raw_ipfs_metadata/961.json,1165,8f9bc6a4494054c2500ca8762930cd3c3df8bb5e2244e645f04e6b8afc16b7f8
raw_ipfs_metadata/962.json,1150,6a395a84f26dd5ff155f929afe6808330e76a8b39b6c7bd6847a0c865a483040
raw_ipfs_metadata/964.json,1162,ef2fe9ec3e915efda211d819804495653c4a93eba3ab9a5aae40369096ef9c3c
raw_ipfs_metadata/965.json,1162,9ebba1b2765faffafe8fbff846ac10f968df2e3f7b6ba803d86b45d364722fe7
raw_ipfs_metadata/966.json,1162,18c806852b1d82ff8cc9aee240fbebabc10e4fb68fd83251b1cf5e32ef695bc5
raw_ipfs_metadata/967.json,1138,7a1e7737b24ca93a1d796403b4e84ce089eca96201313523ae61fa982191b66a
raw_ipfs_metadata/968.json,1154,e850387fb8a10dbf55f732d0a1b12a80fc22efc851c9b9456cdaadb65d3ebad5
raw_ipfs_metadata/969.json,1158,7a215268c90607f61e7af2051e201c75bc47099c487ae653e7571cb251e566df
raw_ipfs_metadata/97.json,1152,ac16b0fe3770398f37645168845e32d51eb0fd522f8a64b67abe8392358a45ec
raw_ipfs_metadata/970.json,1155,9181f548e7bb17ccd50f0619fa44c55194c46ae6a1aebb032dcac5e55561516c
raw_ipfs_metadata/971.json,1156,2857ceeae05ba82cbdd223cf50e8672c19f34011e929daf83deb49092603526c
raw_ipfs_metadata/972.json,1156,c73c5140d3b40e141870392939f3561705cdfd94a964fccb6cd245b141c3816d
raw_ipfs_metadata/974.json,1179,88f3336e25ed348a3a7cdaae71c676beb3efde63fd61937140ce26fbf87220d2
raw_ipfs_metadata/975.json,1162,3adafdc11bf1eb79f6b43052b09d65c060bc5bd4fccd249752b176163727a85f
raw_ipfs_metadata/976.json,1161,f7f67b507eb9f36759b0524cb2670b5332b0144f456d147cc227cb742326ab47
raw_ipfs_metadata/977.json,1153,01b0131ba1b12df891c43103580d7c05be7dbe19b6870de3e590df3ea75d36f2
raw_ipfs_metadata/979.json,1159,7eed3203369f1e50b79fb7f76f07fb340f319a3c21a90667f6e6e7b3af718678
raw_ipfs_metadata/98.json,1149,3c321e7eed6f93c4ee0553d7b8e564294766fc4b8118787a9a348fdddb536c45
raw_ipfs_metadata/980.json,1156,fc82e1d1745dde825c64d90c4625d47ea8b53e9078a3fa0fc19e003f200c4374
raw_ipfs_metadata/981.json,1150,4db84c646b58f13cbd60b83ee725592526a5f382caed9dd847a2c9731fe1ff5f
raw_ipfs_metadata/982.json,1154,5f4983958d56cc3d06312824ee391788a98259b75bb24d2f3f9fa2e9ecaed673
raw_ipfs_metadata/984.json,1177,719a93202aa92627488c8609ce00414d2f0737a52410411a3d5d35cbc6d68ac4
raw_ipfs_metadata/985.json,1159,7a3e6b8b44194f0332011213abf70261fbf1d1d5ce8deaef3bc92c35568fb8c6
raw_ipfs_metadata/986.json,1153,bf371ed04dd2e8dbf4c4763e7e8a06851644ba8ca6065d58eb233af5d5a50f23
raw_ipfs_metadata/987.json,1162,27ed81ac84300932e4cb65b187e2b5ac0eba889f4f5119510926d6cd56be9e7e
raw_ipfs_metadata/988.json,1153,78b65331f4c45024a8e54172e9772e6218f1add278540c571c9dd424f86c8ef2
raw_ipfs_metadata/99.json,1173,37e21a05bbcd291330ad81a4d9f64f26c8a5ef087b2d80ac86453e658cadcb99
raw_ipfs_metadata/990.json,1162,b325820dca9129040e56d854fe9fd618f3d2b0d3e767158d84a580c57973e8fe
raw_ipfs_metadata/992.json,1165,7600d96d58d32debf41062f069102f816c87175913f2b56615db814d57456933
raw_ipfs_metadata/993.json,1156,f95d3fcc8c2683b290adef294b1d8812e1f5e16cc2bd93ff7f9507d5b87bf8d3
raw_ipfs_metadata/994.json,1162,93a66da1fffdffa5562e2a7f2b56dbbd32fd2eb3aca943687dd6bab1e924df2b
raw_ipfs_metadata/995.json,1163,464aa9312e866838eea4cbeb170eeb886b8adc59b47c34986fcea6977279cba9
raw_ipfs_metadata/996.json,1161,3b5db515f8bec81fadeb30007211728fb7606102db96f103c43b90bbeadc9948
raw_ipfs_metadata/997.json,1144,7dc8670dbf959b7c7aab2e84845335e341d1fb08f67be621bb30f450fa064d32
raw_ipfs_metadata/998.json,1162,0a5e9abce23a4ae8e15775c938fb4c1caf684fcff6ea04d7b964daf7e5e98fb7
raw_ipfs_metadata/999.json,1158,f783f813aeedf0f59afb2cc28cd2cdc776bd4e6f2c8ded920eb0e93226bd6040
scripts/make_airdrop_batches.py,1792,6609c3fa63afce3ca9fd04b9326a57ced822eb6dc252e5de329ba7b8739ad9df
scripts/make_manifest.py,1022,2b712810650b3f10c897b01b66f90c33b667336ab8689adb85bcaaf12fd78cdd
scripts/make_readme.py,9216,4e0ba7f87289a8d949cb7efc592e3a4ff17d1a85cb2b50e914cb68551d7442b0
scripts/recovery/README.md,674,0608977a1c255a93bce9733e6ec6d72353f03e7ada20f65fb125199aca3daa11
scripts/recovery/build_package.py,10176,788079c11217157e337b48acc665e4febfec93569cb31548ffedccd8bba3e9f1
scripts/recovery/fetch_metadata2.py,2596,2a68448d704d9c95bc11549d51aa7c24d261acff621e10165a934e5829681761
scripts/recovery/fetch_okx.py,3165,b37bb3e94e37a35d1b1dc875a4630f3d34392cb45c837a9473a3fd1596cfc0dc
scripts/set_image_cid.py,2852,dbbdea5822f4cf9d5908ba37a0b32f3001b704e173d9cf0b88e57337034aed0f
scripts/snapshot_holders.py,4581,32457c3a7eb5fea2586686e95d9902bf441ccc83f3d63200e2468f66b7f0e4b5
scripts/webp_to_png.py,1019,f97a497882db38caa38c3f1db840c229fc22ee133cdac1c9b25010488ddf6455
traits.csv,146397,99b076e51605533328a4347246652579fc3756fd6d59ce0a05db356bd34b1e77
